mood_score_avg_7d,sleep_hours_avg_7d,steps_deviation_score,anxiety_level_avg_7d,cycle_vulnerability_score,gps_entropy_deviation_score,journal_sentiment_score,emotion_distress_score,crisis_probability,app_engagement_score,missed_checkins_count,mood_sentiment_divergence,screen_time_night_ratio,social_connectivity_score,depression_severity,source_text
1.970387613292409,4.575478890912663,0.3335620452382205,4.605904639812859,0.6275536062479663,0.4166451793549619,0.9040794061662777,0.7659612450306046,0.4310793150047082,0.4936292397896517,1.0,0.3040794061662777,0.5084917984891353,0.38269026255384786,2,my doctor think that sertaline is better for anxiety but my fatigue specialist insists that citalopram is anyone with real life experience of either or both happy to share their opinion thanks
1.0,4.002170943044351,0.788329633495638,8.89142693227965,0.7728924124346803,0.9105393879198659,0.9734195395280295,0.5426531052128281,0.8379098159764701,0.17655244481401475,2.0,0.2134195395280295,0.7213492008630824,0.20977254013912988,3,must be depression fr
1.5125951999198621,4.8374137854331005,0.7040060723876,9.540009018787803,0.7480918711272988,0.8693478268027638,0.8990513755130958,0.8486481523961092,0.8123851570951981,0.21230506641186891,5.0,0.13905137551309577,0.6467627179148906,0.09515401662736589,3,this ha ruined my life the only thing keeping me from killing myself is my baby boy his mother manipulates me she s emotionally abusive and i don t know how to stand up to her i can t i m so afraid she ll take him away from me i can t keep doing this and i can t kill myself but i think i will i think he ll be better off without me i m a mess my finance are a mess my emotion i can barely take care of my own thing i m in so much turmoil i constantly fantasize about offing myself and every few day i sit there 
2.834749684071662,6.759168009520399,0.4312405756418706,8.304152655922952,0.5556186246841094,0.48001483173189946,0.9297925115245438,1.0,0.6135834312152932,0.5454215390508198,2.0,0.3297925115245438,0.46108616744790154,0.4341438128576083,2,i am no job no career suffering from severe depression and anxiety for year therapy med nothing help suffered emotionaly since teenage now m here all alone no one close totally done with life and thinking to end it thank u for reading
3.566006548016965,6.470275505600245,0.4712846602702102,1.0,0.1500055232966131,0.3160991670576128,0.0,0.2876059650463323,0.12385338125826294,0.7129364234379121,0.0,0.36,0.16496147014308205,0.7875924538081196,1,endearingevania i sure wish i could go with you guy tmrw but a per usual school interferes
3.339097224007291,7.189873783726014,0.41635777946920666,2.201945578085692,0.3883900501812809,0.1707150726281735,0.4055305008385735,0.5726281989531083,0.04164863217935205,0.5954254190888955,1.0,0.04553050083857352,0.20941997824731653,0.7264896122093525,1,bed is painfully tempting right now but if i take a nap i ll probably wake up at pm
2.116132057946219,6.963404091867178,0.42325763911370673,7.9099821397631125,0.6271398640077018,0.617275537622687,0.6544217293586599,0.9016969882371394,0.6062287341595797,0.49720035591459594,1.0,0.054421729358659965,0.38353437915680466,0.387457073743105,2,just called out of work today i m feeling like i let everyone down which i know isn t the case at least i recognize the anxiety
2.072297951103512,6.678105206096606,0.7988951741163248,5.239780609511768,0.7715671641409916,0.39692619252644057,0.7457013288411961,0.6546581724950684,0.47369260055135454,0.39751189776997387,0.0,0.14570132884119613,0.43027369573943786,0.5194314895322778,2,i don t feel like myself anymore and i don t think i can be fixed not a day go by where i wish i didn t wake up again i don t know what s wrong and i ve been trying so hard to be better i just can t do it anymore i m so sorry
1.7823276231348493,4.749373122579454,0.31564264738843706,6.992028820103263,0.44098161032804395,0.5191054979125692,0.7528090802253097,0.5656449441279399,0.5636967748029197,0.4562471383616243,3.0,0.1528090802253097,0.45050994501483377,0.4765403461945068,2,i live in my bedroom weekend burn by fast with me playing video game i bought a new car but lack will to learn how to get comfortable with it i want to do thing but i don t want to drive myself to these place in fear of crashing into something and my job is easy and amazing pay but somehow i find a way to disdain it and my coworkers i want to start dating again but all the sudden i ve become embarrassed of who i am i feel like i m boring and not really interesting to talk to my coworkers like to find my ins
1.363558275449055,5.421413671869044,0.49950716867682227,9.156695668353393,0.8005845166452171,0.9473960057158755,0.8636471038261876,0.736445989214624,0.8968726460614186,0.20650102605937184,4.0,0.10364710382618758,0.5972462220859125,0.3521186439669395,3,my dad killed himself and it left me with a feeling like i want to kill everyone in my family who s moved on since then i m his only child my brother is now a stranger to me my mother is my father s killer i am his only survivor i want to kill myself
5.0,7.773020787285039,0.0,2.2038024501564983,0.20169224225338436,0.14030498582216772,0.06374641642389756,0.0,0.1779707584268274,1.0,0.0,0.03625358357610242,0.1629496816740543,1.0,0,grrr my ipod acting weird too jai ho and thinking of you aren t playing the full song ughh
4.137431750769794,9.47014455800252,0.0,2.755159543386684,0.338018784765177,0.0,0.40901041079837275,0.21788739829389844,0.07578006494992165,0.8410418290873152,0.0,0.30901041079837277,0.04549812709220488,0.8277171019521093,0,sitting seb and waiting for hour bad customer service
1.517680783931837,5.253662341663322,0.5443832119593053,4.990921662974767,0.6640756551035076,0.6575842594763636,0.7305650423269271,0.6130419645986966,0.46033614731335415,0.4724443977245275,1.0,0.13056504232692712,0.6084466239894909,0.5247467983151903,2,ha anyone had really intense brain fog this year i mean it s been pretty bad before but i genuinely can t remember stuff and relative time is confusing sometimes a day feel like a week or i ll think i discussed something with someone on monday and it s been week and they ve been waiting for me to follow up i ll be halfway through making a decision and it take me forever bc my brain get stuck and then i forget what i wa even trying to decide
1.0,4.041156492642523,0.9117665355641692,10.0,0.6508058909854872,0.7504609528396484,0.7742592636344408,0.6410002415531879,0.8209464760380691,0.2689316224999326,4.0,0.014259263634440744,0.3923322048319282,0.31676668074004166,3,my anxiety is so bad right now i have been vomiting and have bad pain in my stomach and abdomen lot of sweating and extreme issue sleeping last night i didn t fall asleep until am and woke up at am in a complete panic eating is very difficult for me right now and i have a sense of impending doom constantly is there anything any of you do that help with this how can i bring this up with my doctor without being committed or something should i get a short supply of benzos to get through this time i just need s
1.863587754580557,6.712832081631258,0.6765157154582598,5.039177687679184,0.6538699258301245,0.666463312452155,0.833864789727593,0.826061885485777,0.37480445213568825,0.5926817101281878,4.0,0.23386478972759306,0.48143805107642135,0.4213495800741331,2,ive been struggling with my mental health for a really long time even throughout secondary school the only thing is ive always pushed it down and gotten away with achieving my academic expectation despite how im struggling ive never told anyone about my problem not even my mum i guess i never wanted to worry her and also took alot of pride in being able to handle myself and not needing help from anyone i guess the combination of leaving it untreated and uni stress ha made it get worse and worse to the point
4.8822341178978945,6.986212945714311,0.0,1.868621442437291,0.20102522168726972,0.12144775491904043,0.15704981232650703,0.26031319428382776,0.06296670666661483,0.9324707365877009,0.0,0.05704981232650705,0.08080385688644118,0.8722340112435846,0,i m having a panic attack so i can t sleep distracting myself with tv and internet hope this go away soon
1.0,4.560402626399162,0.867561493428531,9.755546912156287,0.92360385250571,0.7776906138538642,0.5665105569310508,0.9061248654223975,0.9119135916930998,0.06033280395704274,9.0,0.19348944306894922,0.6272517263997925,0.16244229354244388,3,i ve been on this for week and still barely have an appetite i even got nauseous going to the grocery store today is this normal ha anyone else experienced this it s been great for my mood and communication but it mess with my diet i don t even want to consume food really keep in mind though i did used to emotionally eat
2.5078780657290425,3.436870465234002,0.4836941253953679,4.574378477541557,0.34912410561248924,0.5870221416215528,0.6266281763860987,0.7069861086416047,0.29609728423357284,0.17850921646841267,5.0,0.026628176386098712,0.3785215282607431,0.39363468887607955,2,some backstory i have crohn s disease but am currently in remission so physically and health wise i ve been doing well the combination of medication that i m on seem to be doing their job and overall i feel pretty good so over the last year and a half or so i ve developed this awful anxiety habit of being terrified that i m suddenly going to get sick and need to shit and not be able to find a bathroom when i m out and about and it s taken a toll on my everyday life i can not leave the house for work in the 
3.885325770404633,8.441943620871566,0.07490258181448302,1.0,0.0,0.0,0.37002081737613146,0.31199850675840474,0.13984487255235484,1.0,0.0,0.2700208173761315,0.0014599849969383627,0.8456987751719235,0,hmm the work is not easy wasted two hour for a silly mistake now one system is too slow
2.7954868850334624,7.602968607269899,0.5877390777471796,6.1181893230697355,0.5056597913240102,0.5775227549577735,0.9629449772764365,1.0,0.38066245387349773,0.47191132181526024,4.0,0.3629449772764365,0.2854569519711839,0.6166013042666572,2,i am on the verge of going absolutely insane i can not take being alive anymore i am a prisoner in my own life i feel dead and so alive at the same everyone in my city at my age is either weird rude or awkward modern human are weak impulsive and oblivious i hate my generation and i hate how the internet ha ruined my life and so many others around me i feel like i am living in hell and i want to die nobody is at my level nobody understands how hard i try every person alive is a weak worm that deserves to die
4.144496883975468,8.11663007158798,0.0380740584205287,1.0,0.217734910571159,0.10058985098738096,0.48981243262206775,0.0,0.006833399841023907,0.9654325101980346,0.0,0.3898124326220678,0.00039016241530706597,0.8599614718848612,0,hippychick clarkes shoe don t fir her they don t go small enough for her foot we have to go to specialist shoe shop
1.9056700210907072,7.271215922625462,0.380521170063147,7.04398463622711,0.4726408129421435,0.5275899130851462,0.8803187127718999,0.8502239504457328,0.43461989014310964,0.5053389086950381,1.0,0.2803187127718999,0.48130967054200524,0.5123734888321628,2,garygensler secgov aarp finra fordhamlawnyc miamilawschool gary people don t care what they want is clarity on crypto the howie test is outdated and became precedent in an era before the internet even existed let alone the blockchain the sec continues to behave like we have just come out the great depression stifling innovation
1.8988740841082778,6.324710907216336,0.504242834173501,8.00560891281627,0.5655832726508369,0.5064591442631593,0.6200716590804989,0.6168336294563572,0.5036525540850187,0.4167956405398977,3.0,0.020071659080498905,0.4714337643412856,0.5172352557148925,2,recently wa diagnosed with gad and though i kind of knew i had some sort of anxiety disorder my whole life being diagnosed motivated me to stop avoiding and confront everything i started going to therapy and i learned a lot about myself but the more i practice mindfulness the more i ve come to hate myself i ve spent my whole life constantly caring so much about what others thought of me that i never stepped out of my comfort zone i feel like i have no sense of self identity i convinced myself throughout hig
3.2132628475985343,6.070246626717859,0.1986104997953653,1.0,0.171194289115512,0.3494198368996355,0.5038847111602556,0.08168477740275615,0.09759676608421033,0.7301003872072763,4.0,0.14388471116025559,0.2925145860043457,0.9311130895102913,1,it just make me happy over and over again i wish i wan t afraid to fly http tinyurl com skpp
2.788232934518835,7.189535800090136,0.22294353462473343,2.7140810207164074,0.4154463212427696,0.17602607611356907,0.6838516603044067,0.23502472416050488,0.09530081306358966,0.7148335509901239,2.0,0.3238516603044067,0.43588717532377014,0.6256321703268944,1,about to go looking for shoe for my brother looking forward to torquay in april not a sunny a yesterday here
1.7046294233211567,5.292449115448478,0.6777326144595797,4.644314835968381,0.37469424684498764,0.5329596779416453,0.6246069068304243,0.5993442675396444,0.40836746486160186,0.36604092715325465,2.0,0.024606906830424324,0.3539983742523345,0.5744071319494946,2,iamdepr 9 have you talked to anyone about how you feel mentalhealth depression
2.0679402331883,4.892918169961812,0.7475628203359301,8.579800236997585,0.8308922234393171,0.76352183806851,0.8452044275595019,0.7789932955221138,1.0,0.00630699070791052,8.0,0.08520442755950186,0.5273191657125601,0.0,3,i feel like i shouldn t but i do i m tired and i m tired of being tired i m tired of feeling like i m broken and that i can t do anything right i m tired of feeling like i m in the wrong place and time and i m tired of hating everything i really hate everything most of all me i m tired of feeling alone i m fucking tired of it all i don t know what to do but i know i can t keep up with being a smiling shell i m going to fucking break if i have to keep trying
3.688169668500192,6.968181469218338,0.0893564613246025,4.11867702839182,0.038595262371367706,0.06207501180618651,0.08265017776699682,0.1826205982923938,0.0,0.9760310662080233,0.0,0.01734982223300316,0.0,0.9239068556530328,0,let s hope the sore throat clear up before the break and is not a pre cursor to illness over the holiday
4.284962861682635,6.269807159097365,0.0,2.50010792006875,0.0,0.1429621769696583,0.5647287812656183,0.16005056611183904,0.0,0.862999190826724,0.0,0.46472878126561834,0.1499198186736436,0.8738628328827746,0,feeling down
1.7651850767852189,6.023181490601764,0.672968889249397,4.983886704971231,0.7464382036296108,0.6055341646200472,0.6277283690588594,0.5988788490532819,0.48896059726354557,0.4455402470898484,3.0,0.027728369058859448,0.14325487141419135,0.6395592495472041,2,i have a friend group at school yet i feel lonely and helpless i have anxiety and depression i ve always been a big guy 9 0 pound and i ve always been bullied for it i can t get a girlfriend because i m ugly and socially awkward i can t focus on school because i m always tired i can t talk to anyone about my feeling because i hate letting people into my bubble i miss the happy and innocent me at young age my mom left me with my grandma i hate to think what s gon na happen once she dy i hate myself i m asham
3.7629557084679486,7.336724917840733,0.16826082799132558,1.0,0.22049501944951672,0.14917376072152405,0.2792761842726734,0.0,0.08003486825311294,0.8351838396297884,0.0,0.17927618427267344,0.12093789379404257,0.7168813134677718,0,missed brent at praise band no fun to not have the your lead guitarist lt pout gt
2.960124774099854,9.545164402621705,0.3138122409102301,1.722521083892305,0.48618607818572895,0.5444540293371489,0.1950359697693377,0.0,0.20823445900086698,0.656399934656451,0.0,0.16496403023066228,0.23891019105724726,0.878875446698825,1,added the dns system compatibility is okay and am looking forward to the possibility now open but i need to rework the intro sequence
2.6416770332438118,3.23661988195908,0.295371321109781,7.279314725105566,0.2786328388204166,0.6402678262508854,0.8755956840055813,0.9371323019903036,0.5108031837480776,0.49502816785222425,0.0,0.2755956840055813,0.41164124123265083,0.5323208092862912,2,im getting diagnosed with pure ocd and my doctor told me i most likely have an anxiety disorder a well i never put myself in stressful situation so i dident really think about it i dropped out of school
4.918099947962561,7.966654142170188,0.27078499007015816,1.0,0.23322780697114218,0.0,0.1204205378089134,0.2094922895965947,0.06755466509224167,0.6946783032618392,0.0,0.020420537808913425,0.09772478279063261,0.8727091584800731,0,kremsersenf away from tubingen and the germ yes away from friend not so much
1.3153622869733046,6.673093859138612,0.5431570306056821,5.62691372544586,0.6945345846982379,0.5138609235383506,0.8621982170267553,0.8500646082467171,0.40800058227118524,0.2881716155481532,1.0,0.2621982170267553,0.6029404521024004,0.41409694174299316,2,my lifestyle and world view for sure seem like a depressed person no motivation almost everything i do is anxiety driven privately my life is a mess and who doesn t feel like we re all screwed nowadays however i usually feel happy or content at any given moment i kinda just don t think about the problem and vibe i m usually having a pretty decent time i m not often sad or cry thinking about the future is upsetting and overwhelming but i try not to i keep getting diagnosed with depression i can kinda see it 
2.981821746973429,7.1209895882558385,0.5301967801596448,3.8642401679159843,0.1827739955396279,0.18496413133645478,0.0,0.22819964058052358,0.0,0.7441684871899982,0.0,0.36,0.07125257422577769,0.5389682240690316,1,where is my phone amp good food aaaaaaaaah
1.8919338640796226,4.982048903933551,0.5940005148463627,4.476763134537249,0.6925118501586944,0.5862025945970727,0.6173027710141689,0.7484470906191139,0.6920624319804765,0.6693622338711196,5.0,0.017302771014168883,0.5843750576208615,0.5366572253696216,2,i m 0 and i m reverting back to my year old self hahahahahahahhahahahahahhaahahah fuck my life i hate everything i just want to not exist
2.3835625765315647,3.6580925571518974,0.7706784727400311,10.0,0.7176309397974755,0.6532591370438436,0.5813639458488422,0.6773525003582874,0.8934275783635731,0.1545366882262247,6.0,0.1786360541511578,0.7198081311926842,0.32839852257761404,3,i have always hated myself and have attempted suicide several time for the past year since my last attempt what had kept me going ha been focusing on changing myself to become someone i can stand a long a changing and improving myself felt possible death didn t seem like the only answer to escape who i am despite covid i have liked myself more in the past year than ever before because i felt like i wa actually making progress on becoming a good person in therapy so it felt even more do able then four week a
2.76292655543015,7.22507096197194,0.2751202891326471,3.86384025415225,0.258769496747227,0.33598614393884246,0.0,0.05012803718727943,0.010775562407338332,0.7796248037158815,1.0,0.36,0.28491888301167667,0.6564678482091832,1,dachesterfrench i emailed you yesterday and u never responded
3.81410563682501,5.852567637277252,0.40432646376985437,4.729221579665552,0.39019056997803964,0.5059061605893446,0.31467738110134624,0.5513453773374344,0.07972040358386714,0.6703953336043406,1.0,0.045322618898653744,0.004336295689656516,0.6323315143829428,1,moony 9 i ll miss him too bb the episode seemed unimportant after foreteen found kutner so i stopped watching
4.872731545507852,8.677848875081018,0.0,1.0,0.2104028615630406,0.23615178693982422,0.4177409377409253,0.0,0.1423331778830851,0.8787945729444427,0.0,0.3177409377409253,0.0,1.0,0,morning bah car won t start waiting for the anwb
4.698247902082896,8.579109373888215,0.13840145366262996,1.0,0.0,0.0,0.4144343341965109,0.31845514790014395,0.0,1.0,0.0,0.3144343341965109,0.10667776957808045,0.7901835669182027,0,theresev solen var inge varm
3.6668983775598245,5.354795384139457,0.25789260510344025,4.0511887333863985,0.25254216845209876,0.3819282940249164,0.19359665097636286,0.45648491248007883,0.1303546100749872,0.7783616205607234,0.0,0.16640334902363713,0.343789562071729,0.5553344957165502,1,it day one of my ivf injection so let the fun begin
2.9278939831367987,7.071846686989839,0.5449921118877936,4.2086218544981495,0.28149417713352426,0.11560575872260268,0.31723617462493114,0.5116447266808599,0.2196323769931108,0.8430786866854787,0.0,0.04276382537506884,0.3622335810442864,0.901494756777536,1,i m doing my homework it s gosh darn hard
2.422618029451108,5.023941507186942,0.4989308429992913,4.081398740778231,0.6259414900954258,0.5047881343475298,0.6023526615262197,0.8723892410477387,0.47602848124879926,0.5284862177912659,4.0,0.0023526615262197126,0.5450271684597218,0.4979028517007083,2,the title pretty much sum up everything i turned a couple of day ago and i ve been dealing with my depression etc for a couple of year now and i ve been feeling completely hopeless about my future and everything else i just want to disappear forever
1.998208584681232,6.606446411464832,0.42604741272324065,6.241708141045492,0.5540927092351634,0.6460816619087629,0.9709168491464953,0.852321648957403,0.47492184158714684,0.37908879772522586,1.0,0.37091684914649536,0.29548581285295317,0.41483466909195454,2,many time when i want to end the suffering i think of committing suicide or other method to alleviate the pain such a starting to smoke drink drug there are time that i think that one of these method can help me get through the bad moment i am going through but there is always something that in the end prevents me because deep down i know that none of that will help me and that i join it that i can continue fighting a i do and the day will come when i will be free
1.0,3.7175146780030173,0.9272724156346752,5.8233126155788995,0.7087853856006594,0.7287666957247468,0.7263447012441068,0.6994615491696334,0.8685135316722513,0.0,8.0,0.03365529875589324,0.4515357148763116,0.06068055487129986,3,i don t know how anything work anymore my brain feel like it ha dementia forgetful literal lack of intelligence and critical thinking skill i don t know how school work don t know basic math never had relationship and feel incredibly out of place and inferior to the rest of the general population that s my age half of the people living in my building are my age now i m so fucking suicidal everyday i m just waiting to die
5.0,6.482984016003876,0.09844566514320723,1.907423566392494,0.4362281383739556,0.028752778769401008,0.06428409201795973,0.31808852422229233,0.1525885912205829,0.9449558894495664,0.0,0.035715907982040246,0.026116986128371086,0.9512166765293038,0,my website is down
1.0,4.429709319617861,0.5548678170156192,8.47220387203463,0.9027951809647563,0.9588515507470965,1.0,0.28305379162771543,0.8669106349135204,0.22767321399568152,6.0,0.24,0.6070282959363574,0.005006119737998943,3,i have achieved a good outcome a a manager gave me good comment and feedback however there s this thought in my head that s saying he ll rethink his decision and realise that the praise given wasn t warranted i feel like this worry is uncalled for but it s causing me distress doe anyone know how to deal with this type of thought
2.1169579270331167,5.706478753047663,0.5228858184098396,7.507252831370979,0.5723330418817255,0.5286288483626164,1.0,0.7899498903896465,0.4311548177086534,0.40896845984928176,5.0,0.4,0.47798899145252594,0.5175015786276193,2,amidst the conflict among ukraine and russia in a contention and testing climate when there wa a ton of disturbance doubt disarray and depression in the security exchange subscriberuchisoyafpo
2.9209894439425153,6.867865617447836,0.4111775237337092,3.6780520635433662,0.41109068071834787,0.17109869698677363,0.28498449886708577,0.28239746063909077,0.07522857457416793,0.6804563134817698,1.0,0.07501550113291422,0.13323205032668495,0.7027215071383031,1,poor sandra cantu my heart go out to her family and friend rest in peace little one
4.349673869876175,6.989912650948218,0.08596068406161038,1.0,0.018100589594414546,0.0,0.13942600271447397,0.00031986182760923576,0.0,0.9708385116347592,0.0,0.039426002714473996,0.0,1.0,0,is afraid that her g i note will not read themselves
3.0813673737554668,6.661246446546995,0.5607252941795247,2.524314871085476,0.15049596752111594,0.12677875784848255,0.3612364384394739,0.4084351710001006,0.16001501940793894,0.6782896476918288,1.0,0.001236438439473908,0.29485920052523584,0.7453242947459349,1,slept badly still feel like hell but maybe not a bad a yesterday why am i always ill when i take time off work
3.0993418512092346,5.849405434332529,0.32791827766134674,1.5852234004891816,0.2508063274523575,0.057709039725112266,0.12984743004783852,0.33172312172486396,0.0,0.802992817938894,2.0,0.23015256995216146,0.25814808629035785,0.5169486795105601,1,carmonium i m stressed outttt
4.118625653053423,8.563907243432825,0.17550163793111728,1.0,0.0,0.03808843483174987,0.27558166129392847,0.39746228363712705,0.08398297199175407,1.0,0.0,0.1755816612939285,0.0,0.8452546173755265,0,astewart oh my gosh that made me emotional haha idk why i dont want to get old
3.4111719890144805,5.996810595026403,0.3124744188769805,2.6781704788306198,0.10567715167219449,0.22867656246840307,0.20756281866351714,0.06898597798794515,0.01567335180050808,0.7091346296678446,0.0,0.15243718133648285,0.28052074893413875,0.7666753839480548,1,i don t want to be cold in april but i am
4.820648688818951,7.390581181850776,0.02516312696632801,1.0,0.04894811547200929,0.0,0.6309918494149486,0.6002600154378541,0.0840320353168878,0.6984398116921019,0.0,0.5309918494149486,0.0,0.9259236935541534,0,brodhe geez ur no fun are you
1.7054644706021764,6.557589531722228,0.6113658286753976,4.203275350873709,0.29794099098107696,0.6641041909811474,0.8578203419964023,0.7999724250666148,0.3937919688835649,0.4980816001200846,1.0,0.25782034199640236,0.35223540924729513,0.1815215272432677,2,i am in my office s toilet for about an hour now and i can not stop cry i wa having a good day for a change after a really long time in a while but one bad moment wa enough to push me into this mess i have been trying to make myself stop from cry because i need to go back to my desk but these stupid tear won t stop and my eye look bloodshot right now and i forgot my eye drop in my purse life suck
1.9283791935368204,3.149112114453326,0.506995058386195,6.3663574020400935,0.43759842828247464,0.6717959591659161,0.8421725469933221,1.0,0.4805190998317273,0.3144050011422399,2.0,0.24217254699332214,0.4394697117689136,0.38927336455329775,2,shrooms and chocolate bar edible good for depression and anxiety ht http t co dz9jxhaant
1.396742310973889,6.507729862867208,0.6552789738593109,8.179500720548164,0.7247847515176733,0.8162395406857812,0.8796186319898468,0.6565323912189408,0.9389871768860844,0.4057873491787441,5.0,0.11961863198984679,0.563356384256888,0.19031395221711261,3,just cause my depression not kicking my as like it use to don t mean i m not still dealing with it
1.229954268851197,3.901139232569843,0.913586135620813,8.436943527025784,0.5044243463430992,0.781619054853284,0.9211163300383061,0.9368180683554875,0.7071842724477841,0.2764342951715124,11.0,0.16111633003830605,0.7255038523371352,0.21605965703865643,3,i ran out of ativan and have been waiting for my refill i also didn t understand the danger of taking it until now i can t really remember how long of a period i wa taking it i ve been prescribed 0 which i take of them every night to fall asleep i am sure i have had break because once my prescription run out i normally take some herbal stuff my question is i am day without ativan do i just quit cold turkey or keep taking it goal is not to be taking ativan anymore
1.8609474543415494,6.488556734250509,0.5591390806141542,5.191970726298643,0.9567273130235624,0.6464185301577974,0.6610458841616834,0.7230423426078508,0.551706462116757,0.4385080079604174,4.0,0.06104588416168344,0.44524823676974445,0.5574442296348254,2,i feel like i m having a panic attack which i ve had before i m all alone and normally that would be very bad but this time is different i think i might be disassociating or something because i m restless like a panic attack and my heart is racing and my brain is off the rail but i m also completely emotionless i can t even make myself cry or smile or yell or anything anyone know what s happening any word of wisdom or love would be greatly appreciated because this is gon na be a long scary night for me i th
2.3926426489774237,7.304320304861774,0.38923948920408735,1.0,0.2542522798069436,0.3181187886774154,0.3672946888872419,0.15657194327716784,0.13374868914397378,0.7620176982353375,0.0,0.00729468888724194,0.29018351476809406,0.4447240168554672,1,some hacked my account on aim now i have to make a new one
1.0,5.957178253776338,0.7095584362752831,7.052295358379431,0.53284016184199,0.8779149565175851,0.6852056920008964,0.6444601707322429,0.7102271019961874,0.24684430192698656,5.0,0.07479430799910358,0.6817601136087781,0.3906130742338769,3,there is someone in my life i need to have a conversation with i tell myself i really need to do this to answer the question i keep asking myself and if it doesn t get better then i ll know it s time to cut them out i know i have to do this it will make everything better and solve the problem i got myself ready to start this conversation under the thought that a long a i m trying to communicate it s a win in my book i open the chat and think about typing and i tell myself why even bother it doesn t matter h
1.5083325398716745,5.493315949388767,0.4493500386067033,4.314099628128105,1.0,0.5634660143868931,0.9874783472732812,0.7339937101090884,0.5934572780867056,0.3847950673984095,3.0,0.38747834727328123,0.4183330848810935,0.6158029720256697,2,this doesnt feel real anymore i dont feel like myself everything is the absolute worst it can be and it just doesnt feel right to be alive i feel like im in a coma or a dream and i ll just wake up when this is all over i just want that to happen a soon a possible
4.869870451724319,6.9089799080323235,0.06323631396274164,2.59454843101051,0.17977733162237686,0.09172850041046658,0.11452180968374984,0.36429558876299484,0.015841208379224245,1.0,0.0,0.014521809683749859,0.0,0.8498191941923785,0,dynoisthename haha you better watch those two they might actually kill each other
2.4864390090988087,7.367807722476948,0.5054611198177337,3.039001630012341,0.22008471183848222,0.316779529704108,0.4260568468343946,0.2194583317767771,0.24839363191997876,1.0,0.0,0.06605684683439461,0.21389926446962104,0.7109898531785123,1,it s been a year since mark speight died a year go so fast
1.336578978743849,6.677637925573297,0.5351471008351899,5.921260475197776,0.56354201059514,0.36073077420037625,0.7912222351790889,0.6842435495183603,0.5474375740338856,0.34161640544502225,3.0,0.19122223517908887,0.5975262771299367,0.4246279689420835,2,i m quite a nervous talker anyway i m not toooo bad if it s close friend or my mum but co worker and stranger like supermarket worker or customer i stutter quite a lot but like today i ve had to work at a really busy pub i do mainly cleaning there alongside my main job i used to work at the pub full time but now i just help them out and i feel mentally numb it ha been especially busy today because of a big town wide event we even had to have staff from other pub help being a chain of pub i also wanted to be
5.0,8.190451944441321,0.16368136692097593,2.296654198697805,0.285311403825947,0.008101401313247825,0.18607903271195292,0.17001772783118402,0.0,1.0,0.0,0.08607903271195294,0.2888113220439548,0.8529316199823944,0,coke zero mobile site broken on iphone anyway http twitpic com y xp
1.634654595212024,5.988534859211539,0.6337687149506447,5.472644463211193,0.5499543257286432,0.6115804590349246,0.7292620912303063,0.7721701564106915,0.6131756725540475,0.3868069199869664,1.0,0.1292620912303063,0.43444930320956643,0.3817199798212393,2,i ll have all the equipment by thursday i ve worked out how much rent to send my flatmate to cover a couple month i m getting rid of my clothes by the end of the week i ve written some letter and am going to print out a sheet of my important detail i m dreading it so much but i also can t wait time feel so slow and agonising and every time i fall asleep i think what a waste it is to be unconscious and not die in that comfort i don t feel like anyone will miss me but the hard part is i don t want anyone to h
4.106722542772408,7.469908759762697,0.14352968115795692,1.316112935454159,0.034017896430693056,0.1276812774316812,0.30924649808765364,0.3145212302074099,0.2521725991838134,0.8190493982019873,0.0,0.20924649808765367,0.1318970144469867,0.8312645096881116,0,fuck la circulation ce mat
2.5103554471253666,3.624747991099897,0.5592404736499337,9.23269601351602,0.9288198544778172,0.8856235906855371,0.8054106482766888,0.8086221000873558,0.818494977127396,0.13250777393555285,1.0,0.045410648276688836,0.6927404623500759,0.22175471670143768,3,i ve posted here many time under many different name my cat is dying a of the moment and i can t do anything about it i wish i could take him to a vet but i don t have the capacity to take him there my internship is starting next week and i won t have any money until i receive my first pay check next month it s so hard to see him suffer he s the only one that tether me to this world i wish i could die with him he took me out of depression and i can t do anything for him in return he s the only reason why i 
2.498632882625368,3.4963420416179014,0.46764298796648274,4.180158094467232,0.5948447643286043,0.477774338883401,0.7600822347997165,0.8967325884977198,0.5200412030629121,0.37089417632359006,2.0,0.1600822347997165,0.4236967307309304,0.46437974520107683,2,i can t stand the constant shitty feeling of depression in my chest head and stomach idk how to put it into word but pretty sure every depressed person know what i mean i can t shake the feeling and everything is starting to get under my skin and send me into such a downwards spiral of overthinking and overanalyzing everything so much to the point that i overanalyze feeling sad in the first place and minimize my own feeling i m not motivated to do anything except sit around like a blob and waste time and sp
1.4368203392957206,4.76814674080033,0.4978278915017642,1.6853003561430064,0.6037932914231509,0.6165745886434498,0.9099550561952282,0.6942189807175287,0.4973940664523891,0.3996607763827489,1.0,0.30995505619522823,0.27611984297741726,0.5733458295505169,2,hello i age have been feeling like i m going crazy these past month after i got my first panic attack i been having all kind of symptom like not feeling my hand before the panic attack but now i been getting disoriented feeling like im like a camera stuck in my head looking at mirror and not feeling properly like myself if i look to the side of me i get scared even yesterday night before sleeping i had a moment that my brain thought i wa doing something and i actually wa believing that i wa doing it for spl
2.1102367600223815,4.832095569354125,0.7882828458473253,7.904460627414396,0.321147916780055,0.5076343968198755,0.9905498553783678,0.8033481760068905,0.6053440339017871,0.4681775815058562,2.0,0.39054985537836784,0.5134902304713164,0.45236880167094573,2,what a fucked up little world we are living in
1.6811368200894563,3.882869653333755,0.5693773516815259,3.3108227590683734,0.47132533273328237,0.4713951208069156,0.5738796262801042,0.708278705958599,0.39488733151810435,0.5787999301166331,3.0,0.02612037371989573,0.22637138822976796,0.46279188909785074,2,preferably without becoming addicted
1.3162680850598538,4.690774438875289,0.8347945034330186,8.342691693939148,0.8073820568244628,0.8190381261992582,0.7223432554856062,0.623852683075546,0.8577429884786183,0.14836606439760983,2.0,0.037656744514393825,0.5320960281358061,0.3761150907755305,3,depression in construction is partly due to big company piling relentless pressure on worker and making it clear they can be easily replaced the moment they wear out bbcmorninglive totally hold the employer responsible bbcmorninglive
2.433974735685836,5.632881196389924,0.6362100696286834,4.857225524482725,0.5919828801607817,0.6011578183403338,0.7160977487317037,0.6168322690144188,0.3720512328178541,0.43108984526160077,4.0,0.11609774873170375,0.4029250928931809,0.3648816166777685,2,jaxtartwitch denismcmichael stats feed well being informed and suffering from depression are two different aspect
4.637611151190758,7.333878242952933,0.07595414860446084,1.5299315849743553,0.09182495593099843,0.05016937132408524,0.36455782021184224,0.3687718288800617,0.1915664768119988,0.7715885478281697,0.0,0.26455782021184227,0.01120198911189528,0.8380960697982919,0,missed the gig
2.040714020086765,5.63316457791354,0.49450700282176985,4.313484685705897,0.64728250542976,0.6779067102087921,0.47501952549959164,0.5898301632057716,0.5111157694353037,0.3461173267542096,2.0,0.12498047450040833,0.5185703922120439,0.3681850269264365,2,while hungover and puking in the shower i would often congratulate myself for being witty at a party the previous night wasn t it so funny when i yelled who care about the planet anyway while i puked into the recycling people laughed for year before my first drink i hated myself for being socially inept i hate being shy when i drink i m not shy after eight year of heavy drinking i began to accept that what i wa feeling wa social anxiety and it wa not going away after another two year i began to accept that 
2.6565481016552495,4.92708837486303,0.760922643532305,5.881986319603772,0.5666975369224845,0.7038785684897343,0.9883339789272325,0.3869790496224541,0.5229611891947321,0.5082095497797561,2.0,0.38833397892723254,0.45010527573930853,0.4069187241993226,2,quick question is anyone taking buspirone and did you need to go up on your dosage i ve been taking 0mg twice daily but it feel like it s not working a well a it wa say a week ago i ve been on it for week i would really appreciate your feedback thank you all
1.2779371959326715,6.074140274706689,0.5613097060707063,6.689568288028236,0.5493982536125183,0.6082896264415203,0.8816013724626659,0.22137218326837715,0.5178353113131936,0.5174718049890008,5.0,0.2816013724626659,0.3431446330549193,0.30652664072718094,2,the 0 halsey melanie martinez troye sivan lana to 0 depression pipeline
1.0,4.86022255473354,0.9447535864373371,7.042319622908615,0.9389413313943508,0.8516674764153335,0.6038848371922915,0.6780876983589131,0.9405731536670563,0.06532829289993866,2.0,0.15611516280770854,0.6249659521781215,0.17810202919855037,3,you are doing enough just let yourself take a break
3.3381203946703977,6.92272427935395,0.19740611443120795,3.161590793866551,0.4348061714827453,0.2354864881011971,0.49304798582941095,0.2148503916524469,0.18253557372851753,0.7473753898479554,1.0,0.13304798582941096,0.2343603084747852,0.3451153280968915,1,it sprained so glad im on holiday
2.1980376163541204,3.8169516835952546,0.4172219741606017,6.146059586417458,0.7026192688169138,0.6594119685707756,0.6328997259067939,0.7322316431319751,0.4735608132337295,0.6010482119263834,3.0,0.03289972590679391,0.44700162871160576,0.39582184578479823,2,i m 9 and haven t done anything with my life i ve disappointed everyone in my life the woman i thought i wa gon na marry left me and won t even talk to me anymore i started therapy and medication again a few month ago but it only doe so much i don t really have any friend i work only a few day a week and can barely handle that i don t find pleasure out of anything anymore i don t have anyone to turn to and everyone who ever loved me ha either left me or died all i do is sit home alone and try to distract my
2.898751825750637,6.053911360825303,0.7029477374139144,2.579511665207747,0.17740975211747176,0.452933556007019,0.13022149281313425,0.2367437076151148,0.137605381554822,0.8078065602401053,0.0,0.22977850718686574,0.310747438635514,0.770374810295241,1,just been playing with the new mobbler v0 0 and it add some great new feature but won t play music on my e like v0 did
2.5684978071797233,4.888807184403788,0.4961127901498486,6.776323912243299,0.622203601440544,0.42792789921823715,0.78280157071831,0.8067774780710755,0.5444748460609529,0.37056052662134636,3.0,0.18280157071831005,0.3446494423396109,0.41772600481998595,2,posting because this medication ha had an incredible impact for me in a very short time and i think that s worth sharing in case it can help anyone else who suffers from anxiety i wa prescribed propranolol 0mg xr per day a little over one week ago primarily for enhanced physiologic tremor my doctor did also suspect that it would help with some physical symptom of anxiety that i have including elevated hr general muscle tension flushing shortness of breath my anxiety had become so bad over the last year that
2.0028579805198254,5.962411434196627,0.4472937497934747,6.425163976657251,0.8328343155070985,0.6539657616867681,0.6731080352598307,1.0,0.5205640634128318,0.5272896583219342,6.0,0.07310803525983067,0.25838302758976384,0.44219078713635485,2,i m so sick of being in a state of breakdown and every hotline i call treat me like dogshit hang up on me like nobody fucking care and i can t take rejection after rejection after fucking rejection when nobody s ever accepted me for who i am or loved me even once all i ever do is fuck up and nobody forgives even my tiny mistake they all fucking hate me and i m sick of everyone being disgusting or selfish little slimebags get a fucking life and fuck off and quit making mine worse just because you aren t shit
4.457822063420987,8.182930697116962,0.18286562360224493,1.0,0.0,0.4513445237722903,0.19763494290710415,0.02130587582678664,0.021186159389495113,0.8025952362939128,0.0,0.09763494290710417,0.13612356238466009,0.8288377990429827,0,ladyerlynne awwww you could always post in the transfig classroom with sharmila
2.8762353317992693,8.276511909830678,0.23483220854971382,4.128068870997313,0.3242842186739754,0.17227529299821828,0.5905917902200054,0.22719240674384034,0.14609151746109372,0.6691437888376698,0.0,0.23059179022000542,0.1834117451547143,0.832982258700116,1,back at the office still only day until another long weekend
2.590611423261548,5.887633848074389,0.5451860696574977,3.60663220299815,0.48984436143200694,0.6888003356461628,1.0,0.9177630832411018,0.413392559720859,0.2697914179627826,2.0,0.4,0.3433920511424824,0.616669598472199,2,this isn t the normal kind of post i would write and my follower are probably going to leave because of this but here i am most of the time i have the thought in passing if i were dead i wouldn t have to deal with all of this or life is just too hard i wish i wasn t here lately thing in my life have gotten really bad i had a miscarriage in january it sucked because my husband and i had been trying to get pregnant for a long time and had been told that it wasn t going to be possible without intervention or w
1.105635943644561,3.6407941912677155,0.5490446514857021,6.987832383148556,0.7615984109113129,0.9125514132424046,0.6029431322346401,0.6915868959668158,0.7612032900392969,0.2560103279152915,7.0,0.15705686776535988,0.6682433078279048,0.39341789966483204,3,what are some thing i should get in order before i go i d like to either sell or toss most of my thing plan on paying off the little debt i have writing goodbye making sure nobody see anything traumatic what are some thing one would do or not do before death not looking for help or pitty just something i might be forgetting thanks
1.2478895607237195,4.794578543340227,0.6400989664033665,5.957318591256561,0.3234347578225186,0.4926203376297837,0.892419601208077,0.471455899685642,0.5066441408244647,0.32844523608060405,6.0,0.292419601208077,0.2588280997134792,0.45362562299070824,2,for starter i never really had a childhood when i wa my parent would constantly fight and eventually got divorced at the time i did not really understand and thought that my mom and dad needed space from each other well i never learned that they would never get back together until my dad remarried to a woman with son all older than me and my younger brother now my stepmother wa horrible to me and my brother this included being locked in the same room with my brother the whole day one meal per day a gate in 
1.97339940737182,5.153986450442359,0.6246973732606539,4.9943930360680975,0.7459739654989515,0.6083076349130764,0.8508751490562897,0.5679355987513076,0.25229310888120277,0.3907331109874026,1.0,0.2508751490562897,0.3342641520735573,0.3974995016198412,2,t w stalking so the other week i had a late doc appointment and whilst i wa walking a man started following me it obvious scared the shit out of me and my heart wa racing and i felt jelly leg and i wa in tear fast forward a couple of week and i ve started getting a racing heartbeat and feeling faint etc having the feeling only when i m out by myself so i know they re panic attack but they only happen when i go out by myself even if it s from the bus stop to home i m guessing that it may be from what happene
3.474520061087276,6.759815808166735,0.23484159237953273,1.0,0.2037642908461137,0.1928477397413902,0.2833090488562187,0.16739420046722298,0.22143874849535894,0.7517313171629316,1.0,0.07669095114378127,0.33726021507258114,0.6340465771896296,1,is back at work although i wish i wa back in bed
3.4159207003503096,4.805103039752703,0.4127888320656759,2.532805537483488,0.3140808418965174,0.3618238499818682,0.10869241266500726,0.28361653367984435,0.09204784077266111,0.6378474421253069,1.0,0.2513075873349927,0.23836929137228638,0.7850993794638951,1,allyheman but but but i m not a big fan on camilla belle
2.495532858132669,7.502277654317362,0.6447727410798165,6.0664562033895,0.48426499319389943,0.5396933383771376,0.9330632206810225,0.8064856974220584,0.5978581815326496,0.4899976235463224,1.0,0.33306322068102256,0.3913081005554208,0.3462395625617932,2,tutsy u are minding her she come say she won enter depression i said happy depression ijmn ungrateful soul
2.021360279162212,4.846629354436845,0.7023096810851468,7.354214889095099,0.8365406824728514,0.7672497401881345,0.921706970046765,0.8191914107323052,0.9305752774498228,0.3733477173725672,3.0,0.16170697004676504,0.7075880985786649,0.2631172861268672,3,who is the mastermind behind depression due to nepotism theory and why wa this theory encouraged by mupo even when no suic de note wa found from the crime scene ip nupurprasad drjitendrasingh doptgoi pmoindia hmoindia ip association ssr social medium compromised
5.0,8.592491334494202,0.310819866009452,1.0,0.0,0.4154925245617087,0.4664114550048746,0.0,0.22514792201905856,0.8799522631929075,0.0,0.3664114550048746,0.0,0.9208641599437818,0,sara kate im afraid too ur reply about uni from age ago
2.11516275096098,5.275643027684795,0.42958960379457567,4.601220364100239,0.8713725359821229,0.6452046865915835,0.8373851899357195,0.5222480911579053,0.5581465579986528,0.3538150361094503,4.0,0.23738518993571955,0.3232258654694533,0.14640070656961401,2,randomjay the biggest mistake i have ever made now i have to live with the consequence stress anxiety and depression
2.3746439832559068,6.648411505360087,0.48040462126402583,3.8428250486446656,0.4972497838616039,0.5094411327818493,0.6062911927141836,0.9741740011071787,0.5097357806936632,0.36956666042517766,2.0,0.006291192714183658,0.5375716367818626,0.2945738719877475,2,i recently started a new job and i m finding it difficult to socialize with my some of my colleague i have no problem with one on one but i tend to struggle with social anxiety in group setting a a result i often avoid joining my group s table during lunch fairly small around people my biggest concern is that i m half everyone s age and they ve all known each other for year in addition these are group of people i wouldn t normally interact with in social setting when i joined the table at one point i felt a
3.1687901877855595,6.257181172702351,0.26760151391650466,1.3365428898509002,0.31200370397550314,0.22359063472530388,0.48062330153020805,0.0,0.0,0.6552743282590147,2.0,0.12062330153020806,0.33183487678826096,0.6303495178627615,1,throat is closing up and i had some string cheese not a good idea
1.0,4.541457129437162,0.6074954669210688,7.62340873993606,0.7055783500762122,1.0,0.6541692354151905,0.9077097092165725,1.0,0.12104678148588288,3.0,0.10583076458480956,0.5250672812731754,0.05412334758654749,3,i am on week on prozac and experiencing no real change i took prozac before when my anxiety wa nowhere near a bad and so i don t really remember how long it took to make me feel better i just want to feel better
4.997140704751747,6.508104220605829,0.06205230852177673,1.0,0.17308764725101133,0.08287007560526245,0.17572224486995006,0.0,0.0,0.9152509776306496,0.0,0.07572224486995008,0.04141370799329652,0.9006143444158781,0,robertzalme yes i do too much theory getting in not much solution coming out
3.534781086500385,6.6951554184807724,0.37210365673390133,4.571074507554396,0.2621286203250967,0.1709091064023349,0.47262419465294714,0.0,0.12333062231932418,0.700663809123717,0.0,0.11262419465294715,0.3482553135608332,0.8465895493805051,1,i can t sleep it s too windy and scary out
3.2152142702298985,5.545211807684871,0.2943132822372411,1.0,0.32612445034419507,0.48038184986949695,0.4617343275753243,0.2070852878486667,0.011266081096627967,0.6904585033227447,0.0,0.1017343275753243,0.28575096818499757,0.614762492403408,1,i wa in such a good mood this morning now not so much anymore stupid work stupid cellphone provider
2.4067384783368673,6.000614078271307,0.6237449707703119,3.770881066720561,0.6062706650415156,0.3500809766894708,0.7825678027041878,1.0,0.6601218061716786,0.41403425227687407,3.0,0.18256780270418782,0.48111770452513536,0.5131366640261049,2,because of ordinary shoe oloshi leleyi o depression co of ordinary nike sneaker if na lv or prada nko
4.946865080665696,7.736691449254878,0.12918360254766298,4.781728169031623,0.11502213508430872,0.05100155157667168,0.4113052742600102,0.0,0.2905043259944908,0.8958617863351118,0.0,0.3113052742600102,0.049568091006930895,0.8439874811518393,0,rootbeerfloats you hate billy now
1.7017274010733057,5.865890493095074,0.6128601461408121,5.415312697167155,0.4726296640479052,0.5413998111871512,0.5974548532430294,0.7016684281010331,0.5384463480286057,0.42173559627448187,2.0,0.0025451467569705954,0.39171202777145936,0.47872254028524486,2,lately i ve been having panic attack everywhere i went out to get drink with my partner and ended up cry in the bathroom yesterday we were with his friend and i had to excuse myself to sit outside and collect myself the list go on there never seems to even be anything that set me off but once it happens i can barely speak without tearing up it s so exhausting i don t want to have to hide from people place forever
4.270370868311241,6.702769645852117,0.0,1.0,0.09503642532820526,0.17343862411211783,0.33976460514738077,0.0,0.09159630885153203,0.8752679031200623,0.0,0.2397646051473808,0.03086495766768574,0.9479043117696583,0,my msn hate my gut i wanted to go out tonight
2.8728573861162996,6.176003432432866,0.20252722253135452,1.0,0.12302104484998266,0.1970191598289759,0.35633789154925843,0.08408555375768632,0.16346665719301695,0.8450572933484023,0.0,0.0036621084507415524,0.3061757637555478,0.6478312776450927,1,my nap wa interrupted so many time today going out for japanese with the rent again
1.3105276467292706,5.773214013057224,0.81485711721851,2.9604297047880967,0.37781930468518843,0.656472909329384,0.45647851929402994,0.5457900643826976,0.3890553661733955,0.5782897886910389,1.0,0.14352148070597004,0.4421673561828865,0.4962711970633275,2,been having some off and on anxiety tonite and this old school hippie gave me a roach kinda used joint in the weed community and i m like cool i take a hit and it tasted like as extinguished it and put it away breathing now i looked inside the joint paper and it wa like brown and i worried if the joint wa old moldy also smoked some okay weed i think i m okay i hope just anxious and like wtf
4.110926593579623,9.201320698723974,0.12413058628965155,1.0,0.19922022294246755,0.17761355173805415,0.592928699111451,0.2049767017118173,0.0,0.8818003372956403,0.0,0.492928699111451,0.1015834657204535,0.7424496108701322,0,i m so damn tired today actually i need to take a nap when i m at home but there s no time
1.0,4.799486746030072,0.9217978257916556,7.313442767544754,0.885492962872405,0.8627712098490293,0.9093781250987951,0.6633489025957885,0.7619747024178128,0.1616348748195966,7.0,0.1493781250987951,0.7061116050897001,0.22892936223048155,3,i don t know if it s that i ve been on antidepressant for year or that i repress my emotion and don t allow myself to process thing but i didn t even notice i went on my phone and started reading random bullshit
2.2675785218283377,5.143619932672715,0.33968302372873227,6.420019979164782,0.7401873739763103,0.5609506078633999,0.6079445653372327,0.8594967516132959,0.5021380176936007,0.3937601600549186,2.0,0.007944565337232756,0.22029928226398818,0.472227820614911,2,feel like there s just too many problem to address at this point everyday i try to hold out in hope of something somehow getting better but it somehow feel like i m never at the bottom of the hill at this point i m only alive so that some people don t feel sad or guilty but honestly i m getting to a point where i don t really give a shit if i m dead i won t have to experience or see the pain that they will ultimately feel from the death so who give a shit
2.017311504712793,6.665813359538868,0.535004434601687,5.725525202925264,0.7637969750922107,0.6312062188088211,0.8825224451578695,1.0,0.3507648567606046,0.40970906644857863,0.0,0.2825224451578695,0.47873862038112647,0.3448021956457995,2,i feel completely exhausted my life isn t going anywhere and i ve got nobody to turn to
2.668280785475583,5.1385789012588665,0.2754454543856046,2.5955646129062906,0.3358786572574621,0.15870296977189674,0.018710599321890564,0.04460057718584878,0.018503286724061027,0.6855361285512664,1.0,0.3412894006781094,0.36859405689361646,0.640949362572355,1,is at work xx
4.24075662233472,6.035404891305106,0.3949297397356968,3.23643072045237,0.3952836306299572,0.33547554890096,0.6518064696369678,0.33572825558406827,0.17324146293405174,0.6009147940910871,3.0,0.29180646963696777,0.34795118709184003,0.6249559502855249,1,lifee get worsee amp amp worsee
1.2739198959711524,5.531239678035126,0.3669007908832089,4.334689284950873,0.6372942520296513,0.6163415718627527,0.5482300527875636,0.76966552963538,0.6688578423147442,0.38730738110654306,1.0,0.05176994721243633,0.5538728113613973,0.5606084452290626,2,i highly expect to get a lot of pushback on this one but hear me out for year i ve been in a horrible mental space with no hope of getting out the way i see it i never consented to being here i no longer desire to live on this planet and i m scared to do the deed myself a far a i m concerned either my mom or dad should be required to take me out since they re the one who brought me into this world fin
3.0803921914439654,6.189525344764826,0.21888499358564506,5.812658694804807,0.31177674678474504,0.2569198825719218,0.1402567290182882,0.3907930693470376,0.0,0.5920283135159728,1.0,0.21974327098171179,0.19879455380829764,0.6079353525749798,1,omg house what did i ever do to you
2.8594803778834756,7.063228622496264,0.3214152034610295,1.0,0.4829425426090627,0.14215141865070713,0.43243632021377587,0.06496950820754105,0.07576132997159174,0.8751697499299651,1.0,0.07243632021377588,0.1488320379974599,0.8028007833905473,1,sorry i should say that this vid hit you hard please beware the last minute especially http www youtube com watch v eujsme0torw
1.1155078140495196,4.609554068701039,0.6434387004709172,5.567184781577038,0.8610823241666814,0.6233429784344966,0.8536677604906131,0.8120854720591913,0.7879124583598046,0.11674567857662707,7.0,0.0936677604906131,0.7676660029003373,0.24393067209339017,3,i have never been a good person i think being a bad person wa hard wired into me and i don t think i can separate myself from the bad i ve done unspeakable unforgivable thing that i can t atone for i m both a bully and a coward with so many issue that my therapist couldn t find a solution i ve written ton of letter so people can understand my exact thought process and why i need to do this it doesn t even make me sad anymore it just feel like something that need to happen
3.001899569647704,6.745463927072052,0.4724463476218771,1.85390886760633,0.36502525934086705,0.23772227518852704,0.4182043843837628,0.0,0.2367298660244952,0.6047102546849844,1.0,0.0582043843837628,0.016222508128509172,0.7036791828665762,1,cheechbud i think ur right hahaha hr now
2.426761996365519,7.710921993558521,0.6320735979148013,5.635353911244825,0.6400609234963491,0.49787718569877143,0.9322574999909303,0.4908297991198455,0.576062100806093,0.632213500997741,3.0,0.33225749999093035,0.5260982855271207,0.2619297114056057,2,pre pandemic incidence of diagnosed depression wa about this increased to during lockdown likewise amp case of anxiety went from to http t co czlqb cxqe
1.5278452859502072,5.2046227048654705,0.9751824784501948,8.048055155061482,0.6288798532835445,0.6397222952158039,0.8226417595910293,0.6275264407226929,0.8782686109156987,0.10761806302995776,6.0,0.06264175959102924,0.4839638341063318,0.1736781512889475,3,seriously help this ha been killing me i feel super down and unmotivated but i also feel fine a lot of time and happy and can laugh my high aren t super high but my low are pretty low but every time i feel happy i always feel like i m faking everything overexaggerating my symtoms and am just a bad person overall i m diagnosed ha this happened to anybody else what do i do
2.155156286456322,3.2558039640736265,0.6087103523290116,8.17362198066896,0.7982987640885306,0.826747421652304,0.8544836262466343,1.0,0.8051472179523642,0.33039803552259217,9.0,0.09448362624663431,0.618264722072566,0.036950807407439556,3,i m a yo guy and i want to die i feel like a bad person i have like friend and i never hangout with them other than school i have a gf and i love her with all my heart but i know she could do better not to be cocky or anything but i m probably top smartest in my school of 00 i will probably go to a decent college and have a lot of life ahead of me i just feel tired with life though i think i might be mentally ill i ve fallen into this personality of being the crazy person of the group i hate silence because
4.737840423708765,6.958583095967117,0.09442571960223589,1.902947823270125,0.3769498787548715,0.23816773523427615,0.5842503769282401,0.35351907523172,0.06751816895210218,0.9524936538053951,0.0,0.48425037692824013,0.014343572986794922,0.8741951160202873,0,cant sleep she want to dream
3.1424572489089857,6.115300114367766,0.4158301557090428,3.6780025119214943,0.3542341932448383,0.44262939942254775,0.6973173922541626,0.6587354369471539,0.5083030257781137,0.4398033460560408,5.0,0.09731739225416258,0.43919012112090583,0.46803199658987826,2,i m currently on 0mgs daily but i just couldn t do it anymore it s all just so hard i ve only just taken them so don t have any symptom yet i ve only taken the fluoxetine and nothing else is this enough to kill me i m slightly underweight do i need to go to a hospital or just tell someone i don t know what to do i live with my parent and i feel really bad but i still don t want to live anymore
4.357898834880254,9.040042200362464,0.1947573437279295,4.118207872259115,0.014879816686066707,0.04276395342943825,0.10216208803807098,0.24437686557117122,0.25933158800707656,1.0,0.0,0.0021620880380709973,0.1417285187782962,0.9324822115872572,0,the internet is hating me night i s pose
3.3604390524484913,6.111309736718702,0.2687304475296436,4.312386784470391,0.07733615151944409,0.30794210333469585,0.2242598940929172,0.48356563427012583,0.007509359892441822,0.6429943202087582,1.0,0.1357401059070828,0.19086565154921126,0.7837685082678627,1,exmi hey doll sorry to hear bout ur doggie hope he come home soon would help u look if i weren t so far away
5.0,7.382215292053509,0.0,1.2259702457313495,0.3178083395723481,0.0,0.4430320233596614,0.17067086690582026,0.061479140762759794,0.9927038101008911,0.0,0.34303202335966143,0.0,0.9366448816393477,0,wyldceltic so i read i m glad you re doing better
3.5855258186462318,6.671413043601721,0.11311088935586489,1.0,0.09411783874790762,0.16458643339378154,0.35474220240235577,0.1798756142431388,0.0,0.9215846164699669,0.0,0.2547422024023558,0.009303754252813698,1.0,0,got a speeding ticket
1.9186179288505847,5.328559205467882,0.8794345345805186,5.899147219486521,0.8179961660929426,0.8860195950671237,0.8101196618037615,0.7270011051754774,0.8634760909222591,0.2058411710280906,8.0,0.050119661803761484,0.696465229435946,0.1982833754529741,3,i feel like i have always had anxiety ocd but it ha never really negatively effected my life like it doe now it feel like it is really getting in the way of my daily life being that i made it year without it having huge effect doe that mean that it can go away or will this just be my life now amp x 00b any thought that people have from experience
1.0820700371169338,4.231538801784527,0.556870992708214,6.70368119981268,0.871463133402871,0.7888939613919536,0.9042869010306225,1.0,0.7501863104982163,0.08364215106486794,7.0,0.14428690103062247,0.5802058959821138,0.16926153430322582,3,i have been living my sadness for a year i lost my wife and i don t want to continue here i want to see her again i want to be with her i am trying to continue my life but i miss her so much
2.923879864101897,8.216002064361366,0.42468841157084164,4.064052405901115,0.12424577826422736,0.22037260486635743,0.3520736669103696,0.0,0.0,0.7760460297939897,0.0,0.007926333089630366,0.06883594433779658,0.5772269970586608,1,natazzz hurt and sad
1.0,4.940438801401954,0.7726362231256326,7.838051597387911,0.8726635343980614,0.9961915178824334,0.737637963578273,0.7145399275851863,0.8511396260529998,0.26380802684559407,2.0,0.02236203642172696,0.6124679434455897,0.3728580873119921,3,i reaching help from stranger i really need someone be here for me i cant handle the pressure from depression i really want to suicide please help
1.0,4.433069791643018,0.7667626973262085,7.34415033559596,0.5921170506598668,0.6751886357607548,0.7522946935041679,0.7603836402741866,0.9313499268670278,0.26743574972337164,7.0,0.0077053064958321205,0.7385834772593893,0.2533601436591907,3,i am so tired of having depression i hate how hard it is to get up and do the most basic thing day out of the week i don t even eat dinner because i can t get out of bed i m tired of having to put in the extra effort to hide it at work and in front of my family i ve been single for a year and a half after a year and a half long relationship but my social anxiety ha gotten so bad i can t even put myself out there i m so lonely but too afraid to make an attempt i don t think i could ever actually kill myself 
4.754008674057746,7.513111721616154,0.1626574752801629,1.0,0.0,0.31010431613073375,0.2518812168544313,0.4285853741989061,0.21467469679098958,0.9243257698037306,0.0,0.15188121685443134,0.06309378540343573,1.0,0,jaredleto i can t sleep i need to work on my speech about huka and youth i hope i get the 0 full mark
2.4550753807826253,7.216722650159184,0.4187194054709811,6.1060429903040285,0.5759264102974994,0.4671989527498207,0.6699238302351429,0.9220180685563893,0.31560916533719624,0.540164647618927,2.0,0.06992383023514293,0.5799501863803294,0.4180181493476773,2,natalie craigf 99 monicablee it is for u bloke love still this is not a post about his depression it is regarding his football ability maybe read the thread happy thursday to you keep smiling and most of all bekind mufc
4.7270050335932705,5.131366942261897,0.08622303744015833,1.0,0.03627903675657121,0.20180510527627485,0.6110072474942468,0.016038716084675497,0.12359526976498185,0.9912114369463224,0.0,0.5110072474942469,0.07952465584068458,0.8729345845493118,0,sonnyjoeflangan oh awesome shit i missed it
5.0,8.973524359712231,0.36501376120676365,3.3394835067911695,0.0,0.0,0.2728482998324217,0.09246887072158533,0.2551311817438584,0.8573659340493877,0.0,0.17284829983242173,0.05209162788456964,1.0,0,it s official i m going to have an educational summer owh god bless me
4.378508655167993,6.359124501392152,0.45504678085665284,3.3047559489864513,0.39646836627267246,0.2429001967247762,0.33578731197704514,0.26313055802435015,0.1655066095475239,0.5804967818405032,1.0,0.024212688022954842,0.0,0.8683564829361254,1,kisluvkis oh that is very sad poor boy
1.9892168300459319,6.492812018388878,0.7184824994060908,6.248523621725228,0.23601352403573528,0.6023377546238315,0.7757906342423154,0.688802144130013,0.5665823194138064,0.2864577668178572,0.0,0.17579063424231545,0.49362734704285477,0.46439072031734413,2,for about a week now i ve been experiencing extreme anxiety and panic restlessness a need to move my leg etc it s been waking me up in the middle of the night or it hard for me to fall asleep bc the sensation is just so uncomfortable i also feel wired and like i have all of this insane amount of energy i have no pain and my heart beat honestly seems pretty normal maybe slightly elevated at time however i keep getting this weird uncomfy fluttering tingling sensation in the middle of my chest that will not go
2.438742462369615,5.263645613283569,0.551514067451619,5.054602113241944,0.5660384191798643,0.41579229412066604,0.504390658965208,0.7501168238778427,0.7095624741083241,0.41384283443552794,2.0,0.09560934103479202,0.4229788297300336,0.5713677388045942,2,i m so tired everything is rough right now i m getting sick of it and i want out it seems thing go wrong at every turn lately for example my family went on a big march break trip one week on a resort wa gon na be awesome to top it off i wa turning sixteen that week and guess what happens i get norovirus for day and then the flu for the rest of it i missed half of the trip how fucking incredible back home now and thing are more stressful than when i left the ceiling of my parent restaurant caved in from prol
2.3407883469889703,4.46086999697356,0.6734018953100327,4.59833225625503,0.7367147567119356,0.44944599974894606,0.9205692627714289,0.7632338785750615,0.47258802246560216,0.4439239416594506,1.0,0.32056926277142894,0.37759883392117194,0.3917321431261618,2,need someone to talk to
3.816774108018178,6.603449065776579,0.17889989912936866,3.8914732220825408,0.01842202338213146,0.0023387763970937475,0.3269806249786401,0.0,0.047349891636828983,0.9698810517054758,0.0,0.22698062497864013,0.14524596463987682,0.8337245202760721,0,cleders sorry i wa rooting for them too
1.3676136881351884,5.824370137797946,0.427547777018155,4.022313780095267,0.6052051041652052,0.6013330850687503,0.7138341997712145,0.8896076965994079,0.5538849191692171,0.5216597083952661,2.0,0.11383419977121456,0.5187946468758439,0.5650905004791004,2,legitimate question i m not trying to be close minded or anything i got referred to a therapy clinic by a friend of mine and i have been doing weekly session for a month now i don t feel any better and to be honest i kind of dread my therapy session because they leave me feeling even more helpless and empty i think my therapist isn t the best phd student in training but i feel so bad saying that since i know she s there to help me people have told me to change therapist but jesus christ i can t bring myself
1.7356612394716584,5.432362458467638,0.4841592346836773,7.11051391534006,0.5262807465011048,0.7091929384892808,0.6716610041613265,0.9552858743819804,0.5440414602542603,0.33355367708452155,2.0,0.07166100416132648,0.462066968318998,0.4084618419463219,2,dg thank you depression and anxiety suck but i m out the other side x
2.449089945863671,6.662227319974484,0.5046321979449802,2.7606571451801942,0.2670193487781126,0.30672414542478266,0.28604923265324433,0.34283894436196705,0.08044439968452591,0.6362430998960296,3.0,0.07395076734675565,0.2750945710386114,0.6183962760689965,1,brendamew no art tomorrow and nice to see you ve joined twitter
1.8655348368485445,6.355296193627689,0.5236601993247152,5.294935384532764,0.8065205758257568,0.5768207262510133,0.8066879580432308,0.3599774361187991,0.47494777795217746,0.5182640941721771,2.0,0.2066879580432308,0.41921952545257235,0.3410757772167836,2,pls guy answer what u feel
1.8161094877552155,4.17219185666182,0.5036247870583926,4.278274740333179,0.40126822283731767,0.749632973392712,0.9105641840345501,0.6158397279502091,0.5785263367560405,0.5909925519613373,6.0,0.3105641840345501,0.43627871084143155,0.40014157564409436,2,i just hit something hard i mean i ve been numb before the loss of feeling ha even killed relationship but after the breakup of the best bf i ve ever had numb ha been more common keep in mind it s been abt a week so far well lately with how he s acted and everything and because he even said so i thought we had a chance to work again in the future we broke up because he is suffering mental issue well today he told me he actually lost feeling i also had a small issue with a close friend over lying and smoking
2.150653451389735,5.413610266528824,0.8005226260277196,4.866103922477793,0.5840777548015299,0.5692037785028137,0.876227255935016,0.7173023428804426,0.6103009876229687,0.500496112325513,4.0,0.27622725593501607,0.39642587339526464,0.4848595006378147,2,third post on this subreddit from this account most day are anxiety inducing i spend the majority of my life in my bed no job struggling to complete my coursework or even just to take a shower a of the last year these day that i have struggled with since i wa ten have become many and far in between i wake up dreading the fear that the day will bring the argument the pain and the inevitability of my own suicide i know one day the suffering will be too much to bear and without doubt i will hurt many people i 
1.429317458684558,7.126874072336445,0.7865815648965233,5.774943643494353,0.6120743127591803,0.6085746885049111,0.8911837658423946,0.9020812891151773,0.6494381317636899,0.48407526376057586,2.0,0.2911837658423946,0.26718571739932173,0.38478142358870304,2,is there anyone here who managed to get out of depression if so how did you do it i got stupid lost my creativity and memory lost my energy just everything i am a useless piece of meat who can t even do the most basic thing this life is not worth living i don t want to spend my 0 like this where do i start and what are the thing i should do
1.6366599390537842,4.166297103915886,0.7532740943052133,6.979896281333449,0.8566183191129284,0.6598722981106593,0.7147066738561748,0.7361538229764287,0.6806344476496554,0.35730098689371836,6.0,0.0452933261438252,0.6642190083357565,0.23031896179609013,3,yesterday when i woke up i made my final decision to take my own life i have thought it over and even though there may be other option i decided that i am ready to just simply give up a the ongoing struggle ha made me decide it s not worth the pain i haven t felt anything but numbness for year i ve become obese my body is in terrible shape i ve battled with addiction but somewhat recently ive started to get over it when i finally thought that wa going well and started to be proud i wa met with people who di
1.6531300525310746,4.835102984431767,0.7784960007916295,9.693948546484341,0.5578329639176598,0.8605259129585906,0.8880054676302217,0.9369390030982544,0.7642374027276468,0.2998388681820516,6.0,0.1280054676302217,0.6544568430086355,0.1395237859494567,3,hello twitter i m on a one week leave from school bc i have depression how are you all d
2.8312495441612855,4.894672062553894,0.6166772756360922,6.121885992970869,0.45959488811060334,0.49193492247874265,0.729413917611134,0.6371207465368321,0.5404692016521865,0.3232883642844021,4.0,0.12941391761113408,0.47484306629919365,0.6084278989449761,2,i m ready to end all but i don t have the courage to do it i ve thought of different way when and where i would do it but i m scared i m a f and life isn t going well my career isn t going a planned in a few week i ll be out of a job i wa terrible at this job and had no choice but to leave i have another offer and interviewing for another place but i m scared it won t work out and i m ashamed that i have to find another job i m struggling financially and i m too scared to tell anyone i don t know how i m go
4.903526459026378,7.812973222095671,0.055765021809271655,1.1194805474096943,0.0,0.07264703878618982,0.3656650415254695,0.39586173821994314,0.0,0.8176354869892648,0.0,0.26566504152546955,0.17909661332964533,0.9316166727037352,0,my fast remains un broken
2.4727066194592435,5.669768480744196,0.5404046146231369,5.538524291927792,0.4011090608563278,0.7124083540481826,0.667454874578075,0.7353434768077205,0.3822489067710519,0.619538670266004,4.0,0.06745487457807497,0.5700831687754235,0.3018728452088905,2,i just bought 0 paracetamol a 0ml bottle of vodka and some coke to balance it out i love my mom i feel like shit this happened like 0 0 0 but my crush at uni played me flirted and cuddled with me for two day only to fuck another girl right in front of my eye and after chasing him and being rejected i got bullied by our friendship group everyone cut me out and stopped talking to me he fell in love with me after i told him something private and made a playlist with song about me on his phone and i fell into a
2.125790840992053,5.480668053413731,0.4536502614611475,6.243672691832629,0.6333004507632224,0.5916876539237537,1.0,0.8072735825592767,0.34378249899267754,0.6157649615189457,1.0,0.4,0.5473190559295676,0.3056910619617098,2,i finally opened up to someone my mom and told her how bad my mental health had gotten and that i d purchased thing to go through with it her response i don t blame you and would understand if you do and walked out the fuck
1.6679309810875167,6.479091373335016,0.44482838568825533,5.82576834734035,0.6880709189528924,0.42925679096136654,0.8360896169064477,0.500154901037623,0.3955203160916248,0.5432083429600986,3.0,0.2360896169064477,0.5099674429962326,0.3813967770474452,2,you ever see a grassy hillside and want to just melt into the soil and be consumed by the plant
1.6491454272644406,5.674062793004723,0.5962537911488499,1.4356871481987783,0.7280787090757186,0.7949170424934049,0.9289484563307875,0.8621075470643398,0.457362821626077,0.5464043086580492,1.0,0.3289484563307875,0.5840360868734193,0.42946639121488167,2,i have no will to live anymore but i cant kill myself because i dont want to hurt my mom or anyone else who care about me i fucked up my school career and have no motivation on anything in life and im only year old sorry for my bad english lol
2.0615462628152645,4.749790816243267,0.3584286384370643,4.877737127327387,0.48838196773165476,0.5018760729526514,0.7261401360466361,1.0,0.3339046054859304,0.4908845173353238,4.0,0.1261401360466361,0.3765641044989449,0.39155420589242684,2,hey i don t want anyone to feel too down but any advice might help so for the past few day week scarily maybe a couple of month i haven t felt real and it s starting to scare me i ve struggled with anxiety for a while and i ve had it happen for a couple of day in the past but this time it feel different it s the physical embodiment of is this all there is like i m self aware yet everything is hazy and forgettable i thought it would go away when i came home from uni but it hasn t i just came back from a fami
1.4025593206549143,4.154697055838813,0.5347342782852397,3.940665278414599,0.6752958498688855,0.644971457519149,0.9612995449777464,0.3873161451179258,0.6200418603565373,0.41057099853872187,3.0,0.3612995449777464,0.47961917203716564,0.6150943901138787,2,http t co fceklau ff for your depression
4.229409852677754,7.290230352440291,0.0,1.1356241827836453,0.20075080710957233,0.38259832222837464,0.12389036968452041,0.03871154405366978,0.1880068398694453,0.9825223652937162,0.0,0.023890369684520435,0.17761022872831847,1.0,0,kishorek this is strange illegal torrent avlbl everywhere legal dvd not in stock what do i do now
1.5305741256627898,3.5110636758201315,0.995556239352535,7.809298554134687,0.8542539172376457,0.8212685382502549,0.7917863798079323,0.5724055976779355,0.7609464473245934,0.33146257865255735,3.0,0.03178637980793231,0.724097797819339,0.12987102371757808,3,being trans fucking suck kayleigh will never pas therapist are ghosting her so there s no help not to mention on top of that having a piece of shit father and failing school doesn t exactly help just need to end it so the pain can finally stop but too much of a pussy to do it fuck everyone who say it ll get better kayleigh ha heard that for the longest time now and not once ha it gotten better
2.304678678977641,6.146424120941174,0.6432657783961412,3.53337953098042,0.47697988074236514,0.4501545290330876,1.0,0.8321356173983298,0.40092726506735055,0.12547021149007337,7.0,0.4,0.6450441089701785,0.49539236985349894,2,i have probably around 0g of metformin sitting next to me right now im scared but relieved that everything will finally be over
1.3384422323704708,3.973336321517858,0.4566996522954474,3.686668989779511,0.6426795300681043,0.5847782951560103,0.631171375971652,0.6276695347452513,0.786170473769819,0.5013832534388049,0.0,0.031171375971651982,0.3920837913821519,0.4407646264483865,2,could you imagine angel eva fight against titan we got double depression http t co rqscb dom
2.3694531016905995,6.872871467256736,0.5997839191195661,1.0,0.5390203434096842,0.4002706366072717,0.6782951340073898,0.4202112235231664,0.4068104569256097,0.4376654766842055,3.0,0.07829513400738985,0.4392125567249544,0.6061457533480824,2,i feel like shit i just want somebody to talk to idk if that s too much to ask for
2.102743617105163,6.9249754518583,0.5915612041080878,7.410954029690182,0.6038665054478203,0.4216030463579621,0.8070351634081753,0.8005064298085887,0.6331415736046302,0.7260517650936293,1.0,0.2070351634081753,0.40506900893626707,0.4090089432586421,2,there is very little that people will not excuse a long a you mention depression a a primary motivator the depression free pas is extensive
4.390985598066615,7.663228839182943,0.2501355904093001,2.376813181179863,0.0,0.12470354233011767,0.6208572401956813,0.32252062705689677,0.2305674198160449,1.0,0.0,0.5208572401956814,0.0037632719866778352,1.0,0,an thank you i have to now do it all again today
2.811457084566049,5.563133316414262,0.7304611786903961,3.080835117801653,0.6845731614602584,0.5717478588775606,0.9535697896115014,0.6043402878293127,0.4767950487043964,0.4887660887439699,2.0,0.35356978961150143,0.4246607764177223,0.4745955568533318,2,who knew rishi sunak being incapable of using a fucking bank card would be what kick off today s depression spiral lmao
4.901700222725496,7.688075133570327,0.0,1.7748329002049212,0.0,0.0,0.5236159791295066,0.14041528242762058,0.0217856182516578,0.9393738701569662,0.0,0.42361597912950666,0.11568123590548603,0.8982674076628991,0,wont get any rudd money for those in doubt http calculator ato gov au script axos axos asp context amp kb esb xr amp go ok
4.335036782270503,7.2623139850799285,0.10555519893200833,3.017220916062073,0.003642260414571205,0.09608969805063274,0.2237737500479245,0.19863908368901015,0.0,0.7386351248056501,0.0,0.12377375004792451,0.11122161490483434,0.8239519553028568,0,incredibly immensely indecisive
1.296365854232862,4.362096482870275,0.8543565390221625,7.256155395728286,1.0,0.8476501993613507,0.6962877386880435,0.8636838592543729,1.0,0.21114387273311375,5.0,0.06371226131195651,0.5428833075886025,0.11231217408646715,3,fornowshesgone depression did
3.381787117558589,6.648393048844599,0.32564283655187337,1.84970913700622,0.33444082950845255,0.3352668010765533,0.2582658286926457,0.0,0.0,0.762083761790077,3.0,0.10173417130735429,0.15434789673445998,0.7173771895116242,1,terrible toothache feeling very grumpy hotel to write about in my work queue
5.0,7.9760507635195355,0.0415069795710154,1.618743951052556,0.16228529457617402,0.17328577583590982,0.32320281006579643,0.339892439234481,0.07420137749107093,1.0,0.0,0.22320281006579645,0.010207904394463785,1.0,0,talking to a boy hating work though
2.705680326850434,6.67835052180943,0.6706176514068669,4.827281502305462,0.7609837948346065,0.6195728267005685,0.7640767755219244,0.5800981536567645,0.578846086119742,0.3002653937816275,5.0,0.16407677552192446,0.47731390779044935,0.3505704934651282,2,i m just so disgusted by myself i don t want to do this anymore i hate myself so much and i can t stop thinking about blowing my brain out or taking all my medication when i get home from work in one year i ve ruined my life and future i fucking hate myself so much i feel like i m going to burst into flame i don t know how to live with this and after a year i ve realized i can t
4.578254467626209,7.62295346532152,0.002233835666742165,1.0,0.18929711694723306,0.0,0.0,0.18547671439494634,0.117672308167447,0.9779068538337229,0.0,0.09999999999999998,0.16834207228985124,0.8575938892474622,0,watching dj emir battle his computer for supreme ruler of the studio i think the computer is winning
4.717792008616171,5.38591614669945,0.0,2.728130595575464,0.0,0.03592529536515146,0.26144721088435086,0.4734839654901657,0.18443056333144467,0.9780936701573228,0.0,0.16144721088435088,0.030890442194042002,0.938267815574714,0,celesteclara i can t sleep either
3.3483926572962233,7.345271592894313,0.15784435626640425,2.6529030345295235,0.0,0.0,0.4861729556996146,0.3781816989290836,0.2298855167082603,0.9363470757416641,0.0,0.38617295569961463,0.08333009043715538,1.0,0,theengteacher dammit getting to know this corner very well
3.8409823186910836,6.734117483122862,0.5179310707606652,3.770582852027518,0.3983749973840164,0.4045556222677839,0.34481582600907534,0.4169021857686222,0.12093543173797396,0.7791665601031647,2.0,0.015184173990924643,0.15740229869309538,0.8540896852682884,1,my xbox a finally given up the fight
1.8429406760899436,5.667282166643203,0.41420140212954704,5.554275334632489,0.38301328977863347,0.5602300149673295,0.9712833482115116,0.7332324856966616,0.7374217143622512,0.49978938126874095,5.0,0.37128334821151165,0.6124023399542085,0.4829478623530636,2,i ve been taking fluoxetine for two year now and my ability to orgasm i m a girl ha completely gone out the window in that time i finally felt secure enough to ask to switch medication to one that doesn t have such an impact on my sex life and i ve just been prescribed mirtazapine l d be so grateful if anyone could share their experience on mirtazapine both sexual and otherwise i ve seen online it seems to take a lot longer to start working week and i m nervous about feeling worse in that time too i am cont
1.8547445204111848,5.583281575746827,0.5571906654554882,7.009176747207036,0.2833084250706025,0.5832839460571118,0.8707481107981647,0.8705775185703444,0.4873581887799504,0.5354667722323404,2.0,0.27074811079816474,0.3888610255793592,0.5051075154139105,2,i ve been experiencing such a exacerbation of my anxiety symptom that i think it s time to get evaluated for medication doe anyone have any recommendation for provider in the nyc area or in ny state in general since telehealth is a thing and nyc is insanely expensive 00 for a consultation is steep
1.4748100799362267,5.710748362234031,0.3472740121022987,8.211976841030753,0.6348362127323371,0.6570470330227614,0.8233211073357775,0.6600843351537335,0.4918057746308239,0.36722799000703804,2.0,0.22332110733577748,0.35144266266027846,0.39097139295625205,2,ha anyone used benadryl for anxiety attack i started using this because i refuse to be on benzos and find it work just enough to make it more manageable and wanted to know if others did too
2.825912516159524,7.088140051614236,0.5504408786454718,4.383097168910371,0.2530671597690756,0.18758153952832943,0.39068514655078435,0.0,0.042296395031762225,0.7260889733456037,1.0,0.03068514655078436,0.15080128059714137,0.6502663256309585,1,fucking boredom make me wan na go have a smoke
3.100638231655663,5.519697849953382,0.2662645672671622,1.7600310368870178,0.42148868255810923,0.4521717205839476,0.20664831835057137,0.23954986418500998,0.0,0.8726155258845001,1.0,0.1533516816494286,0.2384786058601937,0.5876078555189332,1,duncanmacrae hmmm well good luck with that
2.0647123542514696,5.873785144735464,0.5921925948210239,2.600880160059647,0.5264382505731938,0.3867823125618599,0.9192373489152108,1.0,0.48155275647393064,0.3843064357655854,2.0,0.31923734891521083,0.31061397214608605,0.45481729443559843,2,hold tight it s nearly the weekend here s roger inferno attending a seminar to deal with his negative thought like a totally normal person depressed superhero webcomic mentalhealthmatters depression superheroes webcomics comic positivevibesonly itsokaytonotbeokay http t co erpvmv l n
3.357855316375245,5.00038865387819,0.3538380451774848,3.9779888701912895,0.48696963267289695,0.2219251693479026,0.1962134684935341,0.147099163813145,0.0,0.6148579438114428,3.0,0.16378653150646588,0.11317952723199612,0.5773858039789931,1,getvisible journalist are up there with ambulance chasing lawyer in my reckoning
2.5453199921446554,5.980150685864701,0.5557469151425931,5.780802223155743,0.433593586044772,0.5580444137263788,0.9940906296202934,0.6309213086804406,0.5496557591302076,0.4538240026887168,1.0,0.3940906296202934,0.2609030280285737,0.4127175241721512,2,my chest feel so heavy and tight im having trouble breathing im nauseous and my head hurt so much
2.0502955247870402,5.13978766014457,0.6271757684138434,5.239211162274662,0.3785016474084045,0.7072352251442424,0.9636196392115257,0.7171320680649225,0.6682611130045865,0.429079527371285,2.0,0.36361963921152574,0.4554873304424601,0.5185040393600019,2,content warning od throwing up hi this is just a vent ig but like last night i really felt like taking an overdose but i decided not to so that i didn t have to throw up cause that happened and i hate it and i don t want to throw up and then die like that would be awful but today i woke up at like three or four am and puked all over the floor and now i m just thinking that me avoiding taking those pill didn t work out like hoped like i still threw up but i m not even dying
5.0,6.9423582088615055,0.2354231926437398,1.0,0.024500436387517407,0.02728559380680594,0.370953035716427,0.25480834949799164,0.08535735320729826,0.7178288902392407,0.0,0.27095303571642704,0.15361299393904027,0.8556436194962869,0,wonder why someone that u like so much can make you so unhappy in a split seccond depressed
1.3735785458435144,5.9664131567511705,0.37140352127385434,7.398912407082046,0.5792893133657158,0.7308396615480509,0.6596442987986759,0.9009666694840596,0.6279274154409473,0.4271405517433931,0.0,0.05964429879867594,0.37529687731313005,0.5633396103462823,2,im home alone for the first time in a while cant help but to think now is the time to do it hate my mind think this way but idk how else to think
3.203854713378738,7.779344466431913,0.442639465432509,5.76957317991399,0.564910100979118,0.48066716296666445,0.6669215198702971,0.7519127577129544,0.5848639052968072,0.4263810133901672,2.0,0.06692151987029715,0.48273923406716485,0.44313579423876237,2,i don t really have any kind of hope that any other kind of love can truly save you it ha to be romantic because you don t trust friend or family when they tell you that the love you anymore but if someone is willing to hold you and stay with you for the rest of your life just the initiative make it feel better but my problem doesn t even lie there the real problem is that i don t really see myself a someone that can be loved and the reason are endless i m not good looking i have severe social anxiety and i
4.456941622906239,8.03459269198718,0.0030211399114235676,1.0,0.23966309203931618,0.0,0.29081936120547064,0.42706422901941926,0.08507794228312157,1.0,0.0,0.19081936120547066,0.16347889636975843,0.8495236075063387,0,i hate cooking dinner
1.023981596299882,4.332293151485754,0.9449239926566108,8.476281361938101,0.9985472676120832,0.6386000194590589,0.9611592410041004,0.6370343549723221,0.9077140715388556,0.08899250112276592,9.0,0.20115924100410043,0.8596245375444386,0.33012915510021634,3,please help i need to know if any of you have been on some type of medication for your anxiety and depression and if it s worth me giving it a shot i ve set the date and found the method of my suicide but i want to give life one last try before i pull the final curtain one reason i didn t want to go on medication is because i ve heard it just make you worse and you become too dependent on it in 0 0 my gp didn t want to medicate me after telling him i d made an attempt on my life instead he said to try thera
1.6011658128700956,6.547962036859308,0.7998335170358315,5.506729483305278,0.5601888654634258,0.5835848744281262,0.6979826760718748,0.8520876552852339,0.5361092283579638,0.4428182169851089,4.0,0.09798267607187483,0.38810020024069936,0.3518274380770253,2,i m writing this in hope i get a sign but it s been year already and no sign of life getting better my mom hate me she already told me that my family doesn t give a shit about me and my friend they also don t i ve been trying to get a job i wa just fired from a job where i wa happy learning and getting good pay they just sent me an email saying they no longer need me no feedback except for you are great but not what we need i have tremendous stress a i have to help pay rent i don t want to be a burden anymo
1.1577353173551614,5.3563428525680905,0.5044738077359419,6.51163481292857,0.6732412112500792,0.4528212496137436,0.8390273197574917,0.7532501401435661,0.46418855668727255,0.48951824367897534,1.0,0.2390273197574917,0.4895937041833125,0.45838100629177103,2,we all know im too much of a pussy to kill myself but fucking hell i want to i want to jump off the bridge near my home being killed by someone would be even better sometimes i imagine myself sending people my goodbye message and killing myself out in the wood there s a tree i stare at every single time i pas it with a perfect horizontal branch this fucking close to buying a noose and just doing it and the worst part is if anyone who knew me irl read this they d think i m joking and that it s stupid but the
1.5639441516036177,4.3150854112861605,0.44602756931934684,3.893361187966785,0.414082098591683,0.7215781283691804,0.6436391846664739,0.7495510087187226,0.5962017619174093,0.5433374538089251,5.0,0.043639184666473874,0.37283563895717664,0.49712872129876623,2,i ve been distracting myself with hobby and uni but at the end of the day i always get reminded that none of it matter they re only there to stop my train of thought from entering my mind they re just bring a split second of feeling recently picked up smoking again and it s the only thing that can temporarily bring some emotion back there s nothing worth living for why am i still alive i just don t know how to feel anymore i just want to wither away and be forgotten to close my eye every night hoping to not
4.28670875982984,9.327490377438519,0.21461640138042704,2.9841952029602257,0.24278357782613505,0.2511855681823637,0.20485996351100633,0.0,0.026335970217960455,0.7838537889571586,0.0,0.10485996351100635,0.0,0.955110662389151,0,deemaah but i offered to clean twice
1.8827000927232733,3.9204862753796865,0.7735383512414618,6.379908598823006,0.7321519810377349,0.7538156862163765,0.7912075113717351,0.6771718518106826,0.7508797758265039,0.24240836188342454,4.0,0.031207511371735053,0.4584612734053112,0.20579051149723412,3,my gf ha several psychiatric condition including bpd ptsd and others and ultimately she say that she hate me and everyone around her for neglecting her and not helping this isn t entirely false a i have a few thing i m working on for myself but she undoubtedly ha it much worse she s been staying with me but primarily life with her parent a she can t be without her childhood home i m worried that me being around her is just making u co dependent or that my lack of real experience in psychology is making thin
4.328804429317802,9.264897724502715,0.2991525984431131,2.8838179660353322,0.03043026959023422,0.02912397507850019,0.46504028996517677,0.05605979293121499,0.07809519095542292,0.8703329891529038,0.0,0.3650402899651768,0.06862375369290212,0.9410413642490936,0,tubeyornot b you and me both i thought i found a tweetheart but i guess not so the search continues
4.790885363594279,7.484025123070898,0.22560673650631224,3.6745051710141214,0.06040719061764913,0.1264031526574072,0.16688365726264986,0.2727960870885449,0.033225607307598645,0.9474356945152459,0.0,0.06688365726264989,0.20894355048119265,0.9410470215163735,0,i just gave an msu fan a car rental discount he looked so sad i just couldn t turn him away
2.233355544788909,4.904981627220149,0.4401380774454937,3.8121213652473247,0.7416276790246065,0.46500572066220924,0.75533000547104,0.9648373318510882,0.5419368221940332,0.5575379546081769,0.0,0.15533000547104003,0.551821955862867,0.17034521730267949,2,about month ago i had one of the worst day of my life and i wa ready to call it quits if it wasn t for my closest friend stopping what he wa doing to come see me i probably would ve then and there p this is an appreciation post
1.8824499766177318,6.562654647031042,0.7696865626684608,7.305775161411169,0.9088475239078766,0.7678670386060169,0.9728964110762127,0.8070789586989958,0.7122210528378488,0.20148097139534712,4.0,0.2128964110762127,0.6891063504338386,0.3844705562298184,3,julius s malema nyaope boy are causing havoc in township breaking into house you can t protect the dealer our people are suffering and dying in depression come with solution to create job skill we are tired of your speech and poverty we don t eat speech http t co xiw wf jkx
3.861352290723001,8.099299962215952,0.17198777558997747,1.2854051844923986,0.37141430556844013,0.0,0.22491674707830295,0.16769065983048298,0.25079582254139765,1.0,0.0,0.12491674707830297,0.0697209131250434,1.0,0,m rkm you stuck in traffic then my journey wa traffic free this morning if it s any help
2.245346565876362,6.504546994507207,0.46423691562625957,4.889112342145986,0.7556572434202364,0.7457994738688407,0.9174198223523766,0.8946070791204037,0.47440800100695596,0.43037306361113775,3.0,0.31741982235237665,0.4068040655663992,0.49928688232048873,2,when i wa a teen i would burn myself with match because it made me feel better it ha been many year since i have burned myself today i got swarmed by yellowjackets and stung several time and instantly felt better i m not sure if it s the adrenaline or something else or if i m imagining it thought
2.588126579438079,7.603462499599048,0.45577119599687854,1.9208742675098625,0.43223344006001535,0.18202409688630394,0.37074206550674665,0.2563071655934559,0.02293542172065803,0.6939960217575244,1.0,0.010742065506746667,0.17511884774369946,0.8292743043069802,1,kaylee 0 yawn i m pretty good thanks awww i m sorry to hear that feel better soon lt
4.527329511163421,7.01366338507398,0.008403523332181556,1.0,0.3148982374632404,0.0,0.21391867441700818,0.0,0.16361499388291123,0.9062824603862648,0.0,0.1139186744170082,0.2219471969583102,0.7833088809630967,0,nick thompson nick i d love to blame my oven i may have to blame the fact that i d had a shed load of wine and wa watching top gear
5.0,7.630565009837339,0.0020226391340393834,1.0,0.10712336922501789,0.22911649804540643,0.1296470300199673,0.2221639020716641,0.10763837371310765,1.0,0.0,0.029647030019967324,0.1691163247569864,0.8606339298957857,0,is tooooooooo cold
3.6158569104293536,6.825050651289939,0.41687057526309157,3.031119108954049,0.09429271937783901,0.4155309221838129,0.4408109659752054,0.5132018726522953,0.07631339331517463,0.781961235570539,0.0,0.08081096597520543,0.23591615668718588,0.6201122541996735,1,caught myself looking up the iphone promised i wouldn t torcher myself a i still have month left on my current contract
2.3812459951639737,4.3046050404237,0.6888368807322993,4.138348561612761,0.5995749760462181,0.27422421577157524,0.9513819817804374,0.8127285687279129,0.38916793424559293,0.3529593965973616,3.0,0.35138198178043745,0.41239916305136665,0.43082990368668717,2,i am vengeance batman is just emo if we had a superhero his tag line would be i am economic depression
5.0,6.525958473058866,0.027630411011952516,1.0,0.27781875569479253,0.0,0.28037335814280423,0.0,0.17857422862094363,0.9154596676088856,0.0,0.18037335814280425,0.0,0.8570501922819955,0,shooting outside my house o not kidding so scared
2.7596585549427584,4.9885998737369235,0.7187649524969171,6.0110208620931935,0.562701416631216,0.6914761209396849,0.6217493737284244,0.5797274393395986,0.5209553566824027,0.29544104730002074,2.0,0.021749373728424448,0.32624868318787537,0.5142027849457724,2,hey guy im gon na be honest here im a year old stoner with a lot of mental health issue i havent ever really had anyone i felt comfortable or safe opening up to and i know it can be the same for a lot of other men of all age i wanted to create a subreddit of some sort a a safe place to vent give and seek advice for domestic or any other reason a men mental health problem seems to be kinda looked over i m looking for advice on how to grow that kind of community i haven t had a safe place like that for me and
1.4808943741591167,4.590979958424957,0.8405374818329316,7.285484361801771,0.7923502935691571,0.8066942591875731,0.9145727815792108,0.7971999000835382,0.8710694842320122,0.1145497065938566,7.0,0.15457278157921084,0.5477776893238302,0.2211507578825824,3,just need someone to talk to whether you re listening to me or i m listening to you too
4.315155605351485,6.56124664173827,0.1363817662628052,4.748265118329404,0.3091281974876598,0.010498836956830349,0.6475188727072744,0.4308731332749399,0.0,1.0,0.0,0.5475188727072744,0.0,0.7892275057894553,0,smashleypants awwwww virtual flower chocolate hug and kiss lt
3.7887025405338055,7.186510629555145,0.0797312186284015,1.0,0.0,0.2419614960066398,0.8010628154425965,0.45338137525988764,0.00782526212209475,0.8194075844443773,0.0,0.7010628154425965,0.07346262054725065,0.8236677880250839,0,localtweeps wow ton of reply from you may have to unfollow so i can see my friend tweet you re scrolling the feed a lot
2.315110196097336,4.453062824268753,0.3976493776759048,6.963861554511252,0.7432008064641985,0.6260216253641632,0.911622879339899,0.6584422927024838,0.6091258156449602,0.6022125839223842,1.0,0.3116228793398991,0.32621467812006905,0.384063761359577,2,today i felt like i wanted to die but i didn t really what sitting with someone in a dark place really mean depression shadowself emotionaleducation http t co fwhl9d jue
4.333825089425305,6.26877348276991,0.043100641693026465,3.886417455974217,0.0,0.13531547512836428,0.246369389419099,0.20066294136183582,0.07560209293345939,0.8962534339133857,0.0,0.14636938941909902,0.2030181306831813,0.8355617465673084,0,defsound aawwwww i know what u mean iv never been that girl with a sense of humor
1.0,3.8048197398577317,0.8867762344959566,7.707143689713193,0.9376156968565457,0.5612656246016972,0.9264835176166657,0.6076328987220765,0.9754199622549975,0.4709503778827237,5.0,0.1664835176166657,0.7666523615693511,0.07909044556751393,3,theekween it help with depression anxiety and loss of a loved one thelmaherbs
3.4577588013029086,6.508758515309916,0.2016171889354058,3.643570203541587,0.32346757974510243,0.3557503196727531,0.2048635204137725,0.13940229229443477,0.0,0.6510505375042591,1.0,0.15513647958622748,0.2046534805582455,0.7165745778391389,1,what tragedy and disaster in the news this week
1.6211910571933545,4.8924682074875525,0.6578597035729052,4.410890659994472,0.5484944991751133,0.7034992533315809,0.889460130704659,0.6592715337395739,0.5453276378083076,0.483730714574924,4.0,0.28946013070465904,0.36609545131124127,0.5763777864908952,2,i am having a hard time nailing down whether i am truly experiencing ocd or anxiety or both amp x 00b doe anyone have any experience with one or both that can chime in
4.215658213017082,8.73800700863582,0.20373105790731566,1.9445232476319034,0.3654881468129152,0.1915290212985347,0.5514729679658643,0.11978250458658632,0.24529684263692314,0.8088191851285876,0.0,0.45147296796586434,0.10241179975616052,0.9135295287145201,0,gnah inner tube exploded got ta get a taxi to work or be late
4.561028657024202,7.432460667593366,0.0,1.0,0.1497874188588747,0.14059878316983637,0.3245782243934225,0.0,0.12312688729115051,0.804255855993311,0.0,0.2245782243934225,0.0,1.0,0,karsentheslater i m getting pissy lately i know i make mormon joke at you i m sorry i hear mormon joke now and i feel bad
1.0,3.5639435529103642,0.6508075540950364,9.22568214453796,0.8385676823563819,0.9409472085262769,0.7492865346345763,0.6158566121468623,0.832127909090196,0.16898482530375664,4.0,0.010713465365423724,0.7604420948984141,0.4220891633697277,3,for reference i am f graduating college in may i grew up in a really shitty town and i worked really hard in school to guarantee i could get into my dream college and move to a city where i thought i would find more likeminded people college sincerely sucked i had terrible friend now don t really have friend don t really like my major scared that i only have qualification for a job i won t like and not to mention half of college wa online because of covid i am so terrified of applying for job and figuring o
1.0,4.962337938448061,0.6804720127139312,9.432438700097347,0.8531159001499468,0.7597430210521771,0.6972697491749624,0.7432629509890295,0.9216270907387517,0.2956530499917847,2.0,0.06273025082503758,0.678391589777368,0.13524642723719155,3,earlier today my mom used a defuser on my hair because it s getting shaggier so the curl are much thicker thus not popping out a much a she wa doing it i started to feel dizzy couldn t hear vision got worse and i nearly blacked out i don t know what the cause for this is so yeah i m posting this idk if this is the right sub for this but it s worth a shot
2.713079794066805,6.519944586267976,0.37851528064441187,3.3723890936940064,0.06857094392969149,0.22917287749028514,0.2763404453160218,0.4666790304480427,0.3075249281535957,0.8848791529408175,1.0,0.08365955468397818,0.26224928357792376,0.8450808300756436,1,my project is going down the drain legal issue seem to have dealt a fatal blow
1.833039289644694,6.373365597433376,0.4608458846633309,3.9598595780903265,0.7618984239055046,0.7035099515433637,0.864486324768746,0.8560252970642064,0.4085864276037681,0.42558343046945346,2.0,0.264486324768746,0.5339297116323999,0.38285900647304805,2,i have a hard time articulating how i really feel and it frustrates me to no end i just wan na let it all out but it so hard it make it a lot difficult to seek help when i can t really explain what i m feeling and thinking about i can somewhat recognize what i m feeling but the moment i try to write it down or explain it my mind go blank though i can say a part of me doe feel guilty for unloading all my problem onto someone so maybe thats one of the reason i m unable to reach out to people for help plus ano
1.4909126040831557,5.846407891084602,0.4325661542972261,5.796070682748113,0.3985326474045938,0.4464899357099492,0.9057897785416265,0.6500222084916454,0.6004372048673854,0.3724168101711759,2.0,0.3057897785416265,0.2620350335921573,0.37253662091125495,2,i ve recently been planning out my suicide i probably sound like an attention seeker but i feel really terrible right now i can t get therapy and i have no where else to turn to i wa planning on attempting on the st of march right after my birthday i m so young life s barley started for me i can t handle the stress my parent don t believe there s anything wrong with me and they think therapist are corrupt people all i can do is cry and hope thing turn around for me i live in an average neighborhood middle c
2.4339886977177505,7.00157771678829,0.3416110597775199,2.318099887628464,0.39094657899243973,0.3003981201265756,0.33406334300379414,0.08745099825074631,0.07662215344937116,0.8954967439799444,0.0,0.025936656996205842,0.36041859421126565,0.7297558559408587,1,overheardatmoo wish i could have participated this time
4.525644320406981,6.426909019020242,0.0611562283578456,1.0,0.3599671086727595,0.11170371838719324,0.6194054527364599,0.018097533245754527,0.21780060174286017,0.9280816369047402,0.0,0.5194054527364599,0.0,0.6936637766173899,0,got highly bored today scanning page for daddy had to do it
4.255658457101539,7.275986953881659,0.15001356896010748,1.533173171533143,0.04058533955039007,0.18000718855590936,0.5359004607933167,0.05073437446511242,0.062294199825113444,1.0,0.0,0.4359004607933167,0.05872655372348813,0.831898231749432,0,i don t understand why thing get taken away i didn t have enough time with him it unfair i want him back he wa like my baby
1.6353888570918873,4.163172909406353,0.6255316713536656,6.656820735386902,0.6242182228020572,0.46670435017781275,0.7374381405152934,0.797193686683535,0.5956573945060925,0.6669116529447339,0.0,0.13743814051529346,0.44420914422540636,0.38596198388075675,2,i wa a good kid class president one of those pesky mormon missionary after highschool on scholarship etc then at i snapped and went to prison for ten year i vowed to overcome it got out finished college and married le than five short year of being free i threw it all away and went back for another year on a parole violation finding out that week that my poor unsuspecting wife wa pregnant with our only child i struggled through five more year of incarceration dragging my entire family through the nightmare t
1.7358335621518737,4.710049346030397,0.4892928541731277,3.9205577820509876,0.5356213731287348,0.4043732618336321,0.8807193230839605,0.9584522264294096,0.509598408051452,0.5501311526442522,4.0,0.2807193230839605,0.4789078657388374,0.5116984054722808,2,it s so exhausting waking up every morning instantly with a wave of sadness and discontent then the whole day is filled with me trying to keep my mind off of my own thought and trying to chase little happiness i m tired of this why can t i just wake up happy and in a good mood like everyone else i m so exhausted and tired of living like this nothing help and nothing sustains it i try to workout but that doesn t help i m at a loss of thing to do about it this isn t how i want to live life and it s exhausting
2.076886055130846,3.9675277535056503,0.4764800867293223,3.1404669982814686,0.5715236690608687,0.5076102627207847,1.0,1.0,0.49094195210660946,0.43354102342428347,2.0,0.4,0.45942095543162575,0.5600006714964707,2,just washed the huge pile of post binge depression dish from my bedside table who s proud of me
2.282713645082526,4.539407432617146,0.42964497132085416,5.946932949667705,0.5363384683673782,0.5762323866005413,0.671962201213513,0.6630867190008757,0.4763975558662341,0.570861885700055,7.0,0.07196220121351304,0.4873945352405038,0.3594111073853543,2,it s like knowing your place in this world i ve always been proud of me i always felt i ve done thing a they should be done fairly loving good people listen to others helping them always trying to draw a smile on their face and making their world a better place because life is short and everyone deserves to be happy no matter what and i thought i deserved that too but all i can see is that i m lonier than ever i never felt what is being loved the only partner i had abused and cheated on me leaving me memory
1.0,4.477065297771214,0.8291203610526808,10.0,0.7874804424941639,0.8092669760552181,0.7892821600535886,0.758234012048892,0.796052578831584,0.04669390844958235,5.0,0.029282160053588635,0.6998671073366136,0.443822895742761,3,i wa fine for a year or so and then the anxiety come back worse than ever panic attack in the evening which make me feel like shit i feel so fucking bad inside of my chest and stomach and my thought don t stop rushing in the day and morning i m fine but in the evening i feel like i m losing my mind and i want everything to just be ok but how will i live with myself i m generally healthy i work out i do breathing exercise but nothing help and it fucking suck school actually calm anxiety because i have a task
1.9763127670701561,6.929322109810689,0.597982679018836,6.6068874320728606,0.6115358703131725,0.5596707496275352,0.7864432307705663,0.8001499489121369,0.6117030806132844,0.5044685543191447,1.0,0.18644323077056635,0.45087384646493256,0.5570358434428122,2,hello im currently and ive only ever driven on the freeway once wa on for like a minute before i got scared and got off if for any reason i have to use it i ask a friend to take me or i get an uber instead driving in general ha always been scary for me but the freeway is the bane of my existence i feel like at my age it becoming a problem plus it just kind of embarrassing to admit to other people my age haha especially if im asking for a ride if anyone else ha had this problem please let me know what you di
1.7565228769891112,5.148723280512854,0.34260440368672695,5.227505379560871,0.13589994067099265,0.4624031965790535,1.0,0.872052045868736,0.4465300705177011,0.5044621621989134,1.0,0.4,0.4484288004310008,0.5716278171947655,2,finally got my med so hopefully i climb out of the depression slump still a bit rough for now though so i ll take this photo a a future benchmark http t co ytl xwedd
3.6020517269655703,8.480581503474001,0.35129183622557764,1.917744240530698,0.3404127159178382,0.26279159271439684,0.07902522271964332,0.32265166910588955,0.0,0.6078701050961457,1.0,0.2809747772803567,0.02022528547324351,0.8738533164744016,1,there s more security here than at sydney airport and no spirit at the bar startrek
2.646770843850679,6.1239881732275645,0.6171211250846069,3.3993842175503453,0.6899252186679324,0.5385355459326779,0.9542425624282534,1.0,0.49913508429659803,0.5232521938105549,2.0,0.35424256242825347,0.2673100994653609,0.6012078385286084,2,wo ist die studie eigentlich ver ffentlicht oder machen wir ffentliche diskussion jetzt einfach ohne faktenbasis tipp f r alle die auch schlechte studien machen wollen einfach die spezifischen longcovid symptome nicht testen kipptisch usw daf r depression nicht abgrenzen
1.0,4.401232334733852,0.5638558444479682,3.2934648269608218,0.828632916108228,0.8483155780085814,0.6133411990887191,0.9191268750835753,0.75608598480981,0.24777234574090082,7.0,0.14665880091128092,0.4929394320826267,0.17062764748759957,3,hey friend i come asking question about workplace anxiety i m 9 and work retail i realize that this is a job with low stake and that whatever fear i have about making mistake are rather silly given the nature of the job however i ve worked myself up because i worked an event this evening and in my eye it wa just a series of unfortunate event first i show up early but still later than my coworker who i wa working with for the event he wa talking to our bos second i wa underdressed he looked so sharp granted 
4.724523349025778,7.567853163186528,0.34203813594746196,1.4684190897688953,0.1865661970541532,0.31946925805349874,0.009814814192508792,0.3096643272312627,0.04023299359686257,0.9266052243084295,0.0,0.09018518580749119,0.314253255554691,0.882700028071596,0,is it possible to die from coughing it suck being ill
2.116892197540998,4.988492161166421,0.5639200696299373,6.636256725158012,0.7126292417707315,0.5813794258942706,0.5375354487208781,0.8104283310707149,0.566088145885338,0.2684999010065603,4.0,0.06246455127912187,0.5601429260247616,0.4654812143265788,2,a coping mechanism i have is that i ll sort of get through the hour of the day until it is nighttime and i know i can have the sweet release of sleep soon of course this isn t every day but i usually look forward to sleep because it s the only time i am really guaranteed not to feel anxiety dread of course some day i will sorta forget about it but it seems that the like the main objective of the day is to get to the end of it funny enough i actually don t mind living like that i find it very comforting know
1.7949423176352006,6.112401768228768,0.5175220012521949,6.371143250613082,0.27499460555647576,0.5005090004627318,0.9752565311151892,0.6507674471767692,0.5186697782323252,0.24597690449495901,4.0,0.3752565311151892,0.4367661273025168,0.4132173634518185,2,hi i m f and my partner guy is also i say partner because i ve had mixed message about being in a relationship or not recently with him and i think this is a factor to my anxiety too fyi i have had bad anxiety since an abusive relationship at university and another one where i had a bf cheat multiple time my parent did not have a healthy relationship when i wa younger and where both not very present till my later teenage year i don t suffer anxiety in general but my relationship anxiety ha only got worse th
1.7135761064065413,4.406272807491216,0.5364307956455409,6.2024272763492405,0.5284140922674131,0.47651093352488394,0.9714797545250088,0.8216566016645462,0.4763275204868035,0.5810616841757442,0.0,0.3714797545250088,0.6567271623777947,0.34917354102052206,2,to make thing clear no one invalidates me because i avoid every person and talk to no one i invalidate myself for whatever reason it s been made printed in my head to invalidate myself all the time like some sort of fucked competition on who ha it worse i dont know why i do it i know that every person s experience is different no one can experience the same thing a you it your struggle or whatever i know this yet anytime i hear any negative thing someone is dealing with or read something i downplay my strug
4.8625028282360745,6.862197928530933,0.0,1.0,0.0,0.19751246204306216,0.27927278648897524,0.22517700606336363,0.2789372877974363,0.7613254569005566,0.0,0.17927278648897527,0.11221740341488393,0.9063143633538799,0,evicted
4.108908013414278,6.717138939607798,0.08770517479383076,1.0,0.10244124520223599,0.13384426482541958,0.11546034251254933,0.17037180714679556,0.04640178460491741,0.8742622504637834,0.0,0.015460342512549352,0.1178510052482237,0.8903580976552994,0,ugh stupid bug in spamassassin rule qa backend discovered it s going to take some fixing at some point adding to the todo list
1.9942302545685884,5.616554311607839,0.9552403666147766,7.572208825548823,0.8015564514385932,1.0,0.9347878305249132,0.706578324100472,0.8591136800962806,0.1630410846150354,5.0,0.1747878305249132,0.49343203910614386,0.18945695047824282,3,i feel like this is a flawed perspective i m having but sometimes it s hard to take the day off like to just relax and lay in bed for a day without guilt that can be hard for me but i feel like in a way im making it hard for myself by putting so much thought into it rather then actually just doing it
4.1614617321411576,5.977218679276426,0.1023415194202491,2.162071850149989,0.2838296473991242,0.20567279785171183,0.32811954121114295,0.3363647765846878,0.08018862119044087,0.8148280426877264,0.0,0.22811954121114297,0.14613944654575997,1.0,0,is going to have a late one at mqu today
1.8627605517451227,3.793746649332217,0.5862941708556351,4.336730248151637,0.4039814679211658,0.43201366423422355,0.8615578944612534,1.0,0.4588444860536071,0.4687671925330295,0.0,0.26155789446125344,0.235992313671171,0.4879901524733956,2,chris 9 0 that s very true i think so many people are suffering from anxiety and depression right now we need to just listen to what they have to say listen to what s going on in there life right now
2.154135152337919,5.258440751345024,0.5061745944588406,4.1442991448035995,0.5068813771636399,0.5615414739336994,1.0,0.85699824535561,0.5041430039924778,0.3112897351077767,1.0,0.4,0.36254227186827914,0.38351433017134307,2,i cant do this i just cant anymore i wan na be happy again im dealing with lot rn ever since i watched some verg graphic gore smoked weed had dpdr researched solipsism it all too much for me i wan na be happy again i just cant see the world the same anymore but i want to please someone help ive had this kind of depression for year it come and go i hadnt had any kind of major depression tho for a while this doesnt feel like itll go away i rly need to know and make sure itll go away because i just cant especi
2.3607465740184956,4.8949340030835025,0.44216807936957964,5.8605154819000695,0.25289755898546407,0.6196075581272835,0.675810102554466,0.8626562148453175,0.49283723912976296,0.6409075429901897,2.0,0.07581010255446607,0.5081946853272401,0.5170203202667283,2,funny for paul pogba to blame his depression or whatever on mourinho funny bcos pogba feel his fall out with mourinho is the most traumatizing experience he ha ever had not being benched and winning absolutely nothing under ol joker
1.0,4.7885762231198035,0.6946696781283401,8.201601106716797,0.520435821680131,0.8170798835930413,0.5914402097233386,0.5519748135364784,0.7556190841679664,0.1689099187032972,3.0,0.16855979027666146,0.7518731811373986,0.09433098937221875,3,been on mirtazapine for week made my depression way worse and didn t do anything for anxiety it s mostly for anxiety i havent really went into detail about depression but it s supposed to be effective for both right im gon na have to start smoking weed again will that have an effect
2.1642709698388276,5.625772136359913,0.6090113704040382,6.609495864092473,0.69744025862296,0.5697905235948582,1.0,0.7333853593956786,0.48949887115139257,0.6436958671174868,5.0,0.4,0.44084309436227626,0.4915427295083396,2,i know not many people will see this or probably care but i have no one or at least no one who ll genuinely listen a year or two ago i wasn t the best person selfish and careless i wa an alcoholic and a drug addict to deal with everything which i know now wa a horrible coping mechanism but it wa all my year old brain knew how to do a addiction ran in my family i wa hypersexual with no fundamental understanding of consent because all i knew wa assault i would get drunk and say horrible thing and my action re
3.357360176468994,6.570064104874028,0.31427179384641446,2.966268870765634,0.11146215029915266,0.3843380547353489,0.2700875728198052,0.46303211131743893,0.032465540890935965,0.4057173091076181,0.0,0.08991242718019476,0.1554076749451957,0.7227637733099523,1,ordered a pita it nevr came why they say the fax machine broke and the driver left what about my empty belly
1.306952665845895,6.328033048467882,0.7820953006122936,8.57571111973723,0.6449376748635101,0.7539267950416845,0.7785342588741782,0.4954017089809548,0.7841331511891554,0.10898068299242014,3.0,0.018534258874178144,0.40927563734816097,0.22556718262985057,3,hi i m haven t had many female friend growing up now that i m in university and i m a part of a couple different club society we occasionally all go out and eat together i ve quickly realised that i ve been very anxious when eating food on a table with other woman there particularly the one i m meeting for the first time or the one i want to leave an impression on i have a bit of a short beard and one of my fear is that food will drip down and get stuck in my beard and those woman will notice it before i ca
1.5705746949615604,4.097774648530623,0.7898898491427446,4.5468552005681575,1.0,1.0,0.8262858268757318,0.6826781497607759,0.796914369654362,0.2383936310033049,3.0,0.06628582687573181,0.5462651611418671,0.09241750133375454,3,i ve had about panic attack in the past hour i took mg of xanax which usually will alleviate some physical symptom i have not had a case where it hasn t yet this time the chest pain is sticking around and i can t seem to get rid of it anyone else have similar issue or any method of relief
3.4297143167233055,5.398589896720324,0.3661604020549996,3.8613779381470255,0.10411516843046173,0.3761620280469088,0.2036380725146187,0.0,0.09383235705329543,0.740434169288342,1.0,0.15636192748538127,0.29274792763890567,0.6623061066701161,1,olabini still here though the site is gone
3.2720898165670613,7.189551515576116,0.3972864571413609,1.2900300690049864,0.1335250834858047,0.45000905643258643,0.1359475820912657,0.14663856873663958,0.1669859996625257,0.9441232852951483,2.0,0.22405241790873429,0.23706826415345808,0.7251006746338655,1,leanne is angry at me
1.0,3.3954371389517517,0.9712742143248018,7.721100471646784,0.6192015607655836,0.6404834980775732,0.8321610771283758,0.6916204229529552,0.7202364193438626,0.20186898518651752,4.0,0.07216107712837583,0.7587404658246701,0.21379815377576492,3,all my colleague hate me im just so clumy and stupid spilt a bunch of milk on the floor second time this ha happened and it went on my colleague shoe and she made a sarcastic comment about it and then her and the other guy i work with were looking like they were talking about me afterwards i cant do anything right this and everything else thats going on really is not helping the suicidal thought
3.0812842905851956,5.417452471886611,0.25166234595889175,2.929230122306485,0.13644358371090776,0.3879999820072976,0.0,0.7380791556627422,0.1645281886802041,0.6682760926529713,1.0,0.36,0.37391052760455945,0.5995666911024186,1,what is common between chidambaram and george bush http news oneindia in 009 0 0 sikh journalist hurl shoe at p chidambaram html
2.4026596105603173,4.700128033910419,0.21909532538179233,1.0,0.1354318577226192,0.30765234046663936,0.48164604098176356,0.013797397843943765,0.16577733221043428,0.5938014223481994,0.0,0.12164604098176357,0.30690714845389194,0.8098127598637272,1,sniffinglue ohhh i love it p i m sad we didn t get to hang out
1.953599430046043,3.4884950765564304,0.6090137042260818,1.9551780227723117,0.5301716412982086,0.5215498103275343,0.8865837524926881,0.6581204589127545,0.4507843924301228,0.1530425568337504,3.0,0.2865837524926881,0.5342268332919735,0.48487965429756813,2,during my therapy session today my therapist mentioned that when people struggle with depression it often affect their perception and decision making in dating i do not personally struggle with depression but i recently dated someone who doe i wa wondering how often doe depression affect your perception and decision making when it come to dating
5.0,7.352642460413383,0.202073634408941,1.0,0.22975447513760733,0.15153039784936764,0.6844307689329131,0.30996150052491694,0.017467818447039457,0.9269964610338556,0.0,0.5844307689329131,0.0,0.8173786376190518,0,aholmes nj i wa able to downthemall before ta wa able to delete my account didn t lose any photo but i lost almost all comment
4.156570291585026,6.880574935806533,0.22455175051444898,1.0,0.11171024376747658,0.16855682790513998,0.23409529766871362,0.0,0.0,0.7553820926176098,0.0,0.13409529766871364,0.0,0.8598147165115005,0,of course the baby is screaming in the crib the night before my first day back at work so i let him cry it out boooo
2.463440157982225,6.727425598209735,0.46146698105545525,7.04734099938452,0.7490351505270225,0.3233065655802435,0.7252816982628638,0.7544066334034415,0.5625795440113273,0.40770544986323587,2.0,0.12528169826286384,0.4934457562212206,0.5906641752659255,2,for the last few year or a long a i can remember i haven t enjoyed much of anything sometimes i ll enjoy when i hangout with friend or whenever i m with family but im extremely co dependent to the point where if im alone im depressed and even if im not alone i m probably depressed i just recently started antidepressant and i think they re helping but not really i don t really feel like i connect to people or build connection because im constantly thinking about about x problem i have or x thing that s wrong
2.6474966789426375,6.659778242660393,0.23466445268823466,2.1010971953151403,0.6800611813796317,0.13835298188292242,0.4388145275205484,0.147793777210461,0.04012627390296869,0.6616123578305064,1.0,0.0788145275205484,0.1914313718822513,0.6534382503289097,1,phillyd wishing you the best lt
5.0,7.627753870130986,0.12277025523434305,1.0,0.07968988741176015,0.10901565884098287,0.016787936978541418,0.0,0.13738211122752383,0.9716097659864625,0.0,0.08321206302145856,0.0,0.9737370499979626,0,xissyx we can t go to robina all the shop will be closed because it good friday
1.7629470252671797,4.630659312173716,0.6575136827330444,5.188295353120252,0.5659937326723259,0.5643842790568228,0.9876909722009537,0.9627583264315475,0.7232495602781459,0.502032304590094,4.0,0.3876909722009537,0.42619061262614016,0.28655160413706837,2,mizzzidc you are spiralling me back into depression with your tweet http t co a9hjljkr p
3.2539200645343387,8.76854926014314,0.4404148487868167,4.460646112361976,0.16964749721546893,0.17231008956590438,0.0,0.07884580462569274,0.05307528608676973,0.6609557604874712,1.0,0.36,0.16875023730722433,0.7254155549708893,1,is cold
2.985543535455506,7.380757436686384,0.4002541993173867,4.366098100163789,0.20048181704543333,0.1471434402257526,0.12478895111227561,0.33974140910479106,0.09868607327837538,0.7702554019979828,2.0,0.23521104888772437,0.37197765584603626,0.6923394005594381,1,i m so upset that i missed my chat and quiz online because my free internet ha ceased
1.088902107394203,5.410535802688796,0.7893549870968634,6.136447315907495,0.2370658871983396,0.464259981987703,0.9529868219905262,0.776922386738117,0.49929170160667563,0.2729088390185857,3.0,0.3529868219905262,0.48373126334240596,0.4853539829006272,2,in the last month i started with a new therapist a my anxiety ha been the worst it ever ha in like ten year up until now i wa able to go medication free and just deal with thing little by little through talk therapy now it s like i m again and all the scary physical side effect of anxiety are hurling back through my life my therapist asked me how do you know you re having anxiety before your physical symptom for me it s a lot of shaking in arm leg and jaw getting really flushed skin picking tic heart racing
3.103585436214745,6.624578824630467,0.38413671800061505,1.891523643198889,0.08251280358956253,0.3862288410313348,0.9305809192059509,0.3444606808088637,0.0,0.7613038186969386,0.0,0.5705809192059509,0.31848199920283154,0.5701427953996023,1,lizdinkel lol i figured a much but you never know we don t talk anymore maybe you became easily offended
1.3131527990362573,4.424522511300391,0.5245332671497202,4.864846700521348,0.7075255037986585,0.5336980824546181,0.9627766308200967,0.6926819093258924,0.3637715356333637,0.39154184913221635,2.0,0.3627766308200967,0.485123345461663,0.6872059106445016,2,last november i had a week where i wa so scared of death i couldn t sleep eat drink do anything i have a lot of anxiety and this wa just another one of those thing which bother me every so often but a lot more intense at that point maybe day go by i m so scared i decide to get really high to forget about it not a great idea but nothing go bad day later i start to have really really intense muscle twitching it made my anxiety so bad i had to go go a amp e a i couldn t breathe fast forward month later and i m
2.470817072907288,5.481517648588443,0.7034312987320259,3.20028999836456,0.6621719502651894,0.4557195985120156,0.6201728423304229,0.5312404155699899,0.5915314110873132,0.4829340662119803,4.0,0.020172842330422935,0.32061757833717436,0.37102517575241106,2,i smoked for the first time in month and now i m freaking out and idk what to do edit i m all good now blocked out the stress for a little bit now getting food with the boy
1.2777222834838708,6.610041635251357,0.43191890837416635,3.896898061253742,0.8773581144693912,0.5681004917812302,0.8890283277512716,0.888065571559904,0.6093920863651934,0.6527233355515578,3.0,0.28902832775127163,0.4422302186537416,0.5407900406767174,2,i am suicidal almost everyday i have about half a semester left of my st year of college i am constantly studying or driving to school or doing homework i do not have time to go to the doctor for my mental health but i think it s gon na be too late one day i simply can not find the motivation to use one of my limited free day during the week to go to the doctor because i d rather lay in bed because i m depressed this is the worst sickness ever
1.4840553747354819,5.9366219442039805,0.6517042985347804,6.303266402016023,0.6868777540962602,0.44722325034251553,0.9913015076212209,0.7922239998043746,0.327497660771768,0.298819797224701,5.0,0.39130150762122096,0.5446982896237681,0.3270471452840119,2,tutsy e say e wan heal from the depression torus bata notori olohun
1.1533545762710418,4.569190484608423,0.7664883865110295,10.0,0.7460506607618632,0.808123685074158,0.9186808565280521,0.8640159025798239,0.8614116055555706,0.3280282877374431,5.0,0.15868085652805208,0.765881015153425,0.11251802735489391,3,i m not sure of even how to put it into word i m exhausted i ve moved into my own place i ve recently started a new job i m overwhelmed i don t want to die but i also feel like i don t want to exist if that make sense i m trying my best but at this point i feel like my best isn t actually my best i m not sure how to fight these feeling of inadequacy or how to fight off regret over thing i have acknowledged my mistake i ve made and will never make them again but somehow still manage to beat myself up and reg
1.7162842682060622,5.13647387996224,0.5017206470131612,4.563434012685028,0.5652039103912898,0.6500969556069073,0.7962501776557227,0.8071135327447764,0.4754814310624334,0.4786823331955409,5.0,0.19625017765572272,0.3910968374162942,0.6412443911841584,2,one of my biggest fear is trying everything possible to turn my life around from grade to career career to myself then still come out being the same or still having the same hallow feeling i wan na take this next year to change my life around for the best i wan na look back and be happy with my life and what i ve accomplished i ve learned throughout the year that i really do want to be alive i just don t want to be me i wish i could change myself and who i am and where i came from but i can t so i would lik
1.3673262732464853,5.602819992767932,0.7191505930177243,6.324956664785203,0.5983190095922424,0.7676028082302142,0.9540490112097446,0.7022733169091905,0.8934321428505312,0.24669818935242468,5.0,0.1940490112097446,0.6682132469788966,0.23846731124403375,3,it s been a lot of stress past the last three year i feel like i can t take it anymore i m too anti social i can t talk to anyone i just start shaking and can t say a word and then this feeling of embarrassment will haunt me for the rest of the day no one want to talk with me i feel like i shouldn t be here like i m a burden to everyone i have to hold my emotion inside never letting them out and this is killing me i ve been cry for the last few day i feel so pathetic am i the problem i am so lost
2.3224462720342904,5.0443285290090225,0.48875942800870104,3.890753420524797,0.5223669133471339,0.49014689904685144,0.6329844738643886,0.5154978031668808,0.3827278416739303,0.38324075461149515,2.0,0.03298447386438863,0.5791896684842497,0.5009628341314547,2,it s all hug and kiss till you wear sneaker and cause depression a you are buying sneaker for your kid pls buy your own too good morning
4.96413821828074,6.973724336854793,0.0,1.540948309590223,0.053829099849770044,0.13882542494847294,0.5530765133028003,0.14153459189878947,0.06376472800312971,0.6892622870237493,0.0,0.4530765133028003,0.0,0.8345007299750695,0,eyrro awwwww bummerr sorry missed it again
3.3050060945129145,7.585211506095831,0.33672956452967717,1.2769079755126262,0.17839224565105066,0.014724591354289121,0.1715765155526853,0.0,0.0,0.8066957232777534,0.0,0.07157651555268532,0.14940663915795432,0.9661433931956127,0,oh god one of the teacher here gave me a rotten gogoma to eat and i m so hungry i m trying to eat around the bad part hahahaha
3.134235540222809,5.38070060611631,0.5929450931673285,4.258624196333002,0.4929087313883518,0.6460765635428379,0.7485275129107626,0.8141598979272775,0.5813133483284196,0.5261338632993404,4.0,0.1485275129107626,0.44781887572283957,0.45792803217610395,2,i ve only known my boyfriend for month official for he ha briefly opened up about having anxiety all i know is that he ha previously been medicated for it but not currently today after i left his place he messaged to apologise incase he came off odd he wa feeling anxious for no particular reason and that it just happens sometimes i told him not to worry about it now just before i go to sleep i messaged him to see how he wa he seemed fine initially but when i asked he stopping answering so regularly i m not 
4.42194363698155,7.681873391837516,0.0,1.206085110873832,0.21693059387119895,0.10086746974954942,0.12690866685182564,0.0,0.06780399177189181,0.9004496870525586,0.0,0.026908666851825663,0.12245239259154958,0.9803694129705153,0,having a coffee and going through my twitter facebook and other social network it seems to become a full time job to keep up
4.38243676465954,7.802303669888657,0.0,1.0,0.08298770160041481,0.08678269403223068,0.347418428535285,0.19012990128526083,0.13029410124506202,0.9247107974235124,0.0,0.247418428535285,0.08080383326606634,0.9004564397083592,0,rhinecruise09 you re absolutely right
2.07071045720065,5.8929899893364555,0.48805738686725736,5.94232153911806,0.3882073506669823,0.6076463119765132,0.9408274012431905,0.5915074195190289,0.5398299779003642,0.5445091618610464,4.0,0.34082740124319055,0.471892838735958,0.4739152980637712,2,i started taking depression med a few month ago and it make my suicidal thought go away it wa somewhat amazing i had such thought every day and now i barely think about it at all even when the stray suicidal thought pop up it feel different le scary my problem is that such thought would help me through the day ironiclly if i wa getting stressed i wohld think about the end of all my problem i even began to mutter i m gon na kill myself unddr my breathe and mask during work this wa insanely unhealthy and wher
4.304794608714852,7.565378181174392,0.3113055092355756,3.1401841636602486,0.19755674032724174,0.09735591534057669,0.4980794042033846,0.3766307500157393,0.15219109484148824,0.9471766090807292,0.0,0.3980794042033846,0.04300950160544246,0.9011993262117558,0,burjz ugh i didn t mean to sign off and then when i got back you were gone
1.8171525783928526,6.420030139977934,0.7259116943367525,4.450067604583649,0.326559625260993,0.472611201826046,0.7654638717803108,0.9128271485941951,0.43415117025187916,0.3129793992190065,3.0,0.16546387178031086,0.33651951076371767,0.45042222936719667,2,i want to die so bad and i might carry on with it
2.8432432872123568,7.758595004452474,0.31833826291754813,3.9656159864382863,0.37898567463841415,0.1378314383844262,0.2184508948671825,0.17576905005815202,0.14687147091519737,0.5283902394572559,1.0,0.1415491051328175,0.40600734894876067,0.5684788567541901,1,penalba por favor decime ke no estas involucrado en esa pagina nicatrolls they re the cancer that s killing b
3.0868794752577546,6.45580611441923,0.2640167256370398,8.129258671927584,0.2748751458641424,0.2846638435250052,0.07015702871862414,0.012433578861298922,0.10759355007205343,0.5085037855766739,3.0,0.2898429712813758,0.2755336308614446,0.5098754615593005,1,hedgewytch oh that s horrible about innocent smoothy we love them but if they start putting rubbish in them
3.4038981960569568,5.476177115262726,0.1533021153854396,3.482137492790865,0.4117740783762315,0.5923460127635674,0.08230777853315413,0.09721690712352767,0.10469811566929706,0.5869409743725186,1.0,0.27769222146684586,0.33547023087823447,0.6414664680139122,1,got an offer to go camping at fraser island for the weekend would jump on the offer without a nd thought but it s forecast to rain
5.0,8.856253433747556,0.0,1.0,0.3183549469807918,0.09645098214581685,0.188633673929134,0.08866229575506544,0.0,0.9831507583066897,0.0,0.08863367392913402,0.07024615533290647,0.8415146875567403,0,is seriously wondering what the australian public were thinking by kicking my baby kat off of sytycd i miss her already
1.1618015433321163,4.163895482967782,0.36700085952984746,4.592055965443143,0.8121076432696986,0.5451039633622409,0.73408997662869,0.8408894402773847,0.4442274662059566,0.4567230317236456,4.0,0.13408997662869004,0.44744184882798926,0.5480178450142792,2,i m 9 i m in recovery for marijuana addiction i want to quit juuling soon it s making me so depressed and anxious i feel financially insecure i m not happy at my job and oftentimes time i feel suicidal i don t want to rely on med have any of you felt this way and made drastic change and turned it all around this is absolutely the most depressed i ve ever been and i ve never thought about suicide this much before i m seeing a therapist but ultimately i want to start leading a well rounded life with healthy c
1.5264839724660182,4.603615916983428,0.5745383964404933,5.933453375782194,0.5857571372895001,0.5816737507166158,0.8243169025620223,0.7116909352901974,0.627274361948085,0.46722952082724595,1.0,0.2243169025620223,0.3304204775122842,0.5097471599492994,2,i m tired of living the one thing that kept me alive just weaponozed my mental health about week ago and left i m tired of being stressed about everything bill and not knowing of i can feed myself i ve given up how much oxy is lethal asking for well myself
2.353351658477115,4.88763518525437,0.5443165231588605,6.566320161246505,0.4599177157767286,0.509908434376719,1.0,0.6430296170683868,0.5900715303728545,0.2914217272982621,3.0,0.4,0.4579033850588399,0.4747410783974748,2,it s 09 am rn and it doesn t surprise me because i am used to this i have trouble sleeping because i always think about shit that ha gone wrong in my life and that is a lot i want to socialize have friend be funny i used to be when i wa back home with my friend i am learning in the u now but i always feel mute like i want to speak but i can t because i have a stomach feeling that shit is gon na go wrong so i just fake laugh and smile and it get awkward really fast and it becomes added to one of the thing th
2.319695593201882,5.621836757392777,0.47502519029303936,6.7103739843012296,0.49355790822449463,0.517549224522877,0.931420463355028,0.7228072471287805,0.5966909610927581,0.3544907427506442,3.0,0.33142046335502806,0.456829952816598,0.4779534252204093,2,theekween the herb is ideal for those that suffer from depression anxiety loss of a loved one heartbreak or have witnessed something tramatic thelmaherbs
4.408339485869051,8.754125653771801,0.33221498055031407,1.8351094517100939,0.0,0.0,0.341257952211428,0.38766128117711063,0.0,1.0,0.0,0.24125795221142804,0.14495659533102767,0.8135889725220341,0,chordsy why am i the last to find out about these thing like that you re on the twitter too
1.0,3.382121910023259,0.8129190386555869,6.711050266968215,0.9250626383307334,1.0,0.9326874536213653,0.5859650729827387,0.9450648272465892,0.16506073363964893,3.0,0.17268745362136528,0.714942516478084,0.45519215764994314,3,nowadays i find that thing simply don t make me very happy like video game reading watching tv i have felt pretty neutral over the past couple of month but god i feel so stupid saying that the only thing that make my day feel like it ha meaning is my shit supermarket job where i rearrange product and basically ruin the day of whoever work in that aisle i just like being told to do something and getting away from my not so nice home life i m exhausted during every shift and have passed out twice at work befo
1.4181251666648205,6.104394393665188,0.6571782035307149,5.842390330308847,0.35713842641170557,0.5897018013275864,0.6608199750298464,1.0,0.557387035769678,0.3638593318100929,4.0,0.060819975029846374,0.6741700494201283,0.3494970212753542,2,rsk depression
4.284461433032488,5.497550437482995,0.08671365642481267,1.0,0.0,0.0,0.4791614645020852,0.5270572043133028,0.20449900132666574,0.9597163359371579,0.0,0.3791614645020852,0.13177152979368845,0.9720062672514276,0,http twitpic com y cf filled with curry the true indian in me is coming out
1.3290748358986941,5.675811137392199,0.5824332243341754,6.924219834862141,0.543642282233008,0.6603040476548585,0.986057031376213,0.6710241156117817,0.4807018352400716,0.3095416589407627,3.0,0.38605703137621306,0.4072987753526002,0.4931272933337544,2,university drain a lot of energy in student damn the level of depression there could make a lot lose weight
1.0,4.50127137045573,0.7817444349092678,9.19903013813942,0.9279904693568478,0.972104244789942,0.6845297154221192,0.9121906206027621,0.8418730030927273,0.12445419669783993,8.0,0.07547028457788085,0.7210638699216779,0.10875188446701017,3,hey r anxiety i didn t know where to put this but figured it s mainly a side effect of my anxiety so i went with here i ll just get into it i m a 9 yo male that s been diagnosed with anxiety and other disorder mdd odd adhd polysubstance addiction this may sound weird but i wanted to know if you guy recluse by choice a someone who want to have friend and a strong social aspect in life but just doesn t have the social skill to i m curious if you have a similar experience knowing that it s not a choice is prob
1.0,5.017262721017876,0.36577945865318573,8.88763432853442,0.8077136274087434,0.6323940379212687,0.9643758787333881,0.6269334716638666,0.47774709344515465,0.38062835243605353,6.0,0.36437587873338817,0.41691562014407213,0.46825712348726023,2,yeah two people fucked and now i m here i know i know but that s not what i m getting at really why the fuck am i here i have no redeeming quality can t maintain friendship childhood emotional neglect very bad social anxiety depression anxiety ha absolutely fucked my short term cognitive memory i could go on and on but i m not going to because i m simply too fucking tired to do so
1.5566415743582949,5.312934862391435,0.41370718528959,5.714615453073779,0.7644003540492752,0.4601529113316018,0.7433006258720214,0.8433779327138645,0.5841481863155447,0.4850822518735291,0.0,0.14330062587202141,0.3908109085746815,0.5056652956536876,2,this doesn t help my depression
1.9743174237576715,5.441970799536503,0.7600394702565261,4.514870495190156,0.6724980454022609,0.5142013406318877,0.9931209943360562,0.8434558032818393,0.5476617595992126,0.6166511284388951,2.0,0.3931209943360562,0.21760676752517094,0.5246890721753242,2,i think my depression hit me for the third time
4.9026864625913715,6.778783102035618,0.0897234806575634,1.0,0.10857037522580906,0.1944230281618438,0.3741372958728863,0.4229743065605597,0.0441827613884778,0.9705579358314801,0.0,0.2741372958728863,0.08653078204176552,0.8569802975369256,0,it a grey day in london come back sun all is forgiven
2.541349912485015,4.62440264766292,0.5179245428282473,5.882867411383131,0.3867923704634353,0.5868575605684291,0.8125062923842423,0.854857154593608,0.47835262728765543,0.4877502447983138,5.0,0.21250629238424235,0.18926770725733894,0.46155328200788115,2,coming from an asian household i ve been told to become a doctor since the age of the constant pressure for good grade led me to repeat my senior year of highschool drop out of university graduate from a local college and then re enroll to another program then drop out since my parent hated the program i graduated from i want to thank them for the support they showed especially when they called me useless dumb an embarassment and how they would disown me now i m year old with a fairly decent working from ho
4.42068180329258,8.080783180435706,0.0,1.4457462308584215,0.1685695382107706,0.06181273277769066,0.393021612043869,0.4968393596612669,0.1330742489669608,0.9247549025111472,0.0,0.293021612043869,0.07552857333953646,0.8567876220496626,0,ugh hate haviinq dis sleepiinq problemsz
5.0,8.063473140068375,0.19885822900573238,1.0,0.12517762867330523,0.0,0.05011156984222229,0.35891343044573587,0.11938067243516859,0.9309708636148725,0.0,0.04988843015777769,0.040971008705444845,0.9429680333412946,0,flat out today didnt get everythin done amp endured massive headache fever and nausea still have to finish my essay amp work tomory all day
3.294393931991116,6.133090855456274,0.34815103645270057,3.3329403941399676,0.4055316096139691,0.16950948913757252,0.24134937801703985,0.36793533882361257,0.0,0.8406954659589765,1.0,0.11865062198296014,0.17288055709892738,0.7645727930810272,1,is annoyed with the amount of glass on dublin road and the number of puncture i am getting
4.727625840711201,6.708475858285931,0.10820718348874957,1.5359375453479682,0.013024969288690402,0.08826226643924155,0.336309368417816,0.27914646657937325,0.29860040730564225,0.9431947416594803,0.0,0.23630936841781602,0.19121309989291352,0.9929620805553255,0,a hleyf i m spending time with my grandma early tomorrow and i can t leave skittle by herself
4.3507240455823615,8.62805736293155,0.20224929137767514,2.5174685646938744,0.44284664168104865,0.19554061053906888,0.0,0.5556398541517733,0.2629593440167396,0.8129949537511181,0.0,0.36,0.3166968196058681,0.4706026780559813,1,plug on train once again doesnt work
2.1073950778688575,4.686912435412449,0.6726982376279425,4.507424215881855,0.18672184719146967,0.43391684456154145,0.9613375242509484,0.8758822100599987,0.40375727417319107,0.3630800444374107,5.0,0.36133752425094845,0.3253664922311311,0.4082788248082689,2,today wa a normal day i have started keep a to do list to tackle my depression it not always necessary for me to everything on that list provided i have some definite reason in my mind to not doing everything like okay i didn t cook today because the gas connection wasn t there also this list ha helped me with my medication a sometimes heavy dos make me feel forget to do small stuff but something s left from the list undone and i don t have any particular reason for that except spending extra time resting o
2.5930153044039046,7.2516518949726345,0.5316296105465148,5.269648964201418,0.45241063041804264,0.4974504324954281,0.8253113338786325,0.5786928114932826,0.5263442569885181,0.3302765156421046,4.0,0.22531133387863256,0.3224632922200392,0.5292538960073726,2,a couple week ago i contracted covid and got it pretty bad for a few day there it caused a big flare up of anxiety for me a i am a heavy cannabis and nicotine smoker and i couldn t give them up while dealing with covid and inevitably the smoking made it worse and played into my anxiety for background i have been managing anxiety fairly well for the past or year with habitual cannabis smoking but sometime in the week i had covid a switch wa flicked and smoking instantly made me more anxious i went to the doc
1.572442390354049,4.987959274590738,0.4727206991486996,3.867273942437045,0.5913948234096784,0.5176730863332558,1.0,0.6714519805144477,0.6137016501919373,0.5118773399950634,1.0,0.4,0.47010911989743115,0.4610588932287076,2,mizzzidc lol imagine depression nge nike niyaperforma thixo
2.2245639856085977,6.788817514859263,0.5223094650452544,4.392130848838416,0.5744726787182227,0.5269361950405153,1.0,0.49564057985532217,0.7555462258343997,0.608277129487536,1.0,0.4,0.4798012623107398,0.40772757407714655,2,already been on ssri s and they didn t do anything i don t desire companionship or want relationship just want to kill the desire entirely
2.2435473670642856,4.789850051064843,0.49158937299864847,7.836652489328485,0.3317673899415474,0.6417533243122224,0.7412530696010694,0.6812080239099134,0.4711107033939835,0.45451610461114494,4.0,0.14125306960106943,0.40602617854776635,0.3243347655018032,2,literally and the depression that come before
2.0317005005861146,5.274771367941737,0.5008726712623899,5.333433431980806,0.7275229985389694,0.5953136080455312,0.8414948978074328,0.7237376257969318,0.5713703815302876,0.3777097620364549,2.0,0.24149489780743283,0.612120131440608,0.30503259670265115,2,caviarpurple israelite same here the depression is really eating me up switching off would literally solve everything for me but i m too chicken to do it atm http t co vvadmsoxsi
1.3244121903672328,4.274045728070793,0.6637390141745692,7.70925999885581,0.6815892761844442,0.6756949044040319,0.7003664055880847,0.5543069483863129,0.9338720349407972,0.24135483512271086,3.0,0.05963359441191529,0.6113591271466992,0.2855210975841286,3,ever since i wa little i wondered what purpose i served in this world i wanted to die because i really did not understand my use today i grew up i thought i had found this answer or that i would find it one day but i do study that don t interest me my family and my friend are far away i just realized that my spouse wa using me from the start and the world is bad i m useless and i don t think i ll ever be used for anything the urge to die is coming to the surface faster than i thought
3.8513514951676875,5.819505314650627,0.10909852418994645,3.315794672552734,0.3270813460692,0.42713506201222173,0.5878782085377466,0.20141594163197718,0.0,0.6410200191407767,0.0,0.22787820853774665,0.21226566766173535,0.7678004435875824,1,officialrandl whattttttt they ve not brought anything new out for about year and they re crap when will the full line up be up
5.0,6.948416389689539,0.0,1.0,0.20505315266649438,0.0,0.4895732608708209,0.3283822147085446,0.16075709003844296,0.8814444727007833,0.0,0.38957326087082095,0.15994277466131868,0.7863808247822708,0,bout to start poor linny couldn t keep her eye open she tired and ha to work tomorrow morning night ilovefatsusan
3.0937372422525065,5.671225364840817,0.1821414416815335,3.1248956035202773,0.2260792385548075,0.3375033664045306,0.14152066347236264,0.25976545465764905,0.1939174264801444,0.7392637309790748,0.0,0.21847933652763735,0.33006406902291485,0.6221665408864661,1,off too work gunna miss the lush weather x
4.42980674597345,6.649321329325149,0.24178235253601774,2.8206683081467068,0.10083609075407918,0.1532335487343109,0.4765021920489376,0.29535756043187134,0.21943171233166003,0.6643807003599533,0.0,0.11650219204893764,0.29933297532861414,0.5951659048776958,1,just getting home it snowing
3.775794936614126,8.008894203890232,0.19497043553472138,1.0,0.15551231943969085,0.16247224307875502,0.11109690711852718,0.4249557614116326,0.06882025798527766,0.7944857113566757,0.0,0.011096907118527205,0.2046590762751288,0.9170187953430738,0,morning everyone still feeling poorly hope u all have a good day x
4.811711325726743,7.761574357955779,0.18761600631444952,1.0,0.29608127694622655,0.0,0.38131483017415074,0.23902544184194885,0.25154817280812486,0.951989756809225,0.0,0.28131483017415077,0.20419311422589004,0.8476105516062783,0,poohpot lmao im sorry poohpot i ate it all
1.8264970257747835,7.37140017992324,0.5720200020543754,6.256599114732172,0.583536893864339,0.7909547034041589,0.7794439497626062,0.8940986144114458,0.5774205441919258,0.25443307714349184,2.0,0.17944394976260625,0.574602063508654,0.44336484662242936,2,so i have struggled with anxiety and depression due to complex ptsd since i wa young i f went to counseling for year in my teen and also medically managed my disorder with medication i am still taking a hefty dose of an ssri and have been maintaining my anxiety and depression fairly well while going through college transitioning to adulthood i recently in the past day have started having uncontrollable anxiety that ha led into the worst panic attack i ve had in over 0 year i wa so worked up that i brought m
2.8156577584725575,6.313219649680601,0.597106611999785,6.493127565321389,0.7184920487621352,0.6143655463060638,0.698936121541187,0.7977690938322388,0.3971169121119311,0.46176458230584827,2.0,0.09893612154118703,0.50367599516591,0.37209464961048266,2,deucetwt dont think so it either new mechanic or you battle depression
3.1775567574272134,5.233503439848104,0.5213905038654846,2.395145245153189,0.03580289528309566,0.2656466607097539,0.43631828987720955,0.33008311672365803,0.10792572201454038,0.6690346195785978,1.0,0.07631828987720957,0.3061359784298532,0.5511965103077221,1,rode river circuit asthma hit hard o too wet to mow amazed or amused that w pac cr limit raised celebrated with cole shop etc
1.8893087192952414,3.2957416070394343,0.7522265317690349,7.54963816241068,0.633612892369626,0.9171885009889453,0.8972958378055896,0.6691057041141361,0.7930973037966484,0.18564121879451087,7.0,0.13729583780558963,0.8714137584152178,0.19544243428204186,3,hi r anxiety i m a 0yr old male with what i would say is a decent amount of stress but nothing out of the norm yeah work is stressful rent is increasing and a proposal to my gf are all looming but i ve always been able to accept those thing will come with some mild stress since i m human i ve been experiencing what i can only describe a mild severe panic attack recently that are completely wiping me off the face of the earth this past saturday i found myself in a bathroom stall at noon after being out with 
3.3698483021120396,6.316532096697563,0.16560873515695732,2.3194609476969714,0.6296296242396023,0.5154890722004114,0.12540383787325388,0.8450439827049347,0.1417568367789816,0.8043833432596637,1.0,0.2345961621267461,0.2587723842406957,0.9035800039807889,1,yuddylicious he hatez me
5.0,7.898967645139684,0.3552333568711038,1.0,0.18269342809495465,0.0,0.06812960761990919,0.4795074886989122,0.09509341070669984,0.9436295748528869,0.0,0.03187039238009079,0.14257394427494496,0.9758893453073499,0,davidkudrev it s just a pity that facebook chat ha exceeded even msn s amazingly level of unreliability
4.938381329663102,7.581519404313472,0.28904244576723204,1.0,0.301685947789608,0.0,0.5042443060444827,0.0,0.0,0.9400021490049959,0.0,0.4042443060444827,0.21973273048686182,1.0,0,at school right now just watched this is england and i m sorry to say that i didn t like it that much maby because i watched it here
2.28177185775956,5.995241886847965,0.6080213313071294,3.550567216461438,0.4283933454879878,0.46314794388786773,0.5348458195198198,0.7083400938250635,0.3479381935283232,0.4309300499115885,2.0,0.06515418048018018,0.3802166962796311,0.21246584301981633,2,recently i started dealing with a lot of stress which ha turned into me feeling panicked off and on throughout the day during my time of feeling panic i get this trouble with my breathing which feel incredibly terrible it is scary when it happens because it feel like i m breathless and like my breathing pattern mess up i wa wondering ha this happened to anyone else if so is it okay if i could ask a few question about it i d love to have some insight or more information on this situation
4.478254485151661,7.940790723403151,0.0,2.1889227822992106,0.0,0.10951745104824201,0.04253690918612407,0.13494767364982518,0.2148913652479633,0.8077924914588899,0.0,0.057463090813875906,0.04138804434724064,0.8968647295473853,0,really hungry and sad that i had to throw my breakfast in the bin
4.444904714012807,8.173781185372084,0.006487662337333,1.0764828238706965,0.24158067518282944,0.0,0.15868656747674664,0.17912482625010667,0.17204958619378935,1.0,0.0,0.058686567476746665,0.030656593578224645,1.0,0,today is day of my fast amp i feel i may break b i go bed i must hold out til the end of the wk must stayed focused wish me luck
2.202036382868075,7.363021573148628,0.096557921228867,3.2186178965899064,0.28330989980216686,0.3513841876466044,0.4925826732015208,0.26941994548928744,0.0537831200726653,0.7590329605729759,2.0,0.13258267320152084,0.11966857493518669,0.5778779752473364,1,i wan na go home
2.1763557272086307,3.9114677724160565,0.6395582285707337,5.004522899361244,0.7101871616471997,0.4497364020052863,0.6693795754220365,0.6522319308926576,0.45712325077863974,0.4203996921097105,2.0,0.06937957542203654,0.44810870635835254,0.5950034480728906,2,i dont remember the first year of my life due to my father and his friend molesting me till mum finally managed to get away from him my earliest memory is drowning at the age of and having no one to care about me afterwards i wa just sent on my way at 0 i wa accused of beating my little brother when nobody wa looking mum refused to believe me even when he finally said it wa a kid at school that wa the first time i nearly killed myself life ha not gotten better my sister married another abuser my step dad lo
3.36726414591068,6.305337876872863,0.3779818005112094,1.6383369247088688,0.15201527362788858,0.34229148879709215,0.2772517605353577,0.3503126121174931,0.09217023170996873,0.6462449199405688,2.0,0.08274823946464227,0.32778113228685546,0.6672505069755531,1,shattered
4.102285472591457,7.953435024560271,0.19050550718660297,1.0350415621000755,0.04674362708423755,0.17881698817887492,0.2561635773823719,0.29198424228798603,0.24092797957737697,1.0,0.0,0.1561635773823719,0.22982624859842704,0.7945959923817797,0,ha a huge headache
5.0,9.295432300640831,0.0,1.0,0.015583345857605055,0.06644925356117867,0.07864680002061725,0.0,0.11602029089805783,1.0,0.0,0.02135319997938273,0.16180927704216608,1.0,0,dancing with myself i m not emo want to write a song
2.1215826963400986,5.837057270446583,0.6096483428013946,4.555382305362017,0.5918250062286137,0.4453086848263092,1.0,1.0,0.5080868206053692,0.42456129095245876,3.0,0.4,0.6168123686607101,0.4998958014326783,2,my doctor just prescribed me trazodone buspirone and escitalopram for my anxiety i am not sure what to do here since i read they all interact with each other but my doctor say it s just fine and he know best i am already taking buspirone and it help a lot he also knew escitalopram give me insomnia and still prescribed it not sure if i should just stop bitching or find another doctor
4.7294565501643575,8.776483964863537,0.07883486106608964,1.0,0.13069325234648543,0.08692514311556297,0.23617492911239357,0.07557321617267172,0.0,0.9198932456685172,0.0,0.1361749291123936,0.0483813432954548,0.9074795724407655,0,swapping song through email with carrie damn the tasman damn it to hell i wan na jam
5.0,9.302113342129982,0.18688885810580022,1.0,0.0,0.0617369206663247,0.0,0.009749655141619407,0.19251551551042723,0.9188674440659687,0.0,0.09999999999999998,0.0,0.9695315646955995,0,im hungryyyy need more sushi
1.0,6.544844745176256,0.3989464565174279,5.254713882921966,0.6137500299803497,0.49100122851025246,0.6157196466719548,0.8783322160187685,0.5042266389006926,0.5939093878664748,1.0,0.0157196466719548,0.40834274872687193,0.4501917401242172,2,the light that shine through oh what pretty color too evil is for story and thank god for the movie the depression wa awful a nickle too i changed my mind evil is hunger poverty endthe war the lie they tell for
2.0505937514504056,5.033244821234862,0.48935889886803885,3.0855948246906006,0.47231959938369006,0.47951203771539597,0.9192219756313276,0.5461936284238388,0.518818768232008,0.43930627472147454,0.0,0.3192219756313276,0.4347978740644574,0.22652385127896613,2,mizzzidc im sorry to say that you are one useless child any parent would wish to have such a desrespectiful child u spoke with your mother and u desrespected her enough privately why the need of posting on social medium we have people who suffer with depression stop hiding behind it
1.9194370189316565,6.203957720681047,0.5129661668570509,4.978932728169752,0.6974925776733295,0.5022212127480391,0.6447062030720934,0.7741816631660368,0.5020889013000638,0.33694920234768333,0.0,0.04470620307209339,0.44310243249071535,0.5099435222218235,2,first off i have very little experience in dealing with anyone with depression i freely admit that over the past couple of month i have been chatting with and hanging out with this amazing woman i met on a dating app she ha severe anxiety ppd postnatal depression suicidal thought etc we d hit thing off pretty well just from chatting over the app from what i thought there were a couple of time where she d wanted to end her life so she tell me but she managed to get past that the first time i met her in perso
4.259219304913664,8.343682954545127,0.0,1.0,0.15401660600500536,0.21895948204917165,0.5047898535832085,0.4968175426515764,0.11417436632397018,0.8857147232641512,0.0,0.4047898535832085,0.1964902129056295,0.9133038439457144,0,doe not know how he got home last night
4.035123786413171,8.038799940080143,0.0,1.4141817999039232,0.22109142333475632,0.18699892813876667,0.2691402253573397,0.1718880355679123,0.034755748071110135,0.9820394058040783,0.0,0.16914022535733975,0.0,0.9346289511904998,0,is listening to an awesome song but i dnt no the name but i wan na upload it on limewire
4.595012163825452,6.676726815951824,0.0,1.0,0.0,0.11905928386215822,0.10908789955120402,0.019133092567363758,0.28567170695327804,0.9584820952468327,0.0,0.009087899551204037,0.13266312495024102,1.0,0,is frightened co it spider time i hope the flat repels them a i unfortunately haven t got a man to save me
4.1068463942366815,6.326666569199367,0.12127691426768383,1.0,0.14671583859621057,0.27342591944477734,0.31702749157360244,0.33671765375823715,0.08996628287653535,0.9771153586359415,0.0,0.21702749157360246,0.2008840175544086,0.7631520204745372,0,i don t like this 9 malarky i should be out seeing my friend who i haven t seen in month stupid work
1.4247321926648095,4.7612009876811,0.7634386431575043,8.00555932145966,0.7390042379695462,0.4673996297811564,1.0,1.0,0.597477789248811,0.47600179665619763,1.0,0.4,0.5726608939216309,0.26009935881881374,2,put aside the weightless platitude that everyone say when someone mention suicide i want to know why me considering suicide a a genuine solution is so wrong why wouldn t i want a solution garunteed to work would you rather me live a long miserable life or have me logically decide that i ve had enough and have no more use here help me understand the logic what is so wrong about it this a question that ha continually plagued me so i would appreciate answer
2.330139252541982,4.518055358657384,0.37891412507821537,4.068665680775259,0.7079964404674406,0.645023976874336,0.91470439482532,0.8348943509445955,0.30939980141058754,0.5108608851199146,0.0,0.31470439482532,0.4610569382205475,0.5277913282580944,2,what can i do besides tell someone that someone is bullying me it keep my depression even worse thx for the help
1.0,3.622465323867959,0.8257430090966608,9.32103267513957,1.0,0.6665524813325878,0.7960869306975292,0.9347322393232317,0.9571608649473942,0.0,3.0,0.03608693069752922,0.5988952009207027,0.27614523448155426,3,i think i m gon na call it quits i just don t feel good i don t feel like anyone care about me i don t feel like i bring value to anyone s life let alone my own been listening to a song recently and the lyric just feel so resonant i relate so hard do you ever get a little bit tired of life like you re not really happy but you don t wan na die like you re hanging by a thread but you got ta survive you got ta survive i don t want to die but that thread the little bit of myself that kept me wanting to survive 
4.020404653968565,7.280741075192239,0.0,3.2947747350516785,0.12646816569084615,0.0,0.29901874130244216,0.3922856901441822,0.08866550049984495,0.9562308319532538,0.0,0.19901874130244218,0.1058353019713369,0.7204550739890014,0,be offline
2.8143005766516764,7.2124421394809595,0.4329293666401466,4.536111879814511,0.4494907450087545,0.3337129713983725,0.21099276650980245,0.30072642457634163,0.19861933744595237,0.8761138170916851,2.0,0.14900723349019754,0.2565520513518976,0.7144125025599236,1,i killed the eggnog thread on pj with my lame joke
5.0,7.935689018385257,0.10607094850425437,1.3273819619508596,0.0,0.30830743549840495,0.33589381570648713,0.18652948845242973,0.04709803664024557,0.8524706524235722,0.0,0.23589381570648715,0.0,0.8845595805030566,0,swati swati omg i missed you soo much have you heard the new jls song ahaa youre probs all jetlagged right now
3.006105030756859,7.111405539130958,0.4328689325875633,5.1441268979825105,0.7589258173983103,0.2496586377105483,0.6651656753045293,0.6042083844436787,0.6517175576368436,0.19645929761300174,6.0,0.06516567530452932,0.4456093937053667,0.5442304581298584,2,this is pointless this is all pointless living loving everything there only one thing one person i want more than death and i can t have him nobody want me around so whats the point of wasting my time suffering for no reason when all i do is waste air and people time a i force them to hang out with me nobody actually seek to hang out with me it s always me being lonely and wanting to hang out and them not having any excuse to say no they are indifferent if i leave or not indifferent if i die or not maybe i 
3.1956094664886603,4.866711376253449,0.3158072064002364,5.251682336179503,0.5713295965053036,0.5208793760985405,0.5869514999217795,0.6575808874081156,0.48464342235863705,0.4119749120720612,4.0,0.013048500078220449,0.3465705121530374,0.47801064853938013,2,i m pregnant with my four child third baby daddy he left me about two week ago after assuring me he would be there for me and this child regardless a he knew i didn t want to raise another child alone i can t go thru with a abortion my two other kid are about to be and year of age there are no day care place i would be able to take my baby after it s born i don t have a mother or any sister family to help i will literally have no choice but not to work and eventually evicted from the house i rent i have wor
2.180869682205155,5.239673658669425,0.48061320598252816,5.270656276047434,0.35956464210980965,0.47868348901977903,0.6253468685661611,0.6824964260091078,0.6302546889961823,0.37998904029249897,0.0,0.025346868566161085,0.3884564880422556,0.40327370039685434,2,please do not read if you re in a bad mental state currently is it painful to overdose and d e on medication can someone who ha experienced an 0verdose from a combination from the following list please explain the sequence of event adderall doxepin duexis ibuprofen famotidine pristiq abilify buspar alcohol and c0caine do any combination of these allow someone to d e in their sleep without feeling pain i know many prescription medication including some of the one previously listed are designed to make death 
2.388317521498359,5.898318958440875,0.2937960246450337,4.654199481306036,0.701588283135407,0.45025071982707354,0.8351923308066546,0.5561858934509682,0.3805961693691875,0.604762193292872,1.0,0.23519233080665458,0.661141374225081,0.5495496653064577,2,can anxiety cause pain where ur heart is i ve had ekg n been to the dr n they said i wa fine but my mind think it something else yk
1.2385603232587825,3.006734496465186,0.7420144678605907,9.065583000592982,0.5737856512960275,0.7526374517896254,0.7697510893411595,0.5940269905005237,0.9002293307031881,0.3319589426883628,4.0,0.009751089341159536,0.6326222509190649,0.3142324892419847,3,hello friend i had a very rough night my period is in a day and during my pm i always have more anxiety and emotion than usual right now though i am going through a relapse of my gad and pa last night wa one of the most challenging night of my anxiety day i literally felt like the entire night wa a big long not ending panic attack session i had moment where i had the full blown panic attack but in between the anxiety wa constant in and out of sleep i wa a mess i wa convinced that this time i lost my mind i 
4.099267994249759,7.6630416369821726,0.19942715364613078,1.0,0.16253551264016203,0.18778585602566805,0.1562172971209249,0.06223111779062643,0.21557971244986296,0.7618198089038654,0.0,0.05621729712092491,0.1032276916022222,1.0,0,are you vaccinated against chicken pox should i vaccinate my yr old i am so confused about this damn thing
2.424281295570607,7.253787431885817,0.6317843416721496,5.767413594168807,0.6100041983495821,0.49025899227688124,0.7489032603085327,0.6990694883243973,0.49440572932886334,0.4801065862057946,0.0,0.14890326030853274,0.46634354354465446,0.4601038208443595,2,i ve come to the conclusion that after year of therapy med and coping technique and never fully recovering i must have an overactive or damaged nervous system ha anyone else experienced this and if so do you have any tip on how to get started on healing it
5.0,9.166938438454828,0.011025896217382175,3.7035002577585585,0.05218650693191309,0.126224525876766,0.842602330094248,0.0,0.14958100272559388,0.8278626887876469,0.0,0.742602330094248,0.08909488447322406,0.7442765808683929,0,i don t wan na leave co am is coming too soon
4.47827978773262,8.3531313204666,0.15476446854794637,2.9336931504120396,0.0,0.20197538661828002,0.23272371575906542,0.20066638169899323,0.16706745503729134,0.7210026023679695,0.0,0.13272371575906544,0.2584081655026883,0.9228189021532024,0,valium i needz it
1.1540099481524237,3.804612544039007,0.7936181951644014,7.924346674952712,0.9216026895712902,0.7473951643913245,0.8610307081028619,0.64568365167573,0.6104952727430863,0.18954004681482112,9.0,0.10103070810286185,0.7493627139853306,0.41153647505562463,3,kupavet depression mental illness ain t child s play
3.801910682411233,5.5959994783163225,0.3477453561795104,1.5480710969490659,0.21071375956876187,0.0,0.5134645458594911,0.07913111155572483,0.0,1.0,0.0,0.4134645458594911,0.15723761337990033,0.9035864665445137,0,is hungover and just want to stay in bed all day
4.695634918283935,6.137525113403563,0.1121626248048773,1.0,0.014693088826413792,0.1554306216983048,0.30017546622727687,0.6313445406218319,0.2777771317863216,0.9144525910606774,0.0,0.2001754662272769,0.07332088694663161,1.0,0,yea it is so quiet around here cuz everyone ha to work im bored to death with nobody to talk to
2.071512601948636,5.522417371705654,0.38165503550449126,2.180958560719885,0.23963313528116137,0.3260896393864688,0.27985591274544463,0.15797895919706534,0.022753441860882642,0.7367040644178293,0.0,0.08014408725455535,0.07036518702804495,0.6049455753455372,1,axon those got cancelled now everybody else is rattling my brain amp makin me cuss something terrible
3.7188336198065715,6.530061028508421,0.43339346667628365,2.7190854250543475,0.24341038504870893,0.32069273055405784,0.2525223552056369,0.4569490237232552,0.0,0.6924319481508987,0.0,0.10747764479436311,0.026849526293859005,0.9113245334278662,1,lunafiko can t wait to try em but prolly have to wait until next weekend at the earliest
2.14883460364899,5.108190855180499,0.6049760972336177,3.829449260102975,0.741238964698493,0.41108160476847533,1.0,0.8645338359330349,0.6568959118612903,0.3787066868605362,3.0,0.4,0.5490085806401201,0.36388956952871454,2,imma just give a head up incase my brain want to fuck me over more in the next few hour im in a really rough spot mentally rn so tweet will be really weird sad funny or just irl b idk expect fuck shit here and there mixed with depression it s hittin hard
2.0842547890636998,9.922390264519443,0.520726433177183,3.0578665364566175,0.3335341778177765,0.2896994552323676,0.595448206789898,0.2949797529786311,0.07670977102094305,0.7723459493817411,1.0,0.23544820678989797,0.10086097761993551,0.56766627494207,1,i think the wifi on my iphone is broken it will quot connect quot but when i actually have to use it that s another story
2.4612807777999137,7.5830231325926425,0.22789236102331992,2.9683547775662613,0.12787588173264097,0.16262880086843584,0.06799481625600229,0.14652765398807274,0.15257554715843097,0.6463641113610881,0.0,0.2920051837439977,0.26737283224330993,0.8130760680196141,1,i feel lonely today
4.180865416029502,7.025286252396145,0.031480191955167075,1.0,0.0,0.17233576887203458,0.4567810324882495,0.0,0.1502022326163385,0.9777915399325869,0.0,0.35678103248824955,0.0014416731016264894,1.0,0,listening to q i got a really bad headache and a drivin lesson in ten min lucky me i just wana sleeep
1.7786434845241095,2.978549975280856,0.47701917214055944,4.876635638389276,0.4486292077425081,0.5200904576623712,0.5832227030342299,0.8815297436447166,0.5137566549019217,0.318780033037407,4.0,0.016777296965770128,0.445244282755722,0.48360994747821173,2,i ve been getting a lot of internal tremor specifically during my attempt to sleep when i m fully relaxed and my mind is not anxious i start to feel the tremor come on especially in my head and in the back of my head it s almost a if my body doesn t want me to sleep context i developed a fear for sleeping in the dark they re like tiny spasm and they actually prevent me from sleeping and have caused me to be insomniac ha anyone experienced this before last night wa particularly challenging a i wa falling asl
4.370940957815906,7.089427415036024,0.1997953554791896,3.706589542036983,0.18467532222235522,0.17588511039653246,0.4943515029633553,0.0,0.08391153813145501,0.8826552657046284,0.0,0.3943515029633553,0.0,0.9344310157366723,0,ewww cooky and cola dont mix well together my tummy hurt now
1.4746421261650213,7.12879488674634,0.3996603409990444,4.812227910652281,0.4250262438395075,0.5405286423314829,0.5794394458298131,0.46238868216409673,0.5332228842791252,0.42124603967735796,1.0,0.020560554170186873,0.5612357287219417,0.4201100951429532,2,so i live in a small country in asia in this country it s like if you love someone you get a bad reputation your mom or dad is shamed at school if their kid is caught dating someone who doe that and our phone are also being checked by the school to see if we disturb a girl or are in a relationship with them the parent here are like you can date after being married xd so yeah i am very annoyed and sad about the fact that i can t love someone cuz of these
1.478511780782048,5.377735399654779,0.8313567721956662,7.79580457248798,0.9714995122700933,0.8610057502983778,0.8339660543162688,0.6293433232745576,0.8056668716272428,0.24692718944475853,3.0,0.07396605431626879,0.4819734974176233,0.11827012971433759,3,we ve been seeing a worrying increase in pro suicide content showing up here and and also going unreported this undermines our purpose here so we wanted to highlight and clarify our guideline about both direct and indirect incitement of suicide we ve created a wiki that cover these issue we hope this will be helpful to anyone who s wondering whether something s okay here and which response to report it explains in detail why any validation of suicidal intent even an innocent message like if you re 00 commit
2.2250618672381783,7.1916263993302865,0.44723161318871407,6.790368390820684,0.5047636674785799,0.50431720842316,0.9481506494936685,0.9069881645316321,0.5191819819471175,0.5143474313184607,1.0,0.3481506494936685,0.2972863523788513,0.5061343739815972,2,may 9th and september th are the worst day of the year for me and may in coming up so fast i feel the depression kicking in
4.895444894241546,8.685747448409568,0.034641482271019625,3.4809226032850313,0.25649157951107826,0.22615969561008678,0.8030076283895407,0.10548090462789624,0.09490694061318383,0.9616506988245752,0.0,0.7030076283895407,0.0,0.8880554568040416,0,gaspitsnicole sigh me too mostly i miss hsnging out with my friend damn growing up p oh yeah i miss being able to spell too lol
3.887714065244489,8.396220912893122,0.4075206509302542,3.1937092803477505,0.16010121147969822,0.24407406267199522,0.0816079533456689,0.5338546618202655,0.2285660161351515,0.5984401619939367,1.0,0.2783920466543311,0.39261533222084377,0.5415967490532518,1,back work had a bad start of day almost falling down the stair not enjoying work yet
2.0225256263589153,4.158834691349414,0.6316873910188114,2.9233791111409726,0.44858909393330204,0.7036310743631087,0.7512222126727676,0.7617309613679739,0.45361114329863167,0.47608010094575953,2.0,0.1512222126727676,0.47168454365566975,0.3861044500393078,2,doe anyone have such horrible anxiety that they have full lost their appetite i have terrible anxiety i have a new job to attend small kid to take care of a mortgage to pay and my anxiety is out of this world everyday i am down to having the desire to drink tea water only and i don t know how much longer i can function trying to keep up with basic baseline life is so miserable a an anxious person
3.844412997540796,6.075198212494582,0.0,1.0,0.1393242437676341,0.0,0.4624986907000763,0.1254227720483948,0.13187547961672952,1.0,0.0,0.36249869070007634,0.05399456632394767,1.0,0,gmg 00 lol omg don t tempt me i just started p90 hour ago i need to at least be good for a day shoulda asked me yesterday
3.1646264335370695,6.834807726496731,0.4799407993372365,2.796356906008663,0.32359399082322493,0.28315019381461815,0.5664427601975253,0.1202324803370841,0.2115502478671059,0.6108837342676101,0.0,0.20644276019752528,0.18329650131957165,0.6648818249543064,1,all the photo i try to upload are too big
4.428137082119738,7.739676005051848,0.08890001630944921,1.0,0.2128425836597859,0.06635144288355363,0.21955650451759182,0.4979551970084063,0.17368624540702993,0.9239563678768303,0.0,0.11955650451759184,0.06974932550685227,0.8711357013025569,0,lucygooesy haha nice barbie backgroud he still hasnt replied lol
3.1024673472879063,6.469527144998394,0.2638981073411229,3.1035355635562203,0.4975104061039263,0.10067011320954042,0.2489594114663162,0.12674024834870712,0.007746046100993567,0.7422692323254628,2.0,0.11104058853368379,0.2710929927477972,0.6360541665459634,1,keeping my finger crossed for my buddy he is not feeling well
1.2286405075482087,4.503472213347763,0.525405447515912,10.0,0.6509663998213868,0.8920482862806817,0.7042852505339623,0.47809484143200887,0.8950266368878849,0.06226516178369998,6.0,0.055714749466037716,0.7761164921181932,0.08485949089060953,3,you know that feeling when the day and night drag on the tear stream down your cheek your vision start to tunnel the feeling of being lost with no where to go the movie staring yourself is playing and all you can do is sit back and watch a the world start to slip away from you slowly the first time i tried taking my life wa year old i wa physically and mentally abused from the moment i wa born and still mentally abused to this day this time it me abusing myself i got so used to being alone and not wanted so
1.0,5.464096398710181,0.8839687025493504,8.217620979409583,1.0,0.9269280051143732,0.48649111977694076,0.6186403548698576,0.9080455920317747,0.09617638417706717,3.0,0.27350888022305925,0.7216789258682197,0.1510443013289561,3,cnn in term of immune system depression
3.3282730227289985,5.595352878367833,0.26220671348464203,2.0912284943783574,0.3440374382930048,0.46691654142584604,0.17333370583019553,0.0,0.008948821570961413,0.6989207772326297,2.0,0.18666629416980446,0.15999378094006683,0.6901543094795712,1,didn t even want to get up for work this morning i just wasn t feeling it but had to anyway
1.8218188575711864,3.9374638702463547,0.4771013558795265,2.9789082938379794,0.276209311005855,0.5279175911165258,0.7862644484701546,0.6611819854234854,0.5999265135752432,0.3912414023707625,0.0,0.18626444847015466,0.39584169796706453,0.6876378992629129,2,i ve been struggling with an eating disorder for five year now it ha stolen those year from me crippled me from doing thing i love due to my low body weight made me unable to think rationally and study diligently my family are exhausted mum especially sleeping beside me because she s terrified i ll die alone in my sleep it make my heart rot thinking about the hour they ve spent worrying about me or the time and money flushed down the toilet finding me treatment i always disappoint them the mental health tea
4.775774399478889,7.999566690865238,0.10067702313702002,1.0,0.2704566058289025,0.09882382352517796,0.10899981193821609,0.22782467218792693,0.07049767914392212,0.9151620582368658,0.0,0.008999811938216112,0.08066195985294274,0.9750194451147671,0,in biology class my lip hurt
4.060758807044666,6.288809489685546,0.0,1.0,0.1517478093017767,0.14889802568944305,0.4891322890125419,0.3168846252919225,0.11605060262150399,0.8947593641651166,0.0,0.38913228901254193,0.08907358753819355,0.8309815477904761,0,onlytosee twitter s been doing that to me tooo
2.1512396477689877,3.29621021825266,0.2725579426823497,6.615064291547824,0.3989350042129275,0.4472743508503152,0.8078499756811722,0.9278337850219014,0.25101304040079797,0.3900946140027306,1.0,0.20784997568117225,0.25786798667683397,0.3798984236612786,2,surely just hanging there being asphyxiated by the rope will kill you eventually if the above mentioned thing don t happen
2.182204760355306,5.817883586742426,0.5222320928478963,4.293670807530269,0.6075003410377972,0.4848091821712734,0.9264492083503166,1.0,0.4808471515388981,0.43840992630028586,2.0,0.32644920835031666,0.5365571827244435,0.4051862302848274,2,today i took the very scary choice of going to the hospital i don t know if i needed to but i wasn t sure how safe i wa and wanted to be careful a few hour a benzo and a long therapy session later i wa out and feeling pretty great about myself i did the right thing i relied on professional help i made sure i wasn t burdening my family and then my wife told me she didn t want me to come home and this just fucking broke me can you imagine getting out of the hospital after a surgery or accident and having your
2.8507709916618813,4.6987786645098675,0.6923000680542628,6.787218636024814,0.31048747909998053,0.5735290145721846,0.9847587059673,0.5302596917818462,0.580573318902115,0.3702045156909036,2.0,0.3847587059673,0.562811297220726,0.5029568969988334,2,spending more time outdoors can decrease your chance of depression quote fb http t co hijckgl0hm ig http t co sv h ne b http t co fw c9hg 9m
2.2221396314502693,5.319707988265202,0.609543438684575,5.037780996625184,0.5067847090396527,0.5448852849402591,0.9473211474763925,1.0,0.4595983261570625,0.5468587631094645,6.0,0.34732114747639253,0.40956801101951285,0.3665594232920433,2,lol not literally but when i m out with a group of people for example i always feel so weird like i don t belong or that i m so abstract from everyone but in reality i m accepted by everybody amp it rlly suck feeling this way anyone else go through this
1.1662620841932196,5.43757294119507,0.6521438193789661,7.002433173244641,0.3020264762820799,0.6696675702235462,0.8756531171499355,0.7812879049852278,0.44673645845320326,0.43378265194837373,1.0,0.27565311714993557,0.39111522832944073,0.4517674440393514,2,depression remedy little step big impact http t co kebtd od depression humanpsychology remedy
4.560326985553857,8.409260636604014,0.0,1.0,0.0,0.07853061231805271,0.5941233393721921,0.0,0.06713920361193468,0.9729955939737954,0.0,0.4941233393721921,0.15092545527805262,0.8035906061636497,0,paulteeter we passed by the border
2.3143851943707636,4.818814691596695,0.7102999187222675,6.052143442979737,0.6635328771227347,0.5590118374341034,0.8490438776044328,0.5076355830617971,0.34882830566506573,0.6900025638826748,2.0,0.2490438776044328,0.4820087671998885,0.366242015882641,2,when the seasonal depression finally fuck off and life is enjoyable again gt gt gt
4.130721869899173,9.765562629696216,0.1713254614031821,1.1048647183601275,0.010419187547853162,0.06315568626023277,0.3906955510961441,0.14327107399504632,0.3272829746516731,0.7157281544576156,0.0,0.29069555109614414,0.15166856401658707,0.881926762520035,0,also i realize that sounded a tad drama queen but i haven t been sick in year it s hittin me hard this time
5.0,7.460557742415118,0.0,1.0,0.01605509356589184,0.02679653559926859,0.3453088872252756,0.11627698876514853,0.24761177779572863,1.0,0.0,0.2453088872252756,0.08102309175127174,0.9104004585073089,0,and so the editing of 000 wedding shot begin
4.906561117319492,6.8440283603077585,0.2173818353240695,3.7119845123636206,0.0,0.02091994481830471,0.6573598038719375,0.0,0.22946084255744523,1.0,0.0,0.5573598038719375,0.0,0.843788945162809,0,aventure that s window for you i get to deal with about 0 window server and 0 window machine misbehaving every day shoot me
3.399627207056812,6.2269606468646685,0.2539804701407363,3.7414786911685964,0.3587568298202749,0.13840735189252382,0.5009242793236888,0.24013622117236177,0.026646128447948808,0.6818311012423106,0.0,0.14092427932368878,0.24008276826553945,0.8350932262937876,1,finished everything she need to do at work tonight ugh three hour of nothing coming up
1.0,3.8080538289495562,0.989023338625189,8.892854014238784,1.0,0.8034641277017603,0.903389997541566,0.620126246409386,0.9131748562386451,0.2382837771013459,7.0,0.143389997541566,0.7085444411558307,0.29111757929673854,3,i m am a year old male and i don t know if it s healthy to feel this way one of my relative is not feel so well and i myself feel like this have been affected me a lot recently and i also feel like i can t take all the thing at school i just feel like a total failure and that i will never be anything or get a good job and i feel like the only think i know is that i shan t to impress my dad but i just feel more shit every time i fail a test i feel like i m disappointing him more and more
3.11997802556136,9.068359519659392,0.23320952929400404,4.524631119964059,0.10013833276301948,0.3930781059482179,0.5302016216921852,0.10220528131135616,0.0,0.5613121293795453,2.0,0.17020162169218522,0.24633069798288024,0.6746294215467588,1,i hate money
5.0,6.3479059740839965,0.05822964875693955,1.0,0.03982286196659406,0.0,0.1270691379676315,0.3912774761521121,0.10473950611527234,0.7884966143382952,0.0,0.027069137967631524,0.0,0.7748509040772784,0,man tax suck i m horrified that i did something wrong on them turbotax decided to keep around a lot of the stuff i turned off
1.0963087910405889,6.08597945891781,0.7421287370000926,4.78985226019386,0.5790107244902648,0.5845221701422777,0.8116851374031461,0.6772913204925226,0.5127171663482921,0.40749749690899584,0.0,0.2116851374031461,0.6144045182622189,0.3792176896174552,2,going to clean my depression room so i can change the desk and the bookshelf http t co dy0jj slj
1.9073174657601035,5.792822610293389,0.564340359501178,5.524637900419735,0.5496496417371619,0.5716162065421647,0.703875020228346,0.5323477809379166,0.5375473409873857,0.4199552782716662,0.0,0.10387502022834605,0.3731734457522714,0.38471710399962433,2,hedonist lover ive lost myself upon your devilish gaze smile razor blade cutting word vibrantly painting picture with blood marking wall memory screaming out i will infest your subconcious like drapery beautiful silk of morbid whisper cover my body while my soul gently rock in the wind hedonist lover set me free
2.391996039701984,6.092876305406356,0.6049421231430635,7.732156676482399,0.7578680252796037,0.3446070729611916,0.6467429366739187,0.7772199086475488,0.5020457077424018,0.40256645262039475,1.0,0.04674293667391871,0.5485877503157295,0.37436702757949697,2,anytime i m alone i m instantly depressed i can t enjoy tv alone i can t enjoy a walk alone i just hate it alone i just lay here all day in my bed on my phone for hour then go to sleep but i get so sick of my phone how can i be alone
4.416308405355377,8.981558315402753,0.16422946472961694,2.800850507851067,0.3976129685346439,0.0,0.621440884608192,0.12598687646732762,0.0870411881230982,1.0,0.0,0.521440884608192,0.04565741058793568,0.7697894125027187,0,adame ruddy money i like it still waiting here oh what a surprise by state too hmmm seriously
4.470163437590565,8.833322334785127,0.037561180855596066,1.0,0.0,0.2749284870148151,0.13549337795092314,0.0,0.21718910035442254,0.9963395255753856,0.0,0.035493377950923166,0.061919178809599504,0.8813893566114028,0,studying commerce how am i suppose to remember so much
1.3592246734999516,5.4623457590510895,0.4768006795110599,4.3911705319216825,0.46095062460533626,0.5288981318994622,0.8632695428208461,0.6855143958993642,0.4555051842424376,0.40597708950561284,1.0,0.26326954282084614,0.5255137038536447,0.516147328424012,2,please just end it please ive tried od ing ive tried slitting my wrist i cant do it right just someone tell me the fastest and least painful way
4.718861341817545,8.7027873089162,0.16174041947628753,1.1969863533335943,0.0013148004307604877,0.19428034163520402,0.0,0.06962141173481817,0.2291899690347846,0.8931766499531298,0.0,0.09999999999999998,0.1646315436778813,0.9041150461046562,0,missykesson bet you let mcgee on there hahahaha
2.848022578642401,6.019212471700066,0.4436265791522785,4.013081815565989,0.31554845765541356,0.28553716082595076,0.4087730944561881,0.0,0.06954083074803283,0.764205872181915,0.0,0.048773094456188104,0.1562705444255187,0.7990362120996003,1,ch0en huh like what i didnt know
4.33102520769969,7.327046019652179,0.22033326919376078,1.611287628809122,0.1970500079217907,0.0,0.08650554240358416,0.2081400914102076,0.03492150903770343,0.848033920885021,0.0,0.013494457596415821,0.1089032099008765,0.6793039675790463,0,just enabled activesync on my google apps account i can now sync my contact and calendar over the net but no mail a of yet
1.0,4.814966392644833,0.7859722714842565,7.024525068507871,0.793639128110579,0.7840818688044786,0.5566145439434302,0.6649407209579014,0.8798511147246577,0.19447677911858344,4.0,0.20338545605656977,0.6771049242345671,0.3260952312866535,3,today ha just been so shitty it s so busy at the store i work at and i just constantly feel like i can t breath today i m also so paranoid because i ve been texting my family literally all day and nobody s gotten back to me so i m stupidly paranoid about something bad happening to them
1.9266050333793094,5.027565002369524,0.5499856119534413,6.125228712814661,0.4113056341230802,0.4930979646825946,0.9887058923045395,0.7936040119396353,0.43871672816288354,0.4969416276970968,2.0,0.38870589230453956,0.34076650824076327,0.3308336178581969,2,ha anyone had trouble with making progress in therapy i ve tried therapy a fair bit throughout my life and i ve never really gotten anywhere this year ha been exceptionally hard for me and so i have thrown myself into therapy and put a ton of effort both into finding therapist who were a good fit a well a really trying to put effort into it unfortunately i seem to be a failure at it i ve had four therapist tell me after a few month of seeing me that they didn t think they were making any progress and althou
5.0,6.825340838461137,0.0,1.0,0.2909253558390752,0.13697300265328397,0.33057536892760364,0.22221115676523245,0.11601865631436495,0.7466527147268768,0.0,0.23057536892760366,0.22691156296759224,0.8629046337798958,0,i miss my room in pasig i have no place right now to take sp s
4.604525123529638,8.026611957458067,0.20560686217294855,1.0,0.20358106008902754,0.03442710748930457,0.3022144449341597,0.41419238561440197,0.21397722812761777,0.8525006994624522,0.0,0.20221444493415974,0.058006326699062596,0.8828396397028052,0,hhh it s time like that when you want thing to stay right then someone come and wreck it
1.0,5.489462277274283,0.5911807000799272,4.70182680425724,0.6554064038995785,0.45956590310299117,0.5855523398180463,0.7198637744976142,0.5294116920219435,0.18925094662789138,2.0,0.014447660181953648,0.4931012325887796,0.47568595667477714,2,anyone else having awful war anxiety if so how are you managing i like near a base so basically my situation is i m f ckef if putin decides to bomb it any advice or well word are helpful i just need to calm myself about this ww stuff please
4.8456193314482645,6.999207676409691,0.10212586490519636,1.0,0.27622344632871104,0.2989679779426343,0.018101387302940752,0.35835956162592597,0.07151349341372791,1.0,0.0,0.08189861269705923,0.09868548358688932,0.7575180611282776,0,i need sims gaah
3.7176586201604183,7.795845317138876,0.32447124368841684,1.0,0.23486566547133272,0.13513503254902137,0.09036097602114984,0.18098731953304154,0.26209121530933943,0.9906064717772943,0.0,0.009639023978850136,0.16484846015026472,0.8825659476575304,0,goodbye jive test server so very sorry to have to shut you down
3.7627735948322605,7.662655536588287,0.3411266507235811,3.291440192625019,0.24015330137950242,0.2969605328235652,0.47606040917195447,0.514632177551165,0.10200887015036314,0.8267876105771006,2.0,0.11606040917195448,0.29915663773410306,0.5790442980806034,1,avisionofbeauty your phone doesn t like it sorry
2.345871508520762,5.5173558146494495,0.8739573250860597,4.936158386289788,0.5882571513013106,0.3511641736651048,0.858171812445667,0.6703200927467978,0.5989320281366375,0.46988692396004483,1.0,0.258171812445667,0.5719686522818326,0.6008697211286992,2,i really hate everything about myself i hate what i sound like look like my body my personality i really can t do this anymore and i won t try to i really wish i looked so much different wasn t a annoying a chatterbox i hate that i know i won t get better people call me a fighter for my disease but i hate it i wish i didn t have the clusterfuck of shit inside me i wish i wa pretty or maybe cute a cute cat a rabbit man something so i won t have to understand what people say about me i hate my body but i use 
2.6541906285990318,4.5928540496396275,0.5115301598520458,4.572517635615374,0.48939750579048497,0.49611314039264726,0.7010316017152687,0.8892839552988387,0.4444546763578672,0.6243417982473782,6.0,0.1010316017152687,0.5242996377158438,0.3494444588676467,2,hi everyone i fly home from calgary to vancouver on sunday it s about an hour flight i suffer from gad and am constantly fearing the worst i have minor asthma i ve never had an asthma attack but i do have a rescue inhaler and i do take a maintenance inhaler everyday to prevent anything from happening i read somewhere that there s le oxygen in flight and am worried about what would happen if i had an asthma attack would i be ok would i be able to survive that hour flight please re assure me
3.121141008344865,6.265139627109121,0.07106344248616567,1.2874573975898091,0.30276237348724305,0.2594941888798917,0.06717518882001816,0.24381702588260798,0.07171514375691604,0.7971996603966014,2.0,0.2928248111799818,0.2306548336769808,0.48043843916538487,1,stupid glass and it s ability to cut my foot
2.122243727327508,6.197983762292786,0.430116294117144,5.029467729820768,0.4208094663404879,0.4541847197743017,0.8339249398526088,0.8159091904337096,0.6644446797305215,0.5167956923493624,2.0,0.23392493985260887,0.5182247333477056,0.5470444427611053,2,m moved home to my parent during covid in summer 0 0 to save money a everything wa remote everything is still remote so i decided to stay however i miss big city life with more bar restaurant more stuff to do the higher number of single 0 0 somethings like myself going back to la is a no go a rent is absurd and i d be paying almost half of my salary just to have a decent bedroom apartment i m currently renting a house from family but i m lonely a fuck i live in a small town with 000 people i feel stuck betw
1.9207709064343343,5.695142665597393,0.5510792085196016,5.334507779206389,0.38144998797433405,0.6492549201526567,0.6849990060901653,0.5153059394277058,0.3895505520766972,0.4296387366662709,1.0,0.08499900609016531,0.5283666161911242,0.3571247674525264,2,i ve been suicidal for year i hate my life and i haven t felt joy for a long time a much a my parent don t care for my feeling and neglect me i know that if i end myself they d be devastated seeing i m their only child i don t know what to do anymore tbh i really want to do it but i love my family too much to hurt them like that
4.388343060851424,7.2791188435257865,0.0635273779043556,2.278239171594048,0.09108743218585524,0.03871968242620547,0.43073376341662617,0.07169160945117814,0.0,0.8152820441739717,0.0,0.3307337634166262,0.15754645265488404,0.6651574039700721,0,down to pack of moroccan mint tea and a whole truckloads of kenyan tea
2.427255283326439,4.639460435968855,0.48332605581743693,7.35495548860858,0.42578547483407186,0.5333815560112896,0.7564114602855369,0.7553763195512989,0.48182994330128115,0.4384984916912407,1.0,0.15641146028553687,0.48400939827338996,0.5402246931270223,2,i ve literally never changed my hairstyle it s just been a trim on top and on side but recently i ve started going out more and a few people i ve met out ha said to me that getting a medium fade cut would look good i ve always had a problem with barber though i have to go in about 0 minute before it close on a friday a that s the least busy time i only ask for the same cut because i hate making change how do i word it what do i say when i come in having a script in my head make thing easier cheer
4.433675267904392,7.7442863526729715,0.0,1.0,0.16533201364081077,0.0,0.3600586108531115,0.25155062375706283,0.1617820938871823,0.9008922822786782,0.0,0.26005861085311155,0.028145525659960542,1.0,0,redpr no look like housework for me
1.8416695694766059,7.850942811679527,0.6180647083275408,5.718020257081074,0.6212409093345228,0.39875420551525903,0.7577315501151897,0.814758391120467,0.7242987590437798,0.6869988747886578,5.0,0.1577315501151897,0.49059739151104675,0.32671256535503324,2,i had so many suicidal thought last night while i wa driving to try to make myself feel better i thought drowning is scary but i can go put my car in the river and drown then i went well let s look up to see what medication we have that might do it i m just so tired i ve tried so many different medication at this point i do therapy nothing ha worked i m still holding onto a little sliver of hope thing won t always be this way maybe one day i can keep my house clean all the time maybe one day i won t be so s
1.7795364172055355,7.008869117764389,0.4576474131633594,6.6084536072352495,0.4301905427346094,0.34494466198724405,0.6116482933355842,0.6495651923840201,0.6650897351427908,0.514891994982934,2.0,0.011648293335584259,0.3495122550212798,0.4110632349128941,2,i m extremely suicidal but i want to live could anyone give me reason to live i don t want to feel this way but i hard not to think about it please anyone
3.5241944789195836,5.390349017108681,0.4662459409728144,4.543989688826622,0.3341757394533694,0.5133836105137425,0.34470146646160593,0.0,0.24021207823609236,0.673347444008469,3.0,0.015298533538394055,0.10281342427064039,0.6621032250366656,1,baby i miss you so much
4.192788993524635,6.92348617140595,0.031417876608687945,1.0,0.16914605896507467,0.0,0.22715058912918318,0.4100686936109959,0.10350491688655732,0.9011340613862319,0.0,0.1271505891291832,0.08169316421847657,0.9066753633456146,0,anistorm sorry
4.72478457443941,7.297835511442129,0.0,1.463144132451582,0.2501283075920201,0.1282234412207038,0.2777314039599962,0.0,0.0,0.983339973694559,0.0,0.1777314039599962,0.0,0.8686139387105511,0,swellvintage a lot better today thanks unfortunately being sick did not mean loss of apetite for me x
1.2189243913591081,4.893754297072047,0.7600572547276321,6.825631590552105,0.537084792443955,0.579550934901111,0.9999768393456179,0.6812841038623697,0.5126912035836811,0.5068537609643428,2.0,0.3999768393456179,0.5666978938656166,0.4438902588065324,2,sihlewasembo lord bonda mizzzidc our toxic home are just okay people share make mistake and forgive we certainly don t and will never throw a fit get into depression over sneaker
1.0,6.988849702018698,0.6519514891426934,5.956671137108189,0.520537050741521,0.7057198258745762,0.5821457181081884,0.6724865922452777,0.8383346859856707,0.2328679008510991,4.0,0.17785428189181163,0.5967079798762778,0.13349424193438159,3,anyone else feel this or is it just me
5.0,7.21796511444885,0.0,2.21785046763016,0.0,0.0,0.6086417443105292,0.4457891629632412,0.016918468313987786,0.7858570726142919,0.0,0.5086417443105292,0.09776329948481395,0.9340754461049267,0,gen marie i hope we can fix you in california at least
2.3364134164649872,5.025793185842344,0.44405884808436413,6.513994344037933,0.20004329681659716,0.6907262767417294,0.5160401601131176,0.7802907323095097,0.42090043402425054,0.3538658245481111,2.0,0.08395983988688238,0.6026884938919206,0.650768020056318,2,just stop being me stop being a disaster stop being a disappointment stop being annoying stop being so anxious
1.751153106346087,4.2358317410215465,0.929926907478175,5.705723029707034,0.9544079490734659,0.7673011807731042,1.0,0.21801088560013604,0.7406392849596131,0.12091282401180746,5.0,0.24,0.5390421795658776,0.2179345991429031,3,idk if anyone else get this i get anxiety poop sometimes but i also get anxiety vomit idk if it from excessive hyperventilating when i have an attack or just from the anxiety i get super nauseous and have no choice but to go vomit this can happen every night if it particularly bad doe anyone else get this i tried looking it up and i couldn t find much regarding vomiting when having a panic anxiety attack it the worst
4.712364408253626,6.6641925587664055,0.0,1.0997303157607312,0.0,0.23367981005086538,0.6648672987491382,0.1256324253216476,0.044074679030507914,0.9604167685326984,0.0,0.5648672987491382,0.08820683301155223,0.9407118051364907,0,am gutted checked weather report for the wrong day no fishing for me today
4.800993898242394,7.610728384580064,0.3496027584968169,1.0,0.0,0.0,0.4928021748320549,0.4368275528890683,0.18190699783364722,0.9238570882864433,0.0,0.39280217483205493,0.08905857267736106,0.7737326358807486,0,oishiieats
2.667487507925872,8.171261438701013,0.25580211073211456,2.62527400638911,0.4582853892023623,0.18744375797007246,0.3843717687265988,0.2531222371532296,0.22541130863084316,0.6932844575792263,0.0,0.024371768726598797,0.32295261990830637,0.6416463660124305,1,seamonkey i am on a healthy eating kick i could only have shetland pony
3.852162398359229,7.531402365803462,0.0,1.0,0.0956706743217492,0.20990796738839662,0.26836027524191614,0.0,0.21874212494802808,0.9682516365884747,0.0,0.16836027524191616,0.16174470587769768,0.8526605134126138,0,danaeatsyou hahaha im sorry i didnt mean to and you re supposed to film the day of silly thats cheating doing it the day before
4.4913977519220465,7.1163848196299275,0.03587752156810292,1.0,0.28600026828303116,0.1174676009514279,0.1498982927359602,0.23959432003559783,0.10888047699787126,0.8761006512154313,0.0,0.04989829273596022,0.07569147522681245,0.8791853804073451,0,good morning i am going for a run this morning then it off to the dentist for some drilling
3.9653868709165727,6.566260895810634,0.25216860183708584,1.8402308767793365,0.20195053741611618,0.20893159797489796,0.5767595212821708,0.203265364916764,0.06562917020080591,0.8791297546995209,0.0,0.4767595212821708,0.16051443032225243,0.953446167386795,0,cannibaleyes i a bowling and the shit ripped
1.2452746125026295,2.888294499919982,0.6628800275571576,5.4269310530475,1.0,0.8602102290319008,0.7496989410257413,0.6772918630601253,0.7434792860912711,0.3401702646442568,4.0,0.010301058974258703,0.6983537004033752,0.20804324423283316,3,i m going to the eye doctor to get an eye exam today and my anxiety is so bad because i m so scared i have a serious eye disease or something doe anyone else have anxiety about getting their eye checked i can t breathe and i feel like throwing up
2.9760810408753477,6.004119046707422,0.18404794549302156,4.6903060380011095,0.11688477386147858,0.2059021057040609,0.0,0.0,0.20266127401939726,0.8038876010772762,0.0,0.36,0.21712751388940968,0.7045352132619782,1,wellreadkitty oh poor thing i used ot love squeezing out the pu when i wa a vet nurse kinda gross really
1.8862282218502655,5.042493391913768,0.5258165334489266,7.595330101518318,0.6255993115653904,0.8582605756356244,0.6685538703691709,0.6753933191070582,0.5946968117774636,0.4509293036936231,4.0,0.06855387036917093,0.49010487674753517,0.315742944277222,2,this is it i m sorry but i can t do this anymore i m tired and alone and i used up my resource to help me survive but it s over now i know my ex will be happier without me around and i know he will take care of our cat a i would it s going to suck not being alive anymore but i m done struggling to breathe i m exhausted i m bled dry i hope my friend and family can forgive me
1.0,5.606054561140978,0.8152094004993945,6.565742109586614,0.696471742103599,0.7717056649564819,0.7482317523278526,0.5744222278464197,0.8207469403304194,0.23780659783224714,4.0,0.011768247672147458,0.7313437699934006,0.2320689088107235,3,so i ve struggled w executive dysfunction for 9 year throughout my year of college there wa not one assignment that i did not do the night before it wa due i studied late ate terribly amp went thru a terrible depression a year after graduating i still have a really hard time doing thing in general i stall before i do anything at all amp it oftentimes lead to me not doing the thing at all also i kind of live my entire life on pause only taking care of myself when i have something planned or to look forward t
3.5129373272344337,6.314791520948791,0.3165794247360465,3.0676390461140066,0.3674812379112343,0.11363542268728158,0.23050749468679793,0.2799500338775556,0.1686821256339921,0.6907074700461636,1.0,0.12949250531320206,0.28686540162367963,0.7791300118680731,1,ryanseacrest is it just me or she hate anoop i mean seriously she s kinda mean to him
4.275936585307941,6.505379176445242,0.009083469992192283,1.0475624154058212,0.2558202741977797,0.0,0.2957159260156509,0.0,0.025182287801527037,0.8325676632927169,0.0,0.1957159260156509,0.2501846390328525,0.9809009798150282,0,haven t talk with aaliyah love in a few miss her some wife say to thank her for the mag she sent u
1.810157359926078,3.5846388513919436,0.6700555788682108,3.313176624328742,0.6117867774759063,0.6522861768576583,0.670422683679306,0.7776888716335933,0.5282031347477738,0.4547105565805442,1.0,0.07042268367930604,0.41802767021934684,0.47341582552103584,2,i ve been having this for a few day doe anybody know of this is from anxiety my hearth is normal but i ve been having headache and chest pain too
2.8446249783235276,6.436832123701224,0.24293626672239843,1.0,0.6908202728009769,0.3433330949043622,0.26263513766851937,0.25072863928514505,0.0837511037194657,0.6697400455970554,0.0,0.09736486233148062,0.5039900988996846,0.6414751006661574,1,seeing that shouldnt have made my stomach flip like it did
1.9297300874607812,4.960754768156275,0.5533098499435888,4.168648864451316,0.6567573548823087,0.5630548683129345,0.9973276766727095,0.7772860688336877,0.41637433599196144,0.4367570880359845,4.0,0.3973276766727095,0.34299522004176797,0.3769846493945964,2,hi just wanted to share my experience and hopefully get some advice from people who suffered through same symptom when i have extreme anxiety period i can not eat almost at all i eat one small meal a day if im lucky also vomiting can not be avoided when these episode come i have vomited several time when i wa out with friend for example i would say i have to pee and i would vomit my soul out of my body how can i help myself i am tired of dealing with this
2.1854814151918727,6.427799925766134,0.4245777966944573,4.616573015185448,0.33033725443414447,0.3317815622733481,0.946338878274706,0.7786848352694375,0.462036636229842,0.5338417800585077,1.0,0.346338878274706,0.31276814113837614,0.30080867706360226,2,hello my daughter is suffering from what doctor initially diagnosed a depression we tried different med and all resulted in a flat affect and her staying in bed eating seemingly only carbs and gaining weight weaning off resulted in a year old thst ha life but is still anxious to the point of impairment at time she is terrified to try anxiety or adhd med a she doe not want to end up flat her word i am not looking for medical advice rather i am wondering if anyone ha experience with medication that did not to
4.157512238306754,8.367046688477112,0.098105040385832,1.0,0.0,0.20185403870412033,0.22248926181315673,0.3792146254471179,0.11380101115442896,1.0,0.0,0.12248926181315675,0.0,0.9757929572670389,0,is really really tired and hasn t slept in day can barely keep my eye open really missing my sanity
1.71929752709834,4.542726958606696,0.895570717374082,6.287600855619154,1.0,0.8037918299266459,0.9463213975443319,0.8756417896868542,0.7914144330932328,0.1762554934543396,8.0,0.18632139754433186,0.4795818133030707,0.4219831762552565,3,my wife f wa doing great losing weight by walking and dieting but she expressed sn interest in working out in a gym so i bought her a gym membership for christmas a higher package that includes tanning and massage besides just the work out equipment she go night a week now after work i do kid duty in the evening after work and then just sit at home by myself if i ever try and make time for myself it is interrupted by work or home life i love my family to death would do anything for them but i have burning t
3.058256739847065,6.897544391161228,0.29744496198744524,4.6844898243017274,0.39192319399975223,0.3206664696517363,0.4723152475798559,0.18532172251500206,0.19904347957385027,0.677698592714424,0.0,0.11231524757985589,0.19441442934934627,0.8621088289668836,1,ha got work again today
2.8272206131155384,6.308737541118522,0.5823291231017577,6.592894527076005,0.5275252009001393,0.5722063012234598,0.7714263856509529,0.5811924513637388,0.6412517700572449,0.3958147049771103,1.0,0.17142638565095292,0.37204158120356734,0.47188621028559513,2,being loved by everyone having money to take care of my family giving back traveling the world getting up each morning working on project having no insecurity being respected being king
1.2585294216419423,2.5084482221066757,0.88252977615933,5.629539216819459,0.8781273555067808,0.9639508760251254,0.7738780142332401,0.6564597524696548,0.9058219987787464,0.12827875241471692,5.0,0.013878014233240088,0.6926054906664565,0.3398125198878822,3,i am mentally exhausted i have so many problem that i can not deal with my older brother bully me daily and all i do is just sit and listen to it if i tell him to stop he will just continue to be more annoying i have a lot of health problem my parent dont want to take me to a doctor because they think i am lying so i have to do it myself i am not legal in my country i go to school and put on a fake personality and laugh people bully me even there not physcally but mentally they tell me i am dumb weird skinn
3.057220193123477,5.089459623170538,0.37605621504846765,1.8355611367369409,0.3274912231265798,0.399783510055456,0.36869949343174324,0.12030887656419054,0.0,0.7758014875145135,0.0,0.008699493431743255,0.21010777087793953,0.6902609263561221,1,katebornstein which is pretty anti memorial tattoo but for all but the strictest there s no official ban just disapproving family
4.256662798572464,6.7749859910384505,0.16835338080570048,1.0,0.26325334032812,0.0,0.3596520345458666,0.2959309877578986,0.044528540247180726,0.7763976195684493,0.0,0.2596520345458666,0.2928799090729887,0.8898214809028588,0,maxime darn can t open it on my work computer not supposed to have fun at work but thanks anyway
1.9165369065193787,3.4697695717719057,0.5816822493936737,8.131687598393583,0.2963383394516725,0.42876663117447983,0.8601054883124453,0.7178554587216648,0.5055256002843733,0.33279492734381655,2.0,0.2601054883124453,0.44534961770117065,0.4858192537500431,2,it s just a constant reminder that you don t really have any friend seeing everyone having fun laughing hanging out with eachother and then there s me depressing awkward and lonely i fucking hate it i just can t take it every single day being reminded of how much of a sad loser i am
1.9671774076406154,4.496198151820829,0.5668787941550394,5.603446984431209,0.6429032187612841,0.37368640959261706,0.7743425931893915,0.8740117772621252,0.5305145733632116,0.45818572786790857,0.0,0.1743425931893915,0.4280921243968476,0.4564515472151793,2,year old male year here i ve always had a confusing relationship with myself and anxiety when i wa a young child i wa very outgoing then hit about and wa bullied because of my sensitivity and openness developed really bad anxiety a a result got to year old and found it impossible to talk to girl and wa completely sick of my shyness so i decided overnight that i wa going to showcase my confident side at all time faking it till i made it this wa a blessing and a curse because a lot of my confidence wasn t nec
2.695592266264877,6.141290298826273,0.4669029814464969,5.315049791382346,0.7219255717743767,0.7284364091994671,0.9596877607576708,0.7523125490863071,0.5174599392699051,0.5040964276197342,2.0,0.35968776075767084,0.37521490420602793,0.4650709655147679,2,it s not easy being useless i am honestly just considering quitting my job and spending these last few day in a hedonistic fashion i hate my family so their feeling don t matter i never understood the logic that i shouldn t kill myself because it would make other people sad it seems like everyone is for doing what s best for you until that thing that s best for you is suicide the rule for suicide are different because when you re suicidal you have to throw what s best for you out the window and do what othe
4.559919142331874,6.162935774014717,0.029154992915061614,1.0,0.0,0.06419002111004357,0.09935582353913952,0.4362264956993616,0.20143345112931058,0.8693609694482348,0.0,0.0006441764608604572,0.026715218697100425,0.9626328510709241,0,dad wa admitted to hospital yesterday so want to fly to cape town to visit r 900 for monday return ticket on kulula
1.0,4.158363036916783,0.89774133092157,8.652880056338361,0.6768685565100563,0.7122693737981053,0.8238900910010474,0.8659839215278912,0.9081812960041478,0.30203843398963537,3.0,0.06389009100104737,0.7188009963348032,0.45090702504052227,3,i m currently an art student at university and i m trying to pas the year but my anxiety coupled with my low self worth ha made it dangerously difficult to complete any kind of task or face up to any kind of challenge it s already taking what i have to take care of myself everyday and to give myself break whenever thing get tough but my work demand a lot and i want to get through it but whenever i look at what i have to do the thing i need to do i shut down i can t imagine myself ever completing these task 
1.9189832350244054,4.3106615709584535,0.48207903251356654,5.696669508474569,0.5608501482712276,0.6573826332033617,0.6667558494495125,0.6196481101165452,0.48066173402052803,0.3826443795021228,2.0,0.06675584944951252,0.5142404969599932,0.36929921444911096,2,people who have been through depression or terrible life tell your success story or how you have changed i really need it
1.8351218258013438,6.159756365306334,0.3901038859053033,5.856789683612902,0.4013696367565388,0.557064451381282,0.7544060934505669,0.8036093597416312,0.4367080600656129,0.32099092519206796,2.0,0.15440609345056688,0.396927442854778,0.5508956965222926,2,i want to die so badly even just cut do something to ease this pain but my mom took all my blade all my option even my medication i have no access to anything anymore and i feel empty hollow i want to die so badly but i cant because i have no mean thats the only real reason i m alive right now is i dont have a way to unalive send help im not well im cry everything is terrible and i want out there really should be a log out option on life so you can take a break and come back if when youre ready to face this
4.174923556833817,8.358016019635317,0.26843610397606654,2.139985672161156,0.14480356180756054,0.03899951549956407,0.3901033408959642,0.28293885493805404,0.03655926651973389,0.7171271550339667,0.0,0.29010334089596423,0.07121477243028758,0.8864293688189985,0,phillcoleman i had it a low a last night
2.5583286298708177,6.347896608281003,0.46064975709879863,9.659277342553324,0.38895964541318506,0.48950706497107527,0.784317764498484,0.6543632036592799,0.6046106851171905,0.4120904584192161,1.0,0.18431776449848403,0.6313824702910431,0.4183888219054047,2,i am 0 married year this october and a four year old about to start school none of this matter when i m expected to pick up the slack for my family and their failing my sister wa diagnosed with schizophrenia my parent have no idea how to deal with it having lived with chronic depression their entire life and relying on faith to get them through she s refusing treatment medication and in denial of her condition it s a constant cycle of her being unstable hospitalized until shes able to manipulate the doctor 
2.0869850404091266,6.58307952548876,0.48162582841611634,5.798313480942676,0.5984451365880834,0.7274874003548518,0.5099742808766975,0.7758125208062381,0.4792724569990488,0.31417062885724434,2.0,0.09002571912330248,0.35720573524233956,0.5785000513546882,2,why do i feel like when i m about to talk to someone i always see what am i lacking and how to provide solution for it and then not going to tell it in the end wtf
2.644639017711712,5.256634464110034,0.6089993871892535,6.596952843940068,0.48519622737862667,0.7571346669006509,0.8283194838035519,0.854981174742731,0.6059508097423555,0.3996160908495948,4.0,0.22831948380355194,0.3740221040100847,0.3889862264574745,2,i wa at the peak of my depression during lockdown level yoh
1.8520648001830415,6.5553574149305796,0.43337653944745463,5.443356060462967,0.630225221726898,0.6691273727131183,0.7837922649643041,0.7506461500129659,0.5040657113321474,0.5140906220455098,7.0,0.18379226496430412,0.5591202070539006,0.39667801395978525,2,fayokemi keziah oluchy is it laughter or depression you re wishing me
1.7478135588505086,4.56337449067251,0.5246806001725252,4.524361836388183,0.5766899076231514,0.8793461155911885,0.9780241279348267,0.8165282451423345,0.5644668834713937,0.17001170308620067,3.0,0.37802412793482676,0.41719259496034444,0.42970196386467713,2,i have been suffering with severe anxiety for a couple year now i had a bad life threading car accident in 0 0 and thing have never been the same i started college during the pandemic 0 0 and i wa on zoloft i wa taking my zoloft inconsistently and ended up in the hospital with severe side effect i decided to give it another try month later and the same thing happened i wa prescribed prozac in 0 and then took it for two day amp almost attempted fast forward to now my anxiety is the worst it s ever been i hav
2.5660385226447793,6.550015632553158,0.79737757165053,6.302859863896179,0.28377518249920747,0.5029466099590291,0.8623111839893168,0.9437154937838906,0.44372603517644216,0.33522371821513985,4.0,0.26231118398931685,0.3327269438262978,0.5587083763268567,2,month ago i wa hospitalized because deperssion i wa diagnosed with depression they put me on abilify and depakote not first time on med year ago i wa on seroquel depakote and klonopin because my psy tought i wa bipolar but maniac phase or psychosis never happened and fit me i remember the last day in hospital i had this urge need of masturbate orgasm were beautiful and after i got home i had for a week these urge of masturbation and good orgasm but only in masturbation a i remember not in sex too someone ha
4.457930220983055,6.635201752663351,0.05305524273967944,1.0,0.034640282856038124,0.40627344857469305,0.49843226397244333,0.0,0.11249566493585718,1.0,0.0,0.39843226397244336,0.05825394567938309,0.8136428890669152,0,tired cant sleep baby feeding at 0
1.6988753230131637,4.880022247218953,0.4295440042177031,5.340037986172947,0.6643272491951752,0.42991725969285405,0.8131215732298547,0.754740738702037,0.5029101140855344,0.5182754219773154,2.0,0.2131215732298547,0.41026991189850853,0.41714330833396046,2,even the most basic task are super difficult to do this is most likely going to be my final week on this shitty planet and it s most certainly going to be my final post
4.6527962264697384,7.270643791578146,0.0,1.8475441579653462,0.0,0.1847777826637419,0.018091971190633327,0.40651304125911336,0.07487021709563711,0.8606767632519614,0.0,0.08190802880936665,0.02547932801755652,0.8986911670748661,0,just got my presentation done slide done i m cry for this week will be the hardest of all week
1.6731612161019527,6.444971814701663,0.5830221186219985,6.03902270092568,0.5274492461437326,0.7464302522673201,0.8350471156856054,0.7394987411604712,0.3508499705237058,0.4070459349586579,4.0,0.23504711568560543,0.43691683439205503,0.39585171488472853,2,why the heck am i still awake i m usually so tired all the time but once a week it seems my mind body say no sleep for you wtf nosleep insomnia depression stress http t co oyjph znfy
4.276223859805019,7.945809727655357,0.2916309740345352,2.5304039892409147,0.1121232138095723,0.03888584191501877,0.2613481607906154,0.387525063533097,0.2710265307750814,0.945983548065024,0.0,0.16134816079061542,0.09410443019297889,0.9127294929497031,0,j stricko i found it pretty frustrating stupid monkey
4.293212360456036,9.574023407365058,0.18915643169570912,1.0,0.15529530754278034,0.17384496833065344,0.39577071454602086,0.0,0.0,0.8304541275057059,0.0,0.2957707145460209,0.021764116790927344,1.0,0,one of my friend called me and asked to meet with her at mid valley today but i ve no time sigh
2.4597880481468524,6.708111328987316,0.1614787195597493,2.254357138710712,0.3619959516252694,0.3005288889738904,0.0,0.2927321133570485,0.10919125322173573,0.6354127742716276,1.0,0.36,0.31451111511485436,0.6651564622116728,1,hate revision
3.1412082356400592,4.3396357067554305,0.7432354275767574,7.207321943357134,0.5382249273572374,0.4130486490440388,0.5656248175980867,0.6266866661911885,0.5013306356281433,0.32724852583425107,2.0,0.034375182401913285,0.6714949491852449,0.5619791378111876,2,i ve been on mirtazapine 0mg daily for over a month now and seroquel 0 mg daily for just over two week i can t take it i ve been eating everything and making myself sick to my stomach gained weight have strange dream insomnia foggy brain and increased suicidal thought and i ve been more depressed than i ever have before i understand that medication take time to work but it doesn t feel like i have time i have talked to my psychiatrist family doctor and been to the hospital for an adjustment but to no avail 
3.8336846249382504,6.782376850488537,0.054498489442506175,1.0,0.0,0.07488351625537726,0.20449747604422197,0.43924061287294175,0.04715901187307079,0.688880396532537,0.0,0.10449747604422199,0.018734533648268936,1.0,0,lanarisque hahahahhha hows your food poisening going ha it gone away
1.0,3.105128646869554,0.690000657479923,10.0,1.0,0.7081443246243835,0.6905790817108906,0.8580080815713463,0.8257021485677974,0.22283265784494266,6.0,0.06942091828910946,0.6499043054180104,0.16269768500630105,3,i have a friend at work that i ve been confiding in for the last couple week we both are experiencing depression and suicidal ideation over the last several year she seemed like someone who ha everything together in a sense that she ha a gridiron exterior great career very positive attitude and i come to learn she s barely hanging on in my struggle with depression she ha been my most interesting and welcomed member of my support network i m also working at getting my former bos now my director back into my 
2.538040121540793,4.453104457954428,0.336397750422905,4.33545776515294,0.43705477692915573,0.26331866437495466,0.5295860797471648,0.27423039739863186,0.31548908252749946,0.7693379150673199,0.0,0.16958607974716478,0.23587835353271466,0.766773141269449,1,ashley tisdale i love you but why did you dye your hair
3.2101944988383506,6.312132791092887,0.40207843629241846,3.87168670731167,0.17214898329541534,0.3426673233937607,0.2407348054903118,0.39305834587271077,0.18504734155481944,0.7221383276966883,0.0,0.1192651945096882,0.13562811626252702,0.6658043105253583,1,msjodiodie it such a sad situation though in of u will be beaten in u every second amp killed a day it s sadly commonplace
4.186020637831084,7.222409058427727,0.0651201467374275,1.0,0.0,0.0,0.18558878712179033,0.08665536896946253,0.06404401984293112,0.9716719226063657,0.0,0.08558878712179036,0.0,0.8874879507431219,0,slideshare s embed code is annoying me sorry about the tiny embed fail
4.972930101174413,6.4858780994624325,0.21306528380559628,2.5585094064153813,0.3449327870319197,0.2306191258737797,0.30511011026934687,0.014057014139278734,0.15321908868145212,0.5846078431685661,1.0,0.05488988973065312,0.3227924372933782,0.7792225397852478,1,im on val s mac in iitsc clubroom still sweating
1.0,4.189304759827092,0.6841946162051027,9.54654515264161,0.8292492835662989,0.9383203495840768,0.5361486136494,0.7739361117348146,0.8582406375208573,0.08992932819832256,6.0,0.22385138635059998,0.6527330936849547,0.03769276008733424,3,talking bout depression girl i just got off the pill
3.685507540469911,6.902662537028741,0.5473022769181933,7.292716535880073,0.050257202570561876,0.22720109829620672,0.3936715894913994,0.15109752289496756,0.07003915951661195,0.6384051708173897,0.0,0.03367158949139942,0.3374117159405168,0.5680426114988569,1,sarahreedsc treaty isn t defined
1.0,3.153233267490773,0.6540895104941634,6.82298036485877,0.6341458837687183,0.8823189809040904,0.6656477176599824,0.8051237840662057,0.866625944230629,0.15126477699093535,6.0,0.09435228234001758,0.5611718639019462,0.24340806543376042,3,my bf s ex is now his best friend there like sibling according to them and they love each other like family i m a person that can t handle change well at all they use to hate each other and that wa what i wa use to they became best friend and i try so hard to deal with it and be her friend and accept it but it s so hard for me i ve been trying for month eventually tonight she got in a predicament and i helped her bf get her and calm her down i feel like maybe i m accepting her more and friendship more but t
4.433834136619382,8.832571217070251,0.04147814382316145,3.0743823596402047,0.1543403465814244,0.1531793746983168,0.35774116319305277,0.16978799660349006,0.01954488988659367,0.9295831904437818,0.0,0.2577411631930528,0.026698360942349647,0.7944657563542641,0,should have stayed at home
3.5652597438839533,5.65926029149808,0.3515912576499155,1.721485982317403,0.4084488326752435,0.19936703279507967,0.44633794565118035,0.0,0.0,0.7504234522243896,1.0,0.08633794565118036,0.22817683659566051,0.7893102613500464,1,uh d why did the dentist hurt today holy crap i feel like my teeth are all about to fall out
5.0,6.294288000367403,0.0,1.0,0.10800291667531212,0.2412486276513435,0.11191365782232413,0.37408093211390314,0.07338554930734881,0.8996573840046916,0.0,0.011913657822324147,0.028826075700363316,0.8906872037435282,0,doesnt want to go to work lol
2.5474669837508994,6.8527287777485,0.5661227502574138,5.588820991753237,0.5601256147562895,0.5979590607633187,0.8314880600468951,0.789107109135709,0.3888721048220389,0.419013354623987,3.0,0.23148806004689515,0.560256772490531,0.47862231723118465,2,can someone help me kill myself or give me way to please i m i m really done with life idc about anything anymore i don t want people to try and stop me like i just need a way to do it but idk how like what thing to do love you all xx
1.8258825407557542,5.356637732818047,0.6478408765931702,7.662104595413941,1.0,0.7943401497557897,0.981247507552204,0.8189637671219757,0.6601835478128135,0.044134427390609465,4.0,0.22124750755220401,0.6349398990574943,0.14145941596181943,3,no i don t want to kill myself but i want to die i reflect on the last 0 year of my life and see nothing good and can t see the future improving my mom just died my longest relationship recently ended terribly and with abuse i have addictive behavior i never seem to kick and i don t see it changing i ve gone to therapy i m trying to find another good therapist but haven t heard back from voicemail i ve left so far if you have a response i appreciate it but please don t share vague generality tell me your pe
1.9448186179473064,6.038311978908073,0.7779578996720113,5.273219181335257,0.6861118840288141,0.5090809022735243,0.6812803866004938,0.889006062462393,0.5346297337517176,0.3309618283460183,1.0,0.08128038660049386,0.6579934883551277,0.34942647155674356,2,do i play pjsekai to forget the fact i wa clinically diagnosed with social anxiety and depression or do i hug miku plush and think about the fact i wa clinically diagnosed with social anxiety and depression
3.2781169748652905,6.505995989819204,0.5775889938679721,2.0368711738117504,0.20581767269249573,0.15665936233257766,0.14370321453157783,0.0,0.09282118039059516,0.7519003584146872,0.0,0.21629678546842215,0.3894430229573588,0.6792791808923435,1,r i p baby girl sandra cantu my prayer r with the cantu family be strong
4.640361412215666,7.140163669021441,0.01036151931014985,1.0,0.1719049248715146,0.22338406736498578,0.2240390214813378,0.18804055984041895,0.0,0.8027695447079424,0.0,0.12403902148133783,0.08865779004761246,0.9973726008436562,0,i really should be sleeping already but just can t seem to get to bed before the sun come up progress on sorting out life is slow hard
3.560164901836923,9.023784331765981,0.19383018063862456,1.0,0.02863248091910936,0.25207311010935607,0.2615008682089005,0.0,0.0031426080948962765,0.8406793014086197,0.0,0.16150086820890053,0.11085472685128026,0.7307742995132678,0,everyone hate me so much
4.176262008350068,6.15552613706449,0.06967714835561066,1.0,0.008455908556976852,0.18552984959208557,0.13452946663635237,0.22681272641255623,0.0,0.8008730692504386,0.0,0.034529466636352396,0.11724394496199181,1.0,0,got ta calm the weekend down monday blue carrying on into tuesday
3.427900403252579,7.585681376444476,0.2878162907524412,2.162647174061856,0.09139722667277353,0.47498655858157224,0.47682783838129156,0.40787895523970125,0.25237043522311065,0.6896938847179243,1.0,0.11682783838129157,0.29784356163399645,0.6505032033405368,1,i have to wake up in hour laameeee
2.174004173757972,4.893709203855574,0.4437549012264131,5.968552076731647,0.44474714414290434,0.2504666029673592,0.764122786549825,0.7551855966986551,0.5479328283771521,0.31368973953339685,2.0,0.16412278654982504,0.37808803632350885,0.5340155859224383,2,hello i am year old and a senior in high school i also have adhd and autism i have been suicidal twice before th th grade and 0th grade but this is possibly the worst it s been the disaster started back in september when i got diagnosed with a rare genetic disorder called nf everything i have heard about this disorder from doctor and online sound fucking horrible and nothing i want to live with then in october i met my first girlfriend so i wa happy for a bit but if course that went south too i ll just get 
4.46920615807055,8.124091216330505,0.10627961018233108,2.777942726992094,0.06276564761506243,0.11774530190464494,0.15920290787069932,0.3508354820748921,0.054694530997018244,0.7645471139338331,0.0,0.059202907870699345,0.0,1.0,0,gripping agreed love the sound but hate how everyone know them
3.1540308436479587,6.438324342571227,0.27519378742114436,1.8540269540835328,0.3989558127486832,0.3255883383227382,0.23181409314923657,0.20913973806435393,0.21052287813142162,0.7741832260093264,2.0,0.12818590685076342,0.2982767124289551,0.688233207604318,1,ha a huge headache but got ta go to work
3.897635335037269,4.757112102851122,0.17968447189253978,1.5771014397969534,0.7140603106402393,0.3328692665323508,0.5839624750481398,0.2590926683665163,0.09922766376759766,0.6972743820036073,0.0,0.22396247504813982,0.3786134622296402,0.8900685451779178,1,my dota ladder stats on garena don t seem to have been updated
2.8762139552287356,7.324761471095905,0.4964668464400708,1.983603630321001,0.19133610525468345,0.25940343021687806,0.5376207940174794,0.0,0.05107893643313284,1.0,1.0,0.17762079401747943,0.4147226470022605,0.8979353611465888,1,i hate when i have to call and wake people up
2.347886074334468,6.448955955117255,0.4785349665192704,7.074978318665593,0.7036186345348229,0.7352930294314214,0.7771918975835983,0.7040016350511253,0.5773217822486892,0.4769230406080366,2.0,0.17719189758359832,0.3265533247013122,0.4115581078098071,2,first vent that is not related to the second one i ain t transgender i m fucking delusional he always find a way to make me feel like fucking shit i fucking hate him i thought of him like a father and now he just fucking betrays my soul he call me selfish for wanting him to see me a a boy he only give a fuck about himself he humiliates other kid and get a fucking kick out of it and i m sick of his shit sometimes i wish he understood how much i fucking suffered im having a whole fucking insane as fake as pro
3.9826378158988622,6.130417333554689,0.022186709152679396,4.966153540516119,0.0,0.06081487818753256,0.5379041782035223,0.0,0.15175685602661546,0.8628155275230515,0.0,0.43790417820352234,0.006889548507254664,0.8874688364362241,0,rach oh no that suck mike ha to work saturday and monday andrew got from friday till wednesday off the bugger lol
1.0,5.1865971131189115,0.795570843863197,10.0,0.9271740011672206,0.8849136519995059,0.7694227182244916,0.673069810446698,1.0,0.3312645373943578,6.0,0.009422718224491589,0.6061731886922488,0.17774804209906495,3,i ve been feeling pretty even consistently which is good i missed a dose the other night i usually take them before bed i fell asleep on the couch by the time i woke up at am i felt it wa too late before the next dose so just halved the dose today i truly felt the difference and realized the importance of this medication i do find that now that i know what it s like to live like someone with a more normal brain wave thanks to the med when anxious start do enter my mind now it s much more frightening than it
4.159874706521537,6.7293790377480205,0.043708874020828355,1.9506694972084841,0.11858411225687517,0.0,0.1909949227091982,0.0,0.12664630211743644,0.945797850592407,0.0,0.09099492270919823,0.042634371022307924,0.9868633001346823,0,ladyldn i hope you feel better soon being ill is no fun at all
2.380146397484584,6.909588858848914,0.20515916128287065,3.86390620383135,0.456645499955157,0.19151270109353047,0.623413913607725,0.31349654005401456,0.0,0.7722232280358594,1.0,0.26341391360772504,0.10783726619619852,0.6503634955085424,1,pinkserendipity yes sprint ha g only in baltimore and chicago so far
4.029871450576174,7.138150599047942,0.0013807865021451537,4.49584082016389,0.0,0.04346217626596826,0.5163468325996712,0.0,0.0,0.8826678506214635,0.0,0.4163468325996712,0.0,1.0,0,off to see my german girl for her last night in brisbane
4.397046818324504,7.958876623712513,0.16033449619928292,1.0,0.1486142586146484,0.23796841858698048,0.4865000286399224,0.18098827394650668,0.2199860794588927,0.9953984655659088,0.0,0.38650002863992244,0.1313296951784802,1.0,0,well it sunny outside but im stuck indoors far far away from a window roll on dinner
3.013419314758244,7.467500902280837,0.21942730267915167,3.0692656690240163,0.21243200770283738,0.38133403677766653,0.07674376117002607,0.3703641533591189,0.10300954844203665,0.678345525418662,2.0,0.2832562388299739,0.21350413463370577,0.8033027145192584,1,so tomorrow today finishing up hmwk getting over being sick then getting ready for another day of school tomorrow
1.8278127670089663,6.500520048094202,0.6977972334694603,5.039262372809041,0.5678936915961191,0.5103876147073163,0.4913604929458235,0.7387592449982063,0.511639215647088,0.2950802602471799,1.0,0.10863950705417647,0.46516573918998233,0.43776511234004667,2,i m m and all i feel like i do is dissapoint everyone around me it suck i remember everyone used to tell me that i would have a bright life when i wa a kid and i look at myself now unable to talk to people hold down a conversation without saying sorry every second i just feel like such a dissapointment and feel like everyone in my life would be so much better without me i see my partner of year just thrive in her life and it just kill me so much knowing that someone who is so full of life love me i feel so 
1.205077325061834,2.5044741767494934,0.6283123691222019,6.3164280748604025,0.9189147081007574,0.8695687681725588,0.7062062802557832,0.8625229110272359,0.5014782432520665,0.3986405031949779,4.0,0.05379371974421676,0.7408373870466732,0.22377796645130799,3,lightsnoor funfact c est scientifiquement prouv que oui la lumi re a un effet sur le moral de gen plus ou moins prononc d o le depression d hiver quand y en a moins ect donc au fond on est tous de plantes
1.9995809094048895,5.098068013616319,0.46329228125148086,4.4586669151030405,0.4808397058323731,0.3464307176447484,0.9491208856287436,0.600015433917781,0.5211715415692202,0.23125751301222752,1.0,0.34912088562874366,0.48650689320025575,0.43434502269991326,2,amp x 00b how do u deal with the loneliness when living alone how do u engage yourself who do u talk to i literally crave some human being to talk to but have only few friend
2.4408095147858666,4.9259651890702,0.35603224383933413,5.817871082425918,0.6142174608632137,0.4654620740152309,0.7663859560041202,0.6872969910883763,0.4249659341010916,0.35901063408576195,2.0,0.1663859560041202,0.39214848101509,0.619224091317365,2,i thought because everything in life wa good which wasn t true bc of my own delusion i could start opening up to people about me and how i feel all i get is ignored interrupted disrespected laughed at mocked all under the facade of a joke i hope this anger in my heart burn brighter with each day so i will never forget to mistrust people they can t handle to the truth about me
1.0,5.512300179125977,0.8531934878301572,7.9539666092443015,0.9891588149012063,0.7827611406647877,0.805190936069308,0.8311986275559814,0.7967989333143872,0.20596905094155463,6.0,0.04519093606930802,0.7029873081568251,0.1376898011873025,3,i don t know how to answer the question do i tell them i hate everyone and everything and want to die do i say eh and invite fake concern do i just keep exhausting myself by keeping this mask on and go along with the stupid i m okay small talk do i play it up with im doing great and keep pretending that nothing is ever wrong i m sick of all of it i ve just started staring people with a shit eating grin until they get uncomfortable whenever they ask this dumbass question
4.654161253703843,8.26507686564887,0.17985317773799553,4.066883659054904,0.03890665947450897,0.0,0.4863794093908339,0.1820544609170229,0.03330119545054511,1.0,0.0,0.38637940939083393,0.020043731786396943,0.8177276125834751,0,feel like i have neglected twilight im sorry lol
1.6447995464387066,5.344297609306697,0.8361373768325026,10.0,0.5786206035132289,0.7483271654821397,0.6292244738089798,0.7283786891313179,0.6509131775889291,0.19332029809078696,1.0,0.13077552619102017,0.640460945225035,0.22840508423643918,3,my parent expect 90 and above and i failed after answering the paper i told them it wa easy even though it wasn t a i dint want a scolding then now it worse and they expect good mark i got above 0 0 only in subject out of 0 idk what to do anymore
1.5211529257643464,3.9740453798055153,0.4559476746315422,7.502548785474433,0.5072410094411377,0.5897120446446268,0.9340241568262931,0.886063728728697,0.5164812627087056,0.5570854882888515,4.0,0.33402415682629316,0.42728155349530944,0.6244676120912098,2,ensconced in thought diametrically opposed graduated in fear and all it frill untouched day can only be so new with a mantra old is love for loving s sake hail the dawn
4.588297004115891,6.835060908919221,0.20312054438022445,1.0,0.0,0.09190863080138242,0.024506722964342698,0.2160560911881717,0.2158133802349822,0.8328645301320948,0.0,0.07549327703565728,0.0,0.8386001707907651,0,is not going to sleep tonite
5.0,9.202165695804764,0.07141062541332857,1.5919875050513694,0.030246014934119853,0.0,0.3873597905990998,0.5305162129579737,0.23349336047403002,0.7452427903940326,0.0,0.28735979059909983,0.05670755123187539,0.8708715266285488,0,doe anybody know how to get your electrolyte back in order with a vitamin work i feel sick
2.2571619155293936,5.529458629626607,0.29105569450320734,2.4877446637620158,0.48023094514393305,0.3008415893580991,0.28794867761680365,0.01188224991350334,0.19390031390103352,0.7490358383049203,0.0,0.07205132238319634,0.2966663365144646,0.7379620461271259,1,ambermatson it s terrible isn t it don t expect many earthquake in euruope certainly not bad one
5.0,8.49017051882258,0.10022720772448032,1.1159655982257184,0.21349174218613898,0.15549555871419857,0.5868337562769813,0.06694999376475252,0.015072783132937057,0.8075789641495446,0.0,0.48683375627698133,0.18729206495976491,0.7474310611560214,0,iwouldificould how have you watched it i tried the youtube link but it won t work
1.0,5.706138156384978,0.7829309247865512,7.743678424192963,0.7864418614752285,0.858629208333797,0.6278618162829015,0.7377557330962763,0.86925023081794,0.2485165343262334,3.0,0.1321381837170985,0.8257561520221353,0.1654626223433817,3,i am finally checking myself into the hospital for suicidal ideation i don t think they will be able to help me but at least i will be safe and not a risk to anyone else i am pretty scared it will be the end of my marriage maybe of my job i put this off for a long time but i am not safe i wish so badly i had never been born
1.0847980238389248,3.341730502253399,0.7885056788799729,6.139169259002196,1.0,0.7783968264116449,0.8640509959855327,0.6305926187889989,0.8450194571681916,0.11937957888739065,2.0,0.10405099598553269,0.6331527163763736,0.18876441962234608,3,so i recently wa put up for a promotion at work to a position that would allow me to work le hour le day and make more money while also furthering my future i have never been happier until recently i m in the final stage of the process to get hired but i m still currently in my previous position we have a rule at work you can be late once per 0 day if you go over that you get written up and put on a disciplinary level which wouldnt be so terrible if one of the stipulation of being put on a disciplinary leve
4.460861628134868,7.301512710451141,0.10082288897323159,1.541736656899087,0.4589985744792413,0.3759787571932177,0.1425784404748569,0.35199987060039617,0.09195931476148923,1.0,0.0,0.04257844047485693,0.17316289266317192,1.0,0,off out to doctor appointment
1.4946813806559587,5.229114432842324,0.6286594002840847,7.038062870694413,0.7607356258220275,0.6883135871293146,0.6550305891277919,0.506878529547563,0.5457888246898926,0.43356711319376384,3.0,0.05503058912779191,0.4144656678461023,0.4921488729301311,2,the idea that we are not allowed to feel sad depressed grieve over something just because other people have it worse than u is so toxic it invalidates our own feeling and make sadness depression grief a privilege for a selected few
2.707586856330225,4.950512835567261,0.28497064580243686,4.532383482402545,0.6594148275059859,0.3259449857943045,0.6970253098575595,0.034508472834418685,0.0782869507887453,0.9540085351102421,0.0,0.3370253098575595,0.19177000031128394,0.732510059044695,1,tea oh i m so sorry i didn t think about that before retweeting
4.789657072074071,7.7524935551904415,0.051700923564064846,1.0,0.0,0.13345623647768723,0.6719839199576731,0.28203611683859586,0.1725242664157535,0.827506090302402,0.0,0.5719839199576732,0.2126479215888157,0.9784835748234176,0,moony 9 lol ugh that s so ominous i hope i don t have to cry over idol this week too fox hate me
5.0,5.352676869786806,0.0,4.138280048579227,0.18949014575744866,0.11329989646999362,0.3545684966864945,0.15155612766902496,0.04336903282223712,0.8725551306523028,0.0,0.2545684966864945,0.12125043434021845,0.888061825294103,0,kellyshibari i thought i saw you there you were walking out the door when i saw you
1.317709583807185,5.034272445108341,0.3989338372562662,7.245592889209082,0.5969600099485264,0.5806943814163713,0.8964839450678828,0.4149648451375271,0.4784714450713286,0.4460872242269791,1.0,0.2964839450678828,0.38732475710303976,0.704365160608346,2,so my husband i are planning to get a dog in may and we ll need an esa letter for our apartment in chicago i do have anxiety and have seen a psychiatrist and therapist but not anymore due to scheduling conflict my next appointment with my pcp is in june earliest available appointment and i m not even sure she can write an esa letter what s the best way to proceed there s so many different website for obtaining a letter but i don t know who to trust any help is much appreciated
3.5844586112328165,6.631973073216977,0.13321433222071263,5.305493803613977,0.4745003712455659,0.29459577073619897,0.3847033505498887,0.49088023573030015,0.2651450718088991,0.5505339230564406,2.0,0.024703350549888703,0.25576799444432136,0.7172385692655715,1,loris sl morning how thing in italy today depressing i imagine that is bad news
1.183365051738153,5.024174324327328,0.690939541327664,6.347186941663871,0.7576081642476709,0.9981972337978751,0.818362500835517,0.7553952266954128,0.9209630726684903,0.15884822703718043,5.0,0.05836250083551697,0.5243930041795403,0.16330190623696866,3,all abrosexual demigirls with depression are witty
4.791703178288134,6.947154684422614,0.1681316921335514,1.0,0.2876196754252855,0.18186000453125822,0.43616269834794186,0.17850875235301664,0.18081632579800005,0.794124157550495,0.0,0.3361626983479419,0.07783656149342219,1.0,0,i wan na see twilight again love it but i don t have the dvd oh well guess i surive
1.0,3.880995940849273,0.7489245753533543,9.208360226435579,0.689566875339106,0.8765478539481674,0.8034470563347146,0.785334237861371,0.8091433988911427,0.05988916985274073,6.0,0.04344705633471457,0.6529160199018289,0.25810798944059377,3,i hate myself so much for being like that when they re just minding their business sometimes i just see people so casually happy and hugging and being close or just visibly happy in general and i just feel so bitter they don t deserve me being so shitty over their happiness i can t help it i know i m garbage i know i don t deserve to be like them but sometimes i see people hugging and i wish i knew what it felt like to be hugged and cared for like that so badly it hurt
1.4904517923598752,4.769383438020895,0.8227563521366916,8.663410829890347,1.0,0.9783820586263194,0.8368934413436108,0.6352312204079428,0.4865320667130451,0.15582037088075593,5.0,0.07689344134361076,0.5583969888197702,0.12253919776842888,3,hey there made a throwaway because people know my normal account long story short i have this friend who used to be my closest friend we ve been like brother since we met in college a we got older we bickered a lot and had a major falling out about mo ago we made up and were kind of just friend that can be around eachother since we have mutual friend but not close anymore which is fine well we saw eachother for a trip with our group a few week back and we bickered on the trip a lot i know i m at fault for m
3.9153513343120308,8.089052547036431,0.0007074710601527173,1.0,0.0,0.0,0.8240516052614428,0.14943361398537874,0.09425882216705993,0.9356035770280372,0.0,0.7240516052614429,0.0,1.0,0,now i m kind of sad after all the bullshit i found out
1.7541754022980696,6.381083145223766,0.6374191760117607,4.6030153053059975,0.5537219437903176,0.34494815976043836,0.5963677731361392,0.9560262793725642,0.5670191744622859,0.39872081387593866,2.0,0.003632226863860777,0.4869623101447852,0.35839721872519914,2,so i m f and am currently living working and studying in a different country than the one i wa born and raised in my cousin m study in our home country but very far away from home and can only visit his parent during the break my relationship with my parent wa very much strained for a couple of year due to unsolved childhood trauma and throwing blame at them for thing that were a result of their childhood trauma but after therapy our relationship improved and even though we have our fight a every family ha 
1.0,5.592799591050939,0.622059188843036,4.7928776233531005,0.14937200336314466,0.49467489502145334,0.8172921026016472,0.724253078832326,0.5128876032031312,0.48860599250336245,8.0,0.21729210260164722,0.4726824821004025,0.44189569784193794,2,just a disclaimer but i love my parent and i love my family a lot i ve been super spoiled when i wa younger and i m glad i wa born in my family in no way is this vent ragging on them or supposed to highlight them a bad people idk what the main topic of this is just a vent bc i got my card like a week ago and i feel horrible i m planning on offing myself before the next school year start im planning on doing everything ive wanted and never done before then go out with a bang be useful for once in my life the
3.725688645291542,7.159011246359574,0.20573639858406906,2.3266308242765072,0.07162302560119918,0.0,0.5489893774418292,0.22362568317525328,0.16489085212175358,0.8141683312882485,0.0,0.4489893774418292,0.06579941987143634,0.7077015811318692,0,westendactress nooo u shudent have deleted it x
3.3596134402948907,5.462286946338071,0.17144960141830268,1.142225967514674,0.29669585827300293,0.25500001586222953,0.20702483136418048,0.18627443618086656,0.03263784928743592,0.8066677263146962,2.0,0.1529751686358195,0.12803893728356738,0.7220512093806389,1,http tr im imov i b c h i tho i th l gi t cu c i r i m nh v n c n nh c i nh t p th b t c a b c ch tr i
3.059260766495667,5.48305182386077,0.5039691358075317,7.857670997977087,0.8150454652173484,0.5500914149735867,0.9621384983950163,0.8132559802407199,0.44470508102878037,0.6258749400700181,1.0,0.36213849839501633,0.3991590445401616,0.5400036644211802,2,worldofnc i do a digital fast every so often it s where i stop watching the news or looking at social medium just music reading and netflix it may be sticking my head in the sand but it give me a firebreak from the stress and depression that is modern life stay sane
3.607353214869317,6.367708787636588,0.40309903150893783,3.0718645346155715,0.25579681468803744,0.3070214202935746,0.2195803434107106,0.3690636913708194,0.2625127188784474,0.6919313086826577,2.0,0.1404196565892894,0.25022075677266736,0.8389128363212739,1,marcusmims wow i didn t get an quot hello quot u suck
1.754736466366803,5.144039538156907,0.6027232817478749,4.0364708051379505,0.7025080573189028,0.5709286499298264,0.7972632900872034,0.6066821969416891,0.6266419204514793,0.5300369258907884,5.0,0.19726329008720345,0.5768151703686131,0.4452770604221052,2,i want to commit suicide a soon a possible but i cant fin a method thats good for me either the method seem too painful or i dont have enough tool for them i wa considering overdosing on paracetamol but it take too long i dont know what to do i would like some method or advice
4.324549754066028,7.367213294136089,0.12083109902596588,1.0,0.10199792739483449,0.14339663145648618,0.17210492627427224,0.43471111877716684,0.09857431186279259,0.8834623702664407,0.0,0.07210492627427226,0.0,0.7294057194619714,0,didn t make it by here today they are saying we will have snow tomorrow wtf it is tennessee it doesn t even snow here in winter
2.7982197639613586,2.4933136969497394,0.3464185005209841,5.899669798690131,0.6565599075548663,0.2960155020491393,0.7550196820182276,0.9174548436060959,0.5530005481007823,0.5217197343698223,1.0,0.15501968201822758,0.48388382354541354,0.45127351314451114,2,why do people have to care about me im only alive because of my parent and some friend because they would be sad if i died life is bullshit
1.8346970403802154,5.908604256371286,0.5234783766983642,7.0246771929270135,0.28958065520588167,0.7167774013319756,0.7146391231586288,0.6501093402665861,0.46090384304634996,0.4220879060114763,5.0,0.11463912315862879,0.31293715421414803,0.4350966094197578,2,i want to be dead ive been suicidal for year im such a fucking retard filled with regret and anger im done with life i want all of this to stop why i cant do one thing right
2.267890993613898,6.504509390131868,0.4149327203721088,4.649533687324778,0.699746949528039,0.5511354082310232,1.0,0.9412549507576932,0.4995972334433456,0.6180933479851676,2.0,0.4,0.42752872411638904,0.328405005609052,2,let the depression stage kick in now so it can be over soon
1.5396600409257748,5.766624683776858,0.46166850310299545,5.491376121782994,0.5171921322739468,0.5335677512268862,0.8622648972247795,0.5803562140898954,0.4338934003854688,0.5571230852675216,8.0,0.2622648972247795,0.4792996517383731,0.47808689226513146,2,i hate myself and my self destructive behavior
4.16100233507717,7.309282255703069,0.3720846577797617,2.6771934061665608,0.41160292366553064,0.24340321192469555,0.3450693429093503,0.2329128346722108,0.11206021819013216,0.6791462820437105,1.0,0.014930657090649668,0.2871764033978995,0.6569488886474139,1,aniita 0 yes i did that s a sad topic for me haha i am not going to the concert it s very far and probably very expensive
1.6873048364953536,6.075553508164898,0.6150046060230346,6.028418525759746,0.47003199153534947,0.5923584855009632,0.6316169490162337,0.7178201966761083,0.2301613758725572,0.6466558222059715,0.0,0.031616949016233686,0.32926983837551516,0.4649904316540907,2,i m so tired of existing i have to believe the lie people tell me if i want to be happier in this world that it s not all falling apart that trying hard will get me anything will reward me that people love me it s so much nonsense the only people in my life can t fucking stand me everyone else is at best mildly interested in me from afar and once they get to know me they want nothing more to do with me i m fucking useless and worthless and anyone who s ever told me otherwise want me to suffer what do they s
4.3548589759078,6.472079922440941,0.19034792323441313,1.0,0.0,0.11366123749016695,0.03274456955371763,0.09988128256745579,0.0,0.9634757236547615,0.0,0.06725543044628235,0.12053048773512001,0.9929439802955228,0,i swear no matter how long i ve been getting up at am it never get any easier man my eye hurt wah
4.338803221742416,8.088149150450802,0.06885030149583424,1.0,0.1196222824105122,0.006702501862324323,0.1563792354453052,0.24366427145442998,0.16647005971623025,0.9654535881569493,0.0,0.05637923544530521,0.1847843826645975,0.9822726988646464,0,charp i wa being all nerdy amp thinking they could help me with my metropolitan area network
4.056689041559254,7.354603254318453,0.07356657005970778,1.0,0.0,0.08962278363462045,0.1494330852521083,0.0944811293348366,0.056471723838900645,0.9457369267007947,0.0,0.04943308525210832,0.015751105883783742,0.8633552839049483,0,soillodge yes it will be it s only monday
3.82659320934195,4.987094338787685,0.124727758085489,1.0762155961591842,0.43076671302359687,0.17781452708626005,0.34482265668900053,0.2642027651890701,0.0,0.6366120112173697,0.0,0.015177343310999458,0.1479893162032061,0.6517682344299953,1,just checked my user timeline on my blackberry it look like the twanking is still happening are ppl still having probs w bgs and uids
2.0462857120711133,5.6230323655150505,0.5959533894945613,4.365268048007528,0.4600790358342973,0.6441871934857494,0.8275996872595588,0.6540077273640851,0.4829287143580633,0.5074163300593473,1.0,0.2275996872595588,0.531255378189288,0.4751395035895928,2,don t go into depression because of fun you assumed others are having everybody just dey lie
3.500139088605123,5.642360163718619,0.7154866769466398,3.5270822771993213,0.609182868873957,0.48368213063895976,0.6653751108310216,0.6256286205377168,0.4318459955216278,0.31577914855974926,1.0,0.06537511083102165,0.4848985972353648,0.4135396154887762,2,stats feed what an irony finland is the happiest country in the world and it still fall under top 0 country with highest rate of depression irony aparanjape chetan bhagat anandmahindra hvgoenka sardesairajdeep
4.5502982843206965,5.437713873245661,0.38707998899119933,1.172655694004896,0.35961111890753233,0.2493650110002842,0.596467526519268,0.37143501342367563,0.0983841895828652,0.5267047933864757,3.0,0.23646752651926806,0.12191240069394288,0.6819794961039477,1,ednaiscool is up again yay but all my video are gone
1.6575823214329757,2.7905328908196503,0.7962426296545326,10.0,0.8755626221909452,0.8597005244003213,0.7294803069772454,0.5821860793811738,0.7709471863388804,0.28718634180999236,6.0,0.03051969302275459,0.7051262045376606,0.15697695824489016,3,i say that i m feeling depressed and instead of saying anything about it they just start talking about their own day they used to ask me what s going on but not anymore i think it s time to start writing that note
4.261129738543575,7.678199079853963,0.14515098590396194,1.0,0.07727196141659672,0.33891466893382083,0.40375283856456334,0.5881915034808823,0.23784018279769156,0.9234606343064982,0.0,0.30375283856456337,0.0,0.9242880138706525,0,iloveac slut you never talk to me but yet you talk to rinn waa waaa waaaaaaaa lol i love you courtney
4.44546888548646,7.596033005694168,0.166570104796995,3.132184675179904,0.286808659681431,0.1368340926918316,0.5861090842664229,0.27752825466267106,0.08409473926091462,0.7060603906635634,0.0,0.48610908426642296,0.037439152523487125,0.999033306922637,0,just got a denied letter from bazaar bizarre sad i wa looking forward to a road trip to be a vendor there
5.0,8.719344587451507,0.07559741639976952,1.0,0.13718747573012743,0.0609312229025555,0.2559458391610867,0.32108446150034753,0.15634643363912606,1.0,0.0,0.15594583916108673,0.22281447198173812,0.9359575799914801,0,the house is one big mess everything is crammed in my bedroom while they do up the other room
4.931245663167098,7.691560471459301,0.10766949335457882,1.0,0.22337398469449316,0.08846735336818454,0.1249094221218496,0.11651173371170793,0.18777190432815433,0.9764920901101948,0.0,0.024909422121849628,0.0743916985112985,0.8421150701520592,0,so tired god i hate the new job and only two day in
1.4727612060016835,6.148384151268885,0.6977565388657583,4.868526271682846,0.6486919353020423,0.4323661678999128,1.0,0.6344796135475865,0.3896847759714048,0.6853221050428111,1.0,0.4,0.3920010482278189,0.4054301563255495,2,bipolar ii disorder bipolar ii disorder involves period of hypomania but depression is often the dominant state for a diagnosis of bipolar ii disorder a person must have had one or more episode of depression at least one hypomanic episode no other diagnosis
1.0,4.538785178293747,0.5800386476233987,8.112032548527743,0.8341277723170677,0.7778300083768038,0.8452000919434182,0.4746960863162352,0.7061841737672444,0.2321083922058007,4.0,0.08520009194341815,0.519767104102948,0.11722273551912017,3,convinced myself when i take it in they will be annoyed at me and judge me for it not working nothing physically broken that i can see really just need someone to tell me not to overthink it if you re retail yourself that s a bonus
4.732962782199542,7.580122754877317,0.06479032123567907,1.9870733081561545,0.33968137810329146,0.20826962545271643,0.24523065528110266,0.06677247301899844,0.12966295020786187,0.8509847207509107,0.0,0.14523065528110268,0.046844126803157644,0.9473870315589934,0,ditesh haha i m unsure what i can deliver for fo my i m not using alot of opensource software hail adobe for being expensive
4.085153174278158,6.991485342506783,0.19454656429871975,1.0,0.2791114602299555,0.18031154570064623,0.45014083750686096,0.14479131362535333,0.16581230723721463,0.9999229609140834,0.0,0.350140837506861,0.0,0.9532159858934228,0,i m stuck awake in the middle of the night for the second day in a row and i felt terrible yesterday
1.3687108110676158,3.9014118380417986,0.7613079812637287,7.507769549194002,0.9079937347959283,0.812136165081804,1.0,0.7095946900131116,0.8670196176533284,0.2415220382219943,8.0,0.24,0.7815369088879308,0.22096996877209835,3,don t want to do anything other than sleep drink or smoke because the future is hopeless because the past can not be changed and lost time is gone forever the logic center of my brain is screaming at me to exit this situation and that there s only one way that living in these condition is meaningless and all the more painful i ve tried everything i even treated myself a a stranger talking to myself a if talking to another telling them i love them and i would look after them and i forced myself to talk back 
2.177730129034045,2.7929570143975413,0.3847401156927426,6.133882069512546,0.2059969748470985,0.5114302270721891,0.7722309220449435,0.8675246951299342,0.5698675281093409,0.3471423581145531,3.0,0.1722309220449435,0.4669418471192098,0.4453225279922235,2,i saw a new pcp for an annual physical and while i wa there figured i d mention some of the physical symptom of anxiety i wa having to make sure it wa not actually medical i told her it often feel like my throat is really tight and on the verge of closing her only reply a she roll her eye that is literally impossible if your throat wa closing you wouldn t be talking to me right now me no duh obviously not but it feel like it s closing she wa the worst doctor i ve ever seen which is saying a lot and i wa so 
3.2186160273068043,5.816588896022343,0.03346071619189739,1.744939466666625,0.2895672377362938,0.3672158382421209,0.5277887638141164,0.12325328489137047,0.06969720234752386,0.5796428558285415,2.0,0.16778876381411645,0.10241926884253164,0.6299952778648483,1,late night snack glass of oj b c i m quot down with the sickness quot then back to sleep ugh i hate getting sick
4.7425130835105564,6.577671743373237,0.01718086282703124,1.0,0.0,0.09127017902027615,0.13816235246050004,0.0,0.20194466715791137,0.8950751381848411,0.0,0.038162352460500065,0.0,0.8881261790113419,0,redtoffee strawberry is the absolute best angel delight eva i had chocolate once but it wa too sweet
1.9234755247240842,7.473563108835393,0.7476508133407249,4.67584307770828,0.33395546786320834,0.631507259607676,0.5054334057720403,0.5316106681981642,0.49489275473372585,0.5279157273884207,3.0,0.09456659422795965,0.33229859549707336,0.5097179469215675,2,happy international day against depression yeah today is my birthday too lol
4.070208413538265,7.383799801630578,0.202762426532689,1.0,0.009587284025425066,0.0,0.24671403420903873,0.0,0.16782038684407802,0.8934310729103154,0.0,0.14671403420903875,0.103357102280839,1.0,0,had a blast at the getty villa but hate that she s had a sore throat all day it s just getting worse too
1.3689016514227874,7.010656809174618,0.6051162635472681,8.490846089100804,0.6067695976781727,0.7208671701985415,0.6432138246497827,0.8793734210366437,0.9248256551056054,0.003688295299915184,6.0,0.11678617535021729,0.6409261557071338,0.0,3,i am not sure if this is possible and i appreciate any information a few year ago i wa diagnosed with clinical anxiety depression and adhd i wa relieved and terrified and so sad it took me until adulthood to learn this about myself i began medicating under the direction of my psychiatrist after about a year i changed from zoloft to prozac due to weight gain i began experiencing night sweat for the first time in my life about month ago it wa sporadic for month or so than became nightly now it ha worsened to 
2.5385645607998115,5.0468197732814755,0.6412371028968975,6.823461672037126,0.547945344619108,0.4374437789536447,0.8173791328949532,0.6025161510734712,0.5592375437905186,0.5530546846109425,2.0,0.21737913289495325,0.42526557550601257,0.5676780901851054,2,depression frau riebentrop http t co gkfspze u
1.6346861263247732,5.114480191845876,0.8087610852350646,6.765885374592825,1.0,0.9212042140801665,0.8885973606600842,0.6991947545575083,0.6677554064939278,0.25778583454700577,6.0,0.1285973606600842,0.6479149245275777,0.07888052333152222,3,the worst symptom of my anxiety is that i find it impossible to sleep when sharing a bed or even a bedroom it s like my brain won t switch off with someone else there it ha an impact on relationship obviously but also on just thing like going on holiday with friend because it s way more expensive to have to book my own hotel room rather than share doe anyone have the same issue ha anyone found way to fix it i d be ok with not sleeping a well a normal but it s literally like the difference between hr alone a
4.135392105986866,6.895501264419561,0.15769789998649847,1.0,0.05844965043449137,0.17955547214431483,0.35534779520568194,0.0680334804389299,0.0,0.9068603658898005,0.0,0.25534779520568196,0.03807032221408901,0.9288106716566287,0,lauraechilds fine i wont make it up to you check your dm
3.491710477271143,6.256490130104057,0.2012442863278564,1.0,0.0,0.23034965510935898,0.27217742637216186,0.0,0.24548358222672212,0.9663410895238178,0.0,0.17217742637216188,0.0,0.8507290157325399,0,landed funny on my foot this morning while jumping down the stair and i twisted it quite sore now
1.9551622083149687,5.779071716901429,0.5489415174404159,4.774750100617063,0.3495955720972375,0.6063944224394713,1.0,0.7301156533295686,0.45930106575731994,0.6236891248341705,1.0,0.4,0.4973483815172877,0.34816531935951917,2,chrissyxchi real depression is when wow no longer sustains you and your usual off wow game also hold no joy
1.0,8.246048238557355,0.6088915804345025,7.928798779574018,0.6626301201025361,0.6063546692254944,0.6889289556681669,0.8368925059781109,0.6179840062601271,0.47116254963114207,3.0,0.08892895566816694,0.5504454172386913,0.43077995930994667,2,theekween thelmasherbs help with depression anxiety
1.0,4.895946572417037,0.6341087342142318,8.448767991449673,0.6797186178182428,0.949049026155333,1.0,0.7816022465029201,0.7716945047220622,0.3016071976446584,4.0,0.24,0.49627859609615266,0.10050394777572333,3,i m m on a super low dose of buspar all thing considered i think i like it i ve been on it since mid december and break a mg tablet in half and take that x a day so basically mg a day overall it feel pretty good for me minimal side effect other than i can t drink on it alcohol isn t a huge part of my life but i ve always enjoyed meeting friend or coworkers at a bar for or beer for a couple hour once a week that amount is enough for me to get a little buzz have a more lively conversation but also still wake 
2.179970610811365,7.103638520839771,0.53121797857055,5.6403543453199285,0.7146677716976557,0.6725118265871515,0.8861012338499797,0.6609986412286216,0.603182370422145,0.300122438314001,2.0,0.28610123384997976,0.5233388218890178,0.29042349404312995,2,thogden every other year supporting norwich one good year in the championship then pure depression in the premier league
1.3005546346458141,6.00975045416643,0.33002049486777546,6.306241327083306,0.5715191854116864,0.5353591131953911,0.7795415839743766,0.776500105442754,0.4941775819771731,0.32638727271256224,2.0,0.17954158397437658,0.479472764768244,0.5408678231432914,2,ironically my fear of loneliness is what kill my healthiest friendship in the end i love the world so much i really do enjoy being alive sometimes but it s not worth the time when i feel like everything is crashing down on me that s been every day lately on and off for year my greatest fear is being a burden on other people and i m a burden on everyone i know i ve had bad patch before and thing got better but knowing there will be a bad patch again make the joy feel empty i m so stupid i am trying to arrang
1.1384149508317254,6.837093953762123,0.4335858353307689,6.540092799540183,0.6065885532996543,0.6057448656845372,0.8980662152600571,0.805742906093747,0.5894968715825847,0.6746659742392211,1.0,0.29806621526005717,0.3797392942417769,0.4537161951051153,2,every single day i just wake up miserable and an insane urgency to immediately end myself everything is just empty now nothing really get me excited and i don t even have anyone to talk to cuz most of my friend are just not that close my family is much worse a nobody ever care about each other i have a father but i don t have any father figure cuz he wa and is never there for me ever i can t even share anything to anyone cuz everyone just tell me that it s normal for people my age to experience the thing i 
3.2349528167106874,6.900263382194597,0.21397981272089517,4.381357026619103,0.18511476587230402,0.3813667184484993,0.36768320392290343,0.0,0.039225017386225594,0.6152186634380395,2.0,0.007683203922903448,0.3007374947736263,0.8225567659820983,1,goodlaura what about reese dying on ttsc and season finale next week boring madame president is a crazy woman
2.0698037825821376,5.028681429604801,0.47419935783313016,9.129971922539372,0.9143224434193292,0.6519497785520616,1.0,0.5411536286868489,0.727929781941606,0.5255001577862285,0.0,0.4,0.41476026038964836,0.4886267460926573,2,age gender m i ve been dealing with my depression for a while now and some people including my parent know although my biggest regret is telling my girlfriend when i told her that i have been trying to take my life everything changed i understand it s just her caring and not knowing how to deal with it but it s been such a burden on the relationship i m not longer human to her i m mainly a ticking time bomb i m starting to feel like i ve locked her in this relationship because of this disease i have we can 
2.8737295068383792,5.268062246158534,0.5142496688190776,5.776862141148955,0.600460802541851,0.6643412637964691,0.8207711409170124,0.689537049590016,0.590051091961277,0.434345456515054,2.0,0.22077114091701244,0.47554474846832756,0.40735706178321807,2,youbaviandecru aaaaah oui d accord je me demandais pour combien de temp je partais en d pression merci toi
2.1597161132816245,5.757721145655435,0.564495459678059,5.892395815576211,0.8289924362478225,0.6285507627230065,0.8974405145303057,0.7180496197177808,0.4966424013582051,0.3990729493439269,3.0,0.29744051453030573,0.6358301199136523,0.4112398829768838,2,i m just completely un able to let go of the past i m sat here thinking about last year i remember being so much happier and stress free but last year i had the exact same issue except i wa thinking about the year prior to that maybe this is just a natural process of growing up i m and i guess life is just gon na get worse from here on in do you think the past just seems better in my head than it actually wa because i seem addicted to it atm
1.8823222354763078,6.547700665059464,0.4134275619538915,3.9770842249908993,0.49311926271658507,0.5834585847415981,0.669990557759104,0.9574066176354105,0.4669502678885477,0.25855762420341244,1.0,0.06999055775910401,0.4857572972674643,0.5007846879749471,2,i can only explain it a a similar feeling to when you re drunk and your head feel heavy and you feel a bit woozy thing aren t moving and the room isn t spinning but because i have a fear or being dizzy i focus on it so much that i ll look at something to see if it move and then eventually it will obviously that s because i m focussing so hard doe anyone else suffer with anything similar how do you counteract it
2.98713766791251,7.127705074067134,0.26580379735530224,3.54775898194415,0.26913995245732725,0.3258233407336491,0.5246647649052912,0.15084793958968043,0.15675014081201682,0.6080617897725414,1.0,0.16466476490529125,0.24164878215443034,0.8723706440812633,1,sunky being a grown up is horrid isn t it
4.308334616843183,6.402268968200482,0.15129427058404255,1.0,0.24952061240883947,0.17277378263372933,0.1694298935357382,0.22479735335449838,0.0778550866691247,0.9650502975046478,0.0,0.06942989353573822,0.25086166104606916,0.9084004578588606,0,britsystem she stopped eating and is just sleeping all day im worried about my precious little bean
2.229672518781989,4.980786804655855,0.4976938042552427,7.285085128034536,0.37815532786848893,0.4666934665081973,0.8718516545069861,0.7987954770471938,0.5626124963331935,0.3552430174446269,2.0,0.2718516545069861,0.21099606056029338,0.363954625268174,2,mizzzidc your mum for that matter irrespective of the past doesn t worth this shame you brought upon her by pasting the screenshot i wish you a quick healing process from your depression don t forget that an addidas sneaker shouldn t worth more than an 00
1.8612200744476364,4.801791659508698,0.3374463965168265,6.910762007934432,0.47890277562937167,0.4526251492686186,0.7676546993389926,0.6574590707546357,0.4954998910340769,0.22666526088787364,0.0,0.16765469933899257,0.3417714392784296,0.5291883030514724,2,ah well today wa my first day at university it wa okay kinda i had fun with the friend i had but there wa also a lot of stuff that made me feel small and pathetic first of all a friend and i got to the wrong building and went up four floor using the stair we had to go down and do so again with the right one it s embarrassing to admit but i m not exactly an active person so it left me exhausted and kinda dizzy i felt pathetic and wished no one wa there to see me like that i got together with my group of frie
2.2390484918698768,5.099137466280651,0.43338529618645855,5.231061414649252,0.5699946693831337,0.546821342440999,0.840956566663303,0.7515218133996775,0.5216722878965376,0.4443625701669178,2.0,0.240956566663303,0.43840186512444806,0.4188668686745145,2,i want to die i don t know if i want to kill myself but i honestly don t really care i just want to die and not be conscious and not be an i and have no ability to experience anything or remember anything or think about anything i don t care if it will get better i don t care if i ll be happy one minute later i don t care that i m irrational right now and i m thinking something that a level headed version of me would obviously be above i hate being conscious i can t sleep because i hate waking up i can t ma
1.7432500238206692,7.222117495595812,0.6402872776533614,3.4877845643944196,0.5106254603775712,0.6529951709974687,0.8616592394687721,0.7966171583199111,0.5813311773847198,0.43776387436022035,1.0,0.2616592394687721,0.2914418537906893,0.46817495886093125,2,i wa always considered lazy by my friend and teacher growing up i never did the chore around the house or clean my room now im and i realise im just like my father he ha no friend he sleep all day except of when he is working he drink every night he never go out except of work and grocery he doesnt care about his appearance or hygiene my mom and sister always despised him and they have been mean to him because he doesnt do anything around the house and now they started treating me badly too my sister look a
4.944679941135577,8.477804703714696,0.07426002803608923,1.0,0.18787862559708488,0.0,0.3443848852719408,0.24718997825968567,0.0,1.0,0.0,0.2443848852719408,0.08010792988784306,1.0,0,ha now gotten somebody to read his tweet but cant get them to make an account
1.6351795190437128,3.834015575006804,0.4498279916675569,4.263250385456294,0.6345066374348538,0.7902866998127126,0.7574429710256703,0.8799451176387011,0.4356633693863683,0.5093585905009332,5.0,0.1574429710256703,0.43920304460609044,0.4789683175490408,2,when i stopped in 0 9 it took me month to taper off it so taking a medication that cause withdrawal symptom like that scare me it s the only thing that help other then numbing the feeling with an antidepressant i m on lyrica 0mg and buspar mg to time a day i don t feel down but my anxiety keep me from moving forward with the thing i need too am i right to continue struggling with anxiety and all the health issue that come from it just so i can avoid a benzo
2.063541568223133,5.685433406232372,0.4482073515085811,3.6520955270904434,0.4346862001801072,0.6273868216452302,1.0,1.0,0.3173279794654482,0.4296350126659547,1.0,0.4,0.4243601147612723,0.5346101590297295,2,i m a year old man ever since the covid started i feel like that is something off about me i feel like i don t want to do anything and lay down on the bed all day and consistently skip the meal i can get pretty emotional sometimes a a man i obviously can t show my emotion to anyone or even my parent a a sign of showing weakness so i want to know doe anyone feel the same way a me or i m just a pussy
1.9735441795705764,5.096001326372983,0.5529554088446271,4.774018782610039,0.6207843417431891,0.4762049471746449,0.8445276899585832,0.7651576614083108,0.38328924035378814,0.5237000695528722,1.0,0.2445276899585832,0.37198584998587014,0.5071188693893283,2,laurenellise dying from crippling anxiety and depression
3.8891098385796954,6.835834377983199,0.4638648224579665,1.7716051058504885,0.14541208139148373,0.24993933381037753,0.3723415901621696,0.1276057766502117,0.00012226870211444474,0.709691208910275,2.0,0.012341590162169624,0.1904678771871784,0.7236281709795235,1,so im done editing quot the phipstape quot back crack a brew and see what we got no tree though
1.5772472482231172,4.862799730658761,0.6877555527432085,7.246217739880766,0.5656008637002193,0.8639795614924277,0.7845559662371969,0.9000506310135039,0.8701667260049399,0.33215981536477707,5.0,0.024555966237196913,0.6331822648821551,0.25687355945624746,3,you probably know how i m feeling about it lately when my mom s been calling it sound like she s been cry i wish she hated me like she should
4.712986509987045,8.799454737096172,0.12691274954828158,1.6502861088897212,0.0,0.20192477360386946,0.2941038060200612,0.15586991411458176,0.0,0.9103304897537453,0.0,0.19410380602006122,0.010208092603829128,0.910860343370674,0,jlo 9 ahhhhh so when are you leaving will you not make friday
3.454174073741517,5.6096468665222465,0.20217234766572728,1.6752636782548864,0.1274504364338814,0.0,0.4958486074046784,0.1532121908656367,0.010770221066792277,0.6643123956889253,4.0,0.1358486074046784,0.1298157514115883,0.6017045574432247,1,sminchin 9 sorry to hear you re unwell it s the school holiday syndrome again
2.9289710973563006,6.450378744792999,0.16223826644910613,1.0,0.40334956571386166,0.340209766025782,0.370107814362049,0.17192573679619083,0.0,0.7940643282528695,3.0,0.010107814362048995,0.18794033278642333,0.6760628677268722,1,crappy day so far whyyyyy
2.299899173184934,5.433208934378818,0.37472625260101156,2.335356318628302,0.3317545018263637,0.07209262003625339,0.5028323863382789,0.25144288455849323,0.11326505540958448,0.6394824141807811,2.0,0.14283238633827888,0.2447130455037153,0.6426955372277326,1,surprised how little i miss having a house or car or really any of my other worldly possession but i do miss my dog
1.56040125921141,4.953593710940707,0.6592561095049433,7.083309121401676,0.41439963710346484,0.7238647901902886,0.734555006055731,0.8493301166299027,0.6899452694596364,0.3386724406741881,5.0,0.134555006055731,0.428387838668172,0.4643740607888726,2,paul pogba s exprime sur la d pression dans une interview au figaro le milieu de terrain de l quipe de france et de manchester united s est confi sur la sant mentale de joueurs professionnels de football en cho aux propos r cent de thierry henry http t co f o dvbdo
4.379947193628007,6.6796926918258155,0.19351598701007894,1.0,0.0015358493730494582,0.30923707624748575,0.4201571138511713,0.21703603948107567,0.22025254311626966,1.0,0.0,0.32015711385117135,0.025578602573955063,0.8879152031675632,0,watching quot house quot
2.0516543482751617,5.5843945787301426,0.6612121347202626,10.0,0.4722366827162183,0.6454458065015433,0.7479218264587402,0.7323374424306293,0.48023886093200907,0.31517926492661213,5.0,0.1479218264587402,0.36189897745490995,0.2818659943748605,2,i regret backing out of committing suicide pretty often i ve done it three time now overdosed once from the outside i know for a fact i look like a whiny teen i ve been told so many many time i m just tired of relapse i m tired of constantly putting everything i have into being better only to barely get anywhere and then being exhausted i m tired of being yelled at for thing i can t control and being told the same pathetic motivational quote like they ever mean anything i m tired of people praying for me sa
3.951771764863067,6.356309372290272,0.42587825767720644,1.0,0.2686211641235855,0.3821962488575903,0.370258504791643,0.12321175549237656,0.21818485849234967,0.7163382595192958,0.0,0.01025850479164303,0.3807655947873174,0.6595752123357219,1,is missing his favourite friend
2.110167731783359,5.051526734792206,0.905627982464374,6.325782120639559,0.8248644802338512,0.8554215909256454,0.5639886072003448,0.8217341084347042,0.9668762643587442,0.1736180085171971,7.0,0.19601139279965518,0.5467981230488355,0.2442763749910635,3,no not everyone suffered from depression not everyone found everything exhausting yeah everyone had their own struggle that cant be compared to another but not everyone got depressed from their struggle i just dong understand why god pick me to have depression life is so unfair i ve been thinking about this about a few day
3.0797548488689195,6.218862072827649,0.23474422620770213,5.903538284925419,0.20111224805107608,0.3783833431058301,0.554796592782471,0.003335152221312865,0.000970399088593088,0.6469840887388452,1.0,0.19479659278247097,0.40403771677421374,0.5351554965791461,1,arlenecd please tell me that s somewhere close to california lol
1.9421547501872478,3.7289353787390924,0.6852644796639569,6.6795362902584365,0.37184363955851907,0.6386875622990353,0.912321243676322,0.9204385972547788,0.40180208076849233,0.5484538266549344,3.0,0.31232124367632197,0.6332701559828033,0.5732328014550659,2,moved in with them at the start of october 0 we seemed to get on really well have at least some commonality and we d go out together sometimes time every week or so i ve always felt like the outsider of the group a they are all nd year going to the same uni and i am on a gap year we are all the same age tho it always felt like it wa those living together and me living with them if that make any sense nonetheless even tho have terrible anxiety and depression i tried with them they just told me last night tha
1.200671568180349,4.453987883008111,0.8575253302496423,7.92456702736799,0.583762060782541,0.8741772879869829,1.0,0.5096724465137531,0.8597626657621259,0.2335644617285403,2.0,0.24,0.6991902176010807,0.15944086675539693,3,0 0virgin honestly i understand her frustration my mom doe the same with my thing she wear my clothes sometimes tseding hadi kgutlise but nka sebe depressed aowa depression yonke no
2.458358462618672,5.088723497600685,0.6132337442960588,7.410448431579269,0.38799093156356523,0.5922916124902263,0.7660271748004246,0.8824198614124847,0.47371493283814436,0.42297239066078185,4.0,0.16602717480042462,0.4395503906053497,0.4764249877082784,2,got no one to talk to have no one around i ve been procrastinating on something for so long and i have no idea when i ll ever become serious or steadfast i just feel like a total waste i ve isolated myself which is making me go crazy right now no friend at all i m literally alone now feel like shit
4.8594621362756545,6.7917578483878,0.05183496718339568,1.5240889188432767,0.24114825060263814,0.19507059000301152,0.27623586095769753,0.20696280956365487,0.09145148609708031,0.9437816019048734,0.0,0.17623586095769755,0.10126042010640886,0.974196734557857,0,just joined twitter and doesnt know anyone yet
2.917327461405305,6.214516263081147,0.1774603485090791,3.064439243742548,0.04656802040502833,0.1933829326858162,0.1865521116061825,0.03210798290775485,0.2575960279182554,0.7449908300103169,2.0,0.17344788839381747,0.15200676169282074,0.8329810890441505,1,chelserlynn haha it so cooooold in the d and no but you should still go to the show they do some incredible stuff
1.1825964693572648,5.141321603276712,0.6357160872918557,7.998260638103007,0.7217435671762977,0.8141021577705148,0.7801575209893271,0.8156546605297297,0.7796893495247629,0.2848072259192409,4.0,0.020157520989327105,0.8004049248369116,0.33177468675876354,3,internetumpire ipave depression kudukaadha ne just live the moment still chepauk la than last match nu nambuvom
4.301173164323716,7.633225440761129,0.38761724213374005,1.3175557318708457,0.0,0.20249706996173156,0.11675181596821155,0.4572826651810679,0.07601076462605255,0.9969609674057938,0.0,0.01675181596821157,0.09496711708715729,1.0,0,anybody know where my ipod went
2.3020233117946862,6.00678175036365,0.36959947020962847,4.231567136470552,0.33805337317125295,0.35338435352450254,0.18202162853309684,0.15511418672464744,0.24587765889410515,0.7463873555516604,1.0,0.17797837146690315,0.17472429240401827,0.5255230215625771,1,i m so tired have to get up and go in to school during holiday for the rd time xxx
1.0394787648184574,4.942849295477029,0.5499472030671142,8.086338625165904,0.7164502347475943,0.636294355907896,0.6132601860611449,0.6356952254257169,0.6940220017228647,0.12948243216492344,2.0,0.14673981393885516,0.7272404866447723,0.12832075609223892,3,shrooms get rid of every form of severe stress pain anxiety and depression hit my dm for all order and related info http t co izbxlcdwwi
4.056264060802142,8.653289920452423,0.11059286179978443,1.9904640166184913,0.0,0.3090444979252844,0.14250695969473787,0.46744068242572245,0.1664359846300928,1.0,0.0,0.04250695969473789,0.03690644251479286,0.8994161355399068,0,dilyswei thank you i know it not over but the fact that i studied day and night made me sad
1.0059899397549565,5.818237088929766,0.5226875633136282,8.275105440191888,0.5475897773627745,0.552687973990194,0.770848791123473,0.40618137887054523,0.510837739609618,0.5219706451114422,3.0,0.17084879112347306,0.6169136084553609,0.505417642001188,2,it s almost funny i don t want you to feel like i m giving up i m just worried that you ll start to resent therapy or resent me
2.6494820015543494,2.941505409702652,0.7258168920825717,4.7793594275516,0.32862513534755033,0.6037461723294852,0.87739028586057,0.563508192720539,0.437178767847201,0.48084233146055966,3.0,0.27739028586057,0.3745094227840623,0.4864722791137923,2,hello all lately i have been fighting with my anxiety after having fought in a relationship i m still holding pain in my chest and i always wake up with anxiety also i always cry during the day and before going to sleep i m living with my boyfriend and i don t want him to be sad like me amp x 00b could you guy give me some advice to help me heal myself
4.872117189208854,7.470480331134687,0.0,1.9848934239738882,0.0,0.0611302846362657,0.2141147374383517,0.2387323478344762,0.0,0.9092004539519224,0.0,0.11411473743835171,0.17998028117313203,0.9023128141561108,0,scratch that du in heif two in a half cooky my tum just can t take anymore shoog poots
3.8109921290817037,7.285410321538935,0.17650068009968395,2.5220339411284596,0.05752528577438893,0.0,0.6049781563245469,0.21163881377188087,0.021164018921767738,0.7647249209321069,0.0,0.5049781563245469,0.058683745626676,0.7467691245754056,0,laid around too much today now my head hurt
1.0,4.318690418983332,0.7365313241366611,8.511183874924201,0.6162263765844861,0.6295288066226412,0.7405676146819756,0.6294118148659276,0.8881844143886362,0.19838292394044596,3.0,0.01943238531802438,0.7550039806575638,0.11208112092946577,3,i m not interested in life there thing i d like to do but i have no money to experience them i dont have friend or any girl to share a relationship with life is bland i have a job interview tomorrow i ll probably get it now i ll have to show up and sell 0hrs of my life doing something i could care le about for some money i hate everything it s not enjoyable pandemic ruined everything a girl i started really liking doesn t want to see me anymore because i m not vaxed that one definitely hurt a bit she went c
2.385825866951847,5.747270210986127,0.669977853243498,6.321104713418041,0.5030068178865533,0.7515951521051295,0.6598854437894734,0.79424933406599,0.4209260026067949,0.34876400156444787,1.0,0.05988544378947347,0.297560213748324,0.5713169322902382,2,today i learned that nicotine can decrease the effectiveness of ssri
3.1970197824683027,5.823196677148259,0.25816328059701893,1.0,0.1323387563310289,0.2675340526302744,0.5051462567150353,0.40703470780797624,0.0523541975723988,0.6095132666648002,2.0,0.14514625671503534,0.22344576546488715,0.8337558831949932,1,billbeckett did you know tai mean shit in indonesian
3.8678835909085336,8.415413185001704,0.04148851681152389,2.425781079160658,0.04818180022026103,0.07108504380559616,0.01666880908125612,0.10916499553632489,0.0,0.8016919735144008,0.0,0.08333119091874386,0.2290456496414477,0.8754067685403681,0,salancaster hope your ok
1.9400727266862603,6.357729210659257,0.2926405666269042,4.214882601084784,0.5778313488010779,0.6717378688241551,0.6265222122774573,0.9711019668260238,0.5126279699087858,0.5303996874522967,1.0,0.026522212277457324,0.48781127704643723,0.5442613454661849,2,advice for adult separation anxiety i m have been with my girlfriend f for over year our whole relationship we have lived apart at our parent house and still do with no issue we see each multiple time a week do fun romantic thing almost never fight she is the love of my life and i seriously see myself spending the rest of my life with her week ago i got covid and i isolated in my room for 0 day only the third time in our relationship we ve been apart for this long after the isolation i came out with a new f
2.352520333852426,5.222476504390583,0.5169151765801439,6.880606723243336,0.8010133049819144,0.5215379695783813,0.8343135230126808,0.7908293406308576,0.671064124603054,0.5647931693019477,0.0,0.23431352301268082,0.21626670024192485,0.4831207265112017,2,every thought is a battle every breath is a war and i don t think i m winning anymore depression depressed http t co v m af
3.2757262217044367,7.1405128667719024,0.32944997065960147,2.385597505322359,0.3709812717492923,0.28777817853130483,0.04507485019558288,0.6660171659187291,0.16438520582003616,0.7636595683862971,0.0,0.3149251498044171,0.42270703249736086,0.4392863156099381,1,still in germany
2.9665505264467744,6.298826197939174,0.26100028076057885,2.4782182169137146,0.08522601963563561,0.4405522008876446,0.3722784485164451,0.026041122625987956,0.08248015727554928,0.6467253732772722,0.0,0.012278448516445106,0.08042362740022879,0.5753449684950868,1,wa playing around putting in random twitter usernames so many wasted blank
1.0,2.882528538701684,0.7841145168116973,8.901509896146553,0.6198094397350329,0.9119254861202356,0.9429288621050176,0.8528000555768175,0.9837274306399788,0.03900562093031576,8.0,0.18292886210501758,0.5282765739794677,0.21949984100002737,3,jerotichseii marthakarua the same lot that ha caused oppression depression among the people poverty nepotism and capitalism have found formerly well thought but no longer betrayal is the new normal
4.173951246736798,6.715605468627827,0.2131986866656674,4.13445499129262,0.2996660606103295,0.21273857782525013,0.21950144943947902,0.12090517072027389,0.0198859779322951,0.6501339494493444,1.0,0.14049855056052096,0.3060620719841193,0.5453578675460786,1,want to hear seblefebvre s song but myspace is messing with me
3.4667455595482215,7.586254281315964,0.3217785636639974,2.6801191385440806,0.3163982206190038,0.49423203268330007,0.5858752063961625,0.06823132193061923,0.0,0.673308185556879,1.0,0.22587520639616254,0.10242031127056375,0.6078220575227375,1,the maine please out me to sleep i have test in the morning
1.0,2.3433750641280473,0.7275627645020868,7.455126114162329,0.6512032555760794,1.0,0.5033669137867753,0.6395547196432924,0.8833475034874364,0.30543210210911115,7.0,0.25663308621322467,0.6926786353886838,0.25538344798654844,3,this is not the time for my depression to act up but here it is again
1.4194452324724758,6.17333767958285,0.7139791507999378,4.179328617930173,0.7907621824625508,0.725129797559418,0.6174468388010453,0.7852001411000425,0.5900731722315162,0.3336043314046108,1.0,0.01744683880104536,0.5927207326868729,0.40368375997917766,2,theekween vhulivhadza help with depression and anxiety thelmasherbs
2.2396145192629615,5.155477215057722,0.5306228429693071,5.021592182351093,0.6206817872338917,0.70534232019002,0.5356416726158152,0.8999804786337767,0.5683810922772654,0.5090617072192894,1.0,0.06435832738418479,0.5233054292887601,0.2668811077825396,2,the med don t work my doctor is clearly not helping last time i went to him he told me that i wa having a very bad week because i stopped smoking pot five week ago like i m sorry but it would not have a delayed effect like that also he then compared it to a recent promotion he got like dude what the fuck i just keep having these recurring thought of slicing open my wrist and finally just getting the peace and quiet if wanted i don t want to die but i don t want to live like this anymore
1.5637848282891222,4.527352790686647,0.6976157487883449,7.376528717655748,0.7138957707727422,0.7450126062885863,0.9145090526036233,0.6871197084654664,0.7322625902039511,0.25192440094446245,11.0,0.15450905260362324,0.44693466380709596,0.23535806692273506,3,is anyone there maybe someone just up to talk i haven t had a hug since i wa a kid do anyone care about me lately my medication is weak or not working i just had cocaine and more medication i dont care too much anymore anyone up for a chat or something or not probably let hope the big nothing is better will it be good enough to od edit cool so did sme reading itll probably suffice sorry y all this will be it let hope probably here for a bit more until i sign off amp x 00b edit cheer i canceled my plan with 
1.568301029132349,5.724667192961397,0.5408219908065182,4.371788280070204,0.5762707130483988,0.6728994286905337,0.7191334331947742,0.7784688585081749,0.6469822828388243,0.4128851286016959,1.0,0.11913343319477421,0.3009654179901732,0.5971745033621927,2,i am worried that i check my pulse too much and the amount of time if felt my carotid artery i make that have narrowed the artery i m not sure if it placebo but i feel pressure in my neck right around that area sometimes
2.4604548826599775,7.283558467883163,0.37319440882658617,5.32263590185105,0.35027127604590236,0.12939600201761722,0.36993622192087605,0.2748587899026053,0.1516244049551844,0.6037553361313013,0.0,0.009936221920876065,0.2272785045793872,0.7202699788552901,1,dark butterfly not just you i thought he looked paler too probably from drama filming jun look healthier than ever though
3.441786057559198,8.602050736028023,0.14331268447443957,1.0,0.1588854551335232,0.13631935487278946,0.4359624830895433,0.0,0.09900398663675192,0.9257689270836592,0.0,0.3359624830895433,0.08345108410926733,0.8209449082879567,0,twxtd jordan i wish i could i have to keep my door open for other people that may need me
2.614433657911108,6.766233101123041,0.27902247268995206,2.8250651687540675,0.2916722095718513,0.4908023400738703,0.49289386718913475,0.0,0.0,0.6091760819910208,1.0,0.13289386718913476,0.20841746113909454,0.6173163006454623,1,i think my arm are sore from tennis
2.152702405865773,7.448356766598534,0.46624070176439336,8.485903815845358,0.5127157504397898,0.5566297469636378,0.4779898423667078,0.827548865053936,0.6121020465235234,0.3412394167197307,5.0,0.1220101576332922,0.5538274760473083,0.43771819179194976,2,i m terrible at articulating my thought so apology in advance let me just say up front that no plan ha been made and despite thinking about it so much i don t think i could go through with it this is just a vent piece i guess i feel like such a burden all the time i genuinely only have one real friend left and feel like my roommate co worker hate me i m anti social and awkward i don t make eye contact and i don t talk at all ever i take way too long to text back if i did km i honestly don t think anyone wou
3.2309920756129706,6.75129983406045,0.20264729188748135,3.7400906836224115,0.22815197697491094,0.3005504500011449,0.2662177013659539,0.1767277991128815,0.1416106500279577,0.7553226593362848,0.0,0.09378229863404608,0.28619906373137904,0.6933568761555304,1,bed work in am
1.2594649998336656,2.4211686209224292,0.9439818021720225,7.678751252532283,0.7509563521410212,0.7475955615146204,0.688265894289739,0.745176794278503,0.734343311308546,0.44417543183138963,5.0,0.07173410571026095,0.7976546023391028,0.291645585911836,3,i ve never been one to feel anxious or thought of having anxiety even during difficult time however this past week i ve been struggling so much and realized i m suffering from anxiety long story short i met someone about month ago i knew in the first date just that gut feeling she s the one it wa great perfect everything i wanted but not long after she unfortunately suffered great trauma with the loss of her best friend her sister in the beginning it wa manageable and i think it it wa mainly due to her deni
3.2059830804546054,5.007576266512613,0.6555062003100167,3.292671953046204,0.5873336194498214,0.6562440013707277,0.5615994885960467,0.7511871565918713,0.43623820609703934,0.5645284968997571,3.0,0.038400511403953286,0.5407468152706596,0.4348717236521585,2,i feel really lazy it wa embarrassing for me to even have to ask for something but it s been over week and everything got worse idk if i feel any different think now i just have even le energy to do anything my room is disgusting my essay are overdue and i haven t been outside in too long i m way too embarrassed to ever say this to my gp no word of encouragement on reddit will help im afraid but idk what to do anymore it s getting worse and every day i m just procrastinating i m scared of everything catchin
4.611551301298196,8.91839366054708,0.15270140387080916,1.0,0.0752199467351592,0.2377519937606584,0.21407717003398374,0.0,0.17719591402293994,0.9301230902013808,0.0,0.11407717003398377,0.0,0.9105192517673165,0,pfff rearanging database
2.69755397142746,5.4448116806750715,0.09421698812802567,2.9187314433871054,0.2752947070285746,0.3471287845856862,0.520791269001007,0.0,0.0,0.6099063686151525,1.0,0.16079126900100704,0.2436108177536906,0.5703105646267222,1,nobody ever speaks to me now
2.7752809543354258,6.3839020158322555,0.1878797709543334,1.0,0.5646314140963926,0.3600327292025642,0.5031921254051582,0.2125095240447423,0.13409872145623167,0.7147633142411627,0.0,0.14319212540515824,0.36991241295308663,0.7109378853276406,1,ohhh i hate civics
1.8967744959995776,6.057407917515097,0.7923962646520629,4.5313459964502645,0.6543348490888206,0.6112760448490284,0.672916756635493,0.8992757154668887,0.5827543185365645,0.5025050218363809,2.0,0.07291675663549302,0.4106165253146787,0.5159928175202213,2,i just got back from a hour cycle enjoying the sun and i got in and had lunch and i started to feel so fatigued uneasy head fogginess it the strangest feeling to explain but it so horrible ive had this feeling a few time before it like ill sit on the sofa and ill have no will to move and the thought of getting up is overwhelming it feel like my health anxiety worry over normal stuff like being fatigued if i think more rationally and consider ive been going on hour cycle ride for the past day and ive been sl
3.732189838520858,6.170880098476937,0.2405499712230182,2.4919060937711595,0.09411179905555805,0.29835281707217404,0.23187636959618685,0.19371639720276757,0.07713874235394214,0.6436273092696482,0.0,0.12812363040381314,0.4590879267738715,0.6006969843090598,1,mmuk09 moodle x must upgrade to 9 before being upgraded to 0 theme will probably break though
1.9022646366043434,3.608125263482558,0.3501071606341498,5.263511167444674,0.5671965883805102,0.29589619985306953,0.8681466083365111,0.7002440957587435,0.5430036868734816,0.3850882319222984,3.0,0.26814660833651116,0.42572923527574863,0.4440915656709249,2,hey guy something that ha really helped me in my mental health journey is to find friend to connect with if anyone want to talk so that we can check in with each other and just have an online buddy let me know it s really great to talk to someone we re in this together
1.8034116824282687,6.143809666848624,0.4813727277851192,5.0373997250582825,0.47593016966983964,0.6238612177082139,0.8668943233600483,0.5551108538431445,0.4588138434529468,0.6478672460203873,1.0,0.26689432336004837,0.5692390031871664,0.5044260622011905,2,or i am the only one with that
2.380809600776214,7.047724633374893,0.4821385754729745,1.6895947906092288,0.30841098949960366,0.21522817584705084,0.1250980769243552,0.4113482993385334,0.17458524959060012,0.5790754539162807,1.0,0.23490192307564478,0.27752380681043115,0.8018079941893715,1,sore throat please god don t make me sick sleep time night all x
4.502457797959532,6.434174559186983,0.011124732013446964,1.0,0.0,0.17368551356545828,0.2784551976501307,0.03425739382074078,0.07032503264985024,0.8211860342674524,0.0,0.17845519765013074,0.0,0.8799377299481917,0,can t seem to get over the dissapointment of haveing absolutly no one notice i am gone sad i must not be boring i must not be boring
4.172149498573596,5.763877068027982,0.30717572530636894,1.0,0.06511177385019785,0.0,0.20455050903097363,0.6230889811186754,0.13598750134776078,0.9048591081039761,0.0,0.10455050903097365,0.061097796640526475,0.8806390780111019,0,it still hurt
2.8977814946059217,7.580883941679787,0.5317516565516457,1.4323589341536085,0.6474553286454701,0.5026840170383089,0.4762570933561008,0.1346537820957258,0.14897243881339026,0.9143853932196965,2.0,0.1162570933561008,0.45899811735523344,0.745763035149257,1,gingha it is i have the doc so morning off and then into work freecycling what you getting
1.543873575511307,4.396801537917204,0.6517368932091196,2.330494052612882,0.6075490670073052,0.5370305114618611,0.5423690687066296,0.6820949717321958,0.4238205909222841,0.392137135900883,3.0,0.05763093129337038,0.44718853473643405,0.4314448047722895,2,can anxiety and panic attack cause pain in the back of the thigh
5.0,8.360145511189199,0.2535489067364289,1.6767038547461524,0.22072739295401697,0.17423605866055702,0.4070417791493776,0.0,0.11386072725205577,0.9071663472854625,0.0,0.30704177914937764,0.0,0.8026801601326192,0,doriantaylor i had one outside my patio i named him rex then the gardner took him down rip rex
3.671953866645891,6.0327070026534155,0.20395143831939577,4.199385566252636,0.2552075955617554,0.3986061671107112,0.4351140079361926,0.09641636510919188,0.04947424299741611,0.7848306163689307,1.0,0.0751140079361926,0.23966572346487555,0.8275194230455407,1,deepbluesealove your beau s not online tonight bummer for u and no music either
3.9218892358226456,5.996168115253579,0.13989974943679562,1.0,0.5333053426296722,0.20888171568405786,0.4532052065863087,0.34424936862512745,0.19833979315580041,0.7676478044713393,2.0,0.09320520658630871,0.2846933573214768,0.6992620860794159,1,know exactly how you feel man re http ff im xtn
4.408583837086395,9.830814471895017,0.05929212113070631,3.0747728376278634,0.0,0.18783110274908704,0.2901544905659986,0.43778889271278665,0.16428727793895948,0.9538675320945916,0.0,0.19015449056599865,0.0,0.9100696450509966,0,milkymoomoo yuk end of year account i need to make a start of mine too
2.5279469992338064,6.341468043763886,0.49181476670631574,1.7970793710883124,0.4095364314905663,0.48406331048385975,0.4423373387962257,0.0,0.05647924786473142,0.7085692221880091,2.0,0.08233733879622573,0.3153703829051597,0.821369391030931,1,nikrosser i don t think there is any kind of good stroke i ll wait to hear from you i love that little cat l xxx
2.022458802123513,5.965325813423558,0.7546232369411399,4.668483190283833,0.2044714500562031,0.5022877569509092,0.589411592054636,0.5250664730515526,0.5899354076720433,0.5374140565330443,0.0,0.010588407945363976,0.36272965055808426,0.5526494588639829,2,so it a beautiful day a lot of sun very warm overal nice but i sweat a lot i m wearing a white shirt and i m sweating a lot under my arm it s really noticeable and idk but it worry me a lot i feel really ashamed of this who else feel like this
3.218327046926066,6.167971791739594,0.17265772633504256,3.2888351207271262,0.4568431702418658,0.26929122504826786,0.0,0.0,0.0453197787288267,0.6607756785923965,1.0,0.36,0.319639460354359,0.7014938166618148,1,amyserrata he wrote most of the album but ironically the single he did not write
4.684727161639456,7.558328462162164,0.1358833657564605,2.736910677219703,0.08881412021388589,0.3555538112582134,0.5049535646998533,0.4216702535473635,0.1902719106079548,0.7375698570956626,0.0,0.40495356469985333,0.1440015760589874,0.9634105004211492,0,ummm so i have to wait until am for the video
1.8814399905812509,5.809659851551108,0.7731451653925782,5.592134429663992,0.5836521823252636,0.45030938847809765,0.7256219558182961,0.835285247934238,0.49075279116663273,0.606793973736484,1.0,0.12562195581829616,0.4669115945991736,0.40545029079783357,2,thing are not going to get better so why cant i just find the courage to die cant even cut cause school just found out and took all my blade
2.854970115670688,4.963034817056435,0.40805916809676607,4.788620293261527,0.45979130465061424,0.5229546679393441,0.8176713336314755,0.5944177980410871,0.472559770627212,0.5763532092428584,5.0,0.2176713336314755,0.575758229992416,0.36051146395605005,2,i m at that point it s just too much there s no way to even describe it anymore
1.5245782470837017,6.042299535991792,0.633149939055301,3.5219750487091015,0.5656771876495195,0.5770481041159164,0.9990454919182694,0.6622208196873525,0.41356012401032805,0.5222268862691303,2.0,0.39904549191826943,0.5243886716971013,0.35555992807002745,2,idk if it wa selective mutism or not i never got a diagnosis wasn t even suggested to get tested for it partially bc i don t think people understood how serious and debilitating it wa but i used to have severe anxiety around certain people mainly teacher or subject talking about myself or asking for help were big one for me to the point where i literally couldn t speak like people don t really seem to get it when i say this because it s one thing being shy or nervous to speak for me i know how that feel lik
1.506111445640411,4.99399849782688,0.7147877073448524,4.845911745825459,0.5759227486255858,0.7564738415202334,0.701411651939283,0.4213086219679891,0.651653377944755,0.5583947955174938,4.0,0.10141165193928303,0.47403399193564316,0.504040891785782,2,just curious i ve been prescribed psychiatric medication my whole life and not a single one ha ever worked for me the best it could do is make me tired but in every other case it either did nothing or did something but not in a good way for example adderall and zoloft when i took adderall routinely in 0 9 i became malnourished because it killed my appetite and my teeth started breaking i developed clubbing on my fingertip and i wa manic depressed suicidal irate pissed off anxious scared and stressed the fuc
1.1201756806607561,4.134195571364423,0.321401768136386,4.213114898507301,0.6725305608243417,0.6954832259504995,0.5724819365452,0.8455070682944441,0.4994260741445913,0.3105930947956219,4.0,0.027518063454800012,0.39390657955738195,0.5111017925850336,2,i keep thinking of her a transphobic because a year and a half ago she told me all her thought of transgender and now i don t feel comfortable talking to her about it
1.4885431823138267,3.940165023779673,0.534228879731841,5.838314525413983,0.8703089831836271,0.5932445253257461,0.8284779232574611,0.8715948448258319,0.5917471563945768,0.42712215291401545,5.0,0.22847792325746108,0.36781402718868184,0.4780764023639603,2,your brain is lying to you you matter your best is good enough even on the bad day you are amazing you have so much to offer this world
4.004871089322687,4.905160967023319,0.09392221847572935,2.2805138381702896,0.0,0.15763635095458045,0.3959572848633488,0.10950474594528431,0.09226652145221201,1.0,0.0,0.2959572848633488,0.22394287077020425,0.8284436130214993,0,is depressed he isn t going to be able to see david archuleta
4.111166626277471,6.523968611463736,0.0,1.0,0.15284435751779504,0.31876461540851164,0.37534153953386296,0.31013302659155867,0.18076939656065694,0.7483229928321823,0.0,0.275341539533863,0.0,0.9945751119460025,0,need the motivation to get dressed and go to work i hate training
4.478318654446895,5.216822890983961,0.16859148374093835,1.2426315207355345,0.27671687066616213,0.0,0.4030438169012394,0.3655576866506962,0.139686026025392,0.8376402143742475,0.0,0.30304381690123944,0.008855036534363786,0.735983009459175,0,sitting here wondering why quot ed quot still ha such a strong hold on me
1.7345524109622068,4.76988149237858,0.564486968379208,5.8164925823719695,0.8172987725226499,0.606724216177162,0.617989635583861,0.5639491744155958,0.5782243058426192,0.43159113016007006,2.0,0.01798963558386102,0.37071981502348705,0.44486984593202544,2,the audacity some of you exhibit on this app is a lot then spice it up with talk of depression please si
1.1362901302303978,6.529495875017151,0.6020882189237811,4.607159249400099,0.4742942696730186,0.5650791298650959,0.7643249001335283,0.7750101456221475,0.5795811257815636,0.44422573795111264,1.0,0.1643249001335283,0.34730025949621857,0.5258834380525561,2,man do crime society woman s he is a criminal he is a monster bla bla bla woman do crime from decade society woman s itself it s depression it s self defence hypocrisy http t co evffplq0ug http t co 0gxfpnbrsx
3.4190971023874654,8.145880234287239,0.38057386553026573,3.509630616153663,0.2020217996963843,0.4337775914643313,0.22067676294371702,0.3329715618515771,0.03839868857500193,0.6270805880612939,0.0,0.13932323705628297,0.14246280415657964,0.4169568312201098,1,followsavvy i never found her everytime i click on her twitter thing through your myspace it go to some dude s page
4.847271124424432,6.7372998711857095,0.2860984136950152,1.0,0.0028897523729628644,0.1458394705423391,0.2172904045387266,0.4873551326663315,0.17942100132303412,0.6881192625656691,0.0,0.11729040453872663,0.09857917494086792,0.8818982367305978,0,ecaps bloody idiot just shop him into some gay porn
3.1031423986683575,7.866938322548367,0.2245360793170536,1.9645814758362738,0.09623128969784953,0.09192243286989898,0.16233613791062432,0.0,0.10381640748258925,0.615837330757018,3.0,0.19766386208937567,0.13420440293954916,0.5761751841195765,1,where s derrick http ff im xwxs
3.727290086139393,5.596604709714309,0.3006259695758796,3.75780296932359,0.3251504078632482,0.21795351111608613,0.23501690374531312,0.06562117861917982,0.07431418820245256,0.7013950196620717,4.0,0.12498309625468687,0.21854393327362892,0.5959701769053201,1,want her camera back
2.1605011909633776,5.586517904012218,0.5275861125073182,7.27265371963503,0.6242526755638087,0.5241043772309251,0.8526460678825198,0.7236068625237774,0.42875161856995625,0.4848805985514654,3.0,0.25264606788251986,0.3578542021529668,0.3913851928112605,2,ive always been extremely considerate for people need even sacrificing my own for the sake of their need always just never telling the full picture or always refraining from saying certain thing a i do not want to offend people i just never get that level of consideration back not even half of it i must be a prick asking for this stuff i shouldnt expect anything for being kind but it always suck when you always get the short end of the stick always ignored no one give a shit not even from redditors though i
3.4801797696527235,6.865846818443354,0.4293800297237248,3.282307645274579,0.2669241295327858,0.24529431060997892,0.6343960033494787,0.27541589465224414,0.12321584860462217,0.716527552478265,0.0,0.27439600334947867,0.3363589417475184,0.5363080177827725,1,i don t know how to use this thing and my stupid picture won t upload
1.7377309202904025,7.021111487749715,0.5502354480316146,5.687423211848447,0.6222383028210653,0.576449103001565,0.7435646649620079,0.796655255871199,0.4429385183083245,0.3612282054251237,3.0,0.14356466496200793,0.4200787958246054,0.43549798553451924,2,i know my mind think thing that make no sense and sometimes i just sit there and watch myself experience these thought and then i fall into a weird psychosis i keep having irrational fear of death and it trigger me on a daily basis i get scared to fall asleep because i think my dad is going to murder me i sit in the car and get a random thought about getting hit and dying i watch the news and get scared about another war starting that lead to dying the anxiety that i have about dying before i am able to get
1.5285413741095797,5.859922287239181,0.5834240084667572,3.4973110170279,0.4372486042202774,0.48524747114170574,0.718280747320756,0.7641005646440703,0.46775693051833256,0.654338388996426,5.0,0.118280747320756,0.5105941981481109,0.6149074652030507,2,hello just need some music to listen and spend time thank you
3.9586878598995527,6.455535459795276,0.28749267696849634,2.626642952663803,0.19267603564712052,0.14416043211504664,0.29296604448749336,0.23904990801847956,0.29719821394813944,1.0,0.0,0.19296604448749338,0.0,0.8417353773744374,0,i m frankly disappointed and offended that there is a blogger writing against fu penguin
3.0997420389096524,7.720073072473892,0.25592250746768974,3.480109716341535,0.2814850602749353,0.2088893776983765,0.31759208410368706,0.3034446207448267,0.2726858453599321,0.7272267149192259,1.0,0.04240791589631293,0.4266921463488253,0.7119847844508851,1,im just a little bit bored down here in warrnambool only so many animal docos you can handle
1.9360053951541518,4.511028642901879,0.369678977877719,3.8605139306013694,0.6447467808871158,0.6670868805518908,0.8867066682135134,0.8826440180450394,0.6243728919983946,0.2911537277533137,2.0,0.2867066682135134,0.5182813347388037,0.3978299909705315,2,wa doing good at the start of the year and i can just feel the darkness over my shoulder i hate this i hate depression when i don t have it it feel like how wa i even depressed then it creep back and i m like how wa i ever happy
2.70684597962668,5.051553847631204,0.6267605655634156,3.070341871223975,0.31041244565862064,0.3007897780663398,0.7419259319365138,0.708267086385012,0.48815982249742385,0.3320487925009014,2.0,0.14192593193651382,0.5697989193335401,0.47428522867335593,2,after month of not feeling well i dont recognize myself my skin is ghostly the texture of my face is bad along with breakout and other gross stuff my hair is gross and my body is just so mushy and gross now unhealthy food comfort me sm tho how can i maintain beauty body care with way le effort
2.407828030207189,6.463388617442554,0.3335641485575133,3.3153083701043013,0.0,0.21666026245165684,0.020393604169367974,0.27383783174077764,0.015457522835691656,0.701868737571354,0.0,0.339606395830632,0.08278625421853439,0.8156366979785274,1,widyatarina say what kal penn s leaving house noooooo awww i totally missed it tonight
1.7247219764935835,2.776256210119339,0.8454150563348396,7.0327716754204195,0.7404074127394973,0.6843177053830003,1.0,1.0,0.8695744344047557,0.46051198567911694,5.0,0.24,0.6458120406948819,0.07142150263717142,3,i m so tired of the inertia of my life this never going anywhere meaningful for me i think about all the thing i d love to be doing and grow angry that certain circumstance constrain from doing them i hate that life is 9 doing thing because other people coerce you to do them i would like to feel like i have agency but you have very little when you re slaving away to just survive the worst thing is that this bid for survival is artificial and man made human being hate that other human have free will and must
4.795450274835766,9.773597192935394,0.06025342313072465,1.846438303440167,0.047349403588226216,0.0,0.2945987597474412,0.1838608626295227,0.19980202211153225,0.9182902971103943,0.0,0.19459875974744123,0.0846711626360662,0.9819983772273433,0,faithgg this computer doesn t have shockwave blah no account yet
2.7448149031195377,5.435704540161009,0.4095262017776807,3.5055797751631,0.45407313746825256,0.2934151064982852,0.6321112966083149,0.10523326551116119,0.12221876588900846,0.7601017072095667,0.0,0.2721112966083149,0.35564852284830906,0.8430208019425288,1,maybe one of these year i ll get a tax return a girl can dream right
4.454989544395955,8.089905162300067,0.08245203527272006,1.0,0.18490192573766578,0.20016067353302605,0.29709838596976607,0.150426766207763,0.032906815125745864,0.8930538875326081,0.0,0.1970983859697661,0.0,0.8023896815613363,0,ilovedt that s what i thought bummer
2.3833060298987245,4.223519808385519,0.46724267709959805,7.665595949424803,0.5822075058648881,0.4795431618454229,0.7560724095445894,0.9674245676080917,0.4941846416882582,0.39711250052625685,1.0,0.15607240954458945,0.5118335373060062,0.6161419819413085,2,i ve been in therapy nearly all my life and have gotten very good at using coping skill that help with the cognitive piece of my anxiety i e responding to my thought distraction etc the part that i still have a lot of difficulty with are the physical symptom i e chest tightness deep breathing doesn t really work well for me any suggestion that you all have for dealing with these symptom
4.2548373425562325,4.750910523560707,0.3469287192781025,3.344055620428785,0.29200452124886717,0.25952794964091586,0.7122059982480242,0.029413950439297676,0.18998676106895465,0.7881893713116033,1.0,0.35220599824802423,0.10115817720220832,0.8875029940087573,1,and so the editing of 000 wedding shot begin
4.421535062673485,8.660908549512946,0.0746957804534408,1.0,0.1790687846642583,0.0,0.6430227074672852,0.4963177221651314,0.10733360936052003,0.8513609765580102,0.0,0.5430227074672852,0.06401493901495142,0.9832357412623329,0,amber i don t know how often you check this but i really miss you right now like really really so friggen much i want a hug lt beth gt
4.6101255424580545,7.040700469653888,0.0,1.0,0.25034721643399993,0.0,0.42081940583365923,0.16719815834128404,0.0,0.8043530992068817,0.0,0.32081940583365925,0.05999802776884863,0.7551782480969168,0,ashleyskyy but i wanted a margarita too
2.0393120590423677,4.587697445767882,0.6713283588406775,8.124863622225966,0.6497833405843598,0.3357610038273806,1.0,0.7575412207593227,0.7618596386941379,0.4890326574277831,3.0,0.4,0.2326328149516054,0.524791641757514,2,first i god a really bad case of covid and couldn t move or anything that lasted for 0 day then i got a surprise birthday party thrown at me by my best friend and family when i got home my best friend cheene my cat wa laying there gasping for air and dy a soon a he wa put on the table for the vet to examine him he wa my best friend so a few day go by and i got a heart attack and an infection in the heart and the bag that surround the heart now i got heart i am year old i newer though my anxiety could get an
3.1898856301993885,7.949028693593754,0.5777654639828199,7.1144793952764465,0.648300359004867,0.39493806223654304,1.0,0.6036804253161205,0.3517959202093679,0.37751627201643084,1.0,0.4,0.3945700608972331,0.38140771043913346,2,i wish i could be attractive taller funnier be everything woman find attractive instead i m the complete opposite i ve gotten more and more depressed last few month to the point where i start up depressing conversation so i started to stay away from people or stay silent with friend i m ugly and i ll never be loved and that s not something easy to carry on knowing full well i m and never even come close to a relationship i hope i die soon because i don t want to be alive and alone like this
1.3143559381591485,4.088981931051938,0.45660310046810654,6.912996248097015,0.4567099504883151,0.43483572774290985,0.8276423711552618,0.7689389480958705,0.6879560842524308,0.6926059354519633,0.0,0.22764237115526187,0.31088297985111324,0.5234287940727804,2,backstory i ve been diagnosed with panic disorder gad since a young child spent the past year on zoloft at time a high a 00mg a day year ago i wa put on buspirone with the zoloft and it changed my life i ve been stable up until this past year my health anxiety got wayyy out of control and i ve been diagnosing myself with terminal illness all year did therapy and actually enjoyed it for the first time in my life and got off zoloft and switched to 0mg celexa combined with mg buspirone in the am and 0mg at nig
1.9975459362560282,4.424606408752697,0.49292495989931573,5.588218017317892,0.5539829183563701,0.729769195193647,0.5107061847175463,0.8351859385061335,0.5501677311259892,0.5613733850899689,2.0,0.08929381528245373,0.5237330537313101,0.5437881800775357,2,i ve never been so fucking miserable in my entire life i quit my job last week and i m failing school and want to drop out for the rd time i have no money and i m disgusting and i have no worth in this shitty world i m tired and i can t even get out of bed i don t have any energy to do anything and i want to die fuck everything and goodbye
3.3997432033196833,7.213504568551062,0.21022422540915803,3.80991905537657,0.32929722887599766,0.2767967249960949,0.0,0.17504176335398802,0.13628114272490555,0.5873906575503461,1.0,0.36,0.22927768376146768,0.6485654165992039,1,need uuuuuuuuuuuuuu http plurk com p n0vpg
3.507786706071893,6.877178219767589,0.3027939669651828,2.959087746931231,0.2957290143321682,0.2048285705949038,0.275337721076118,0.3936816074621013,0.04316308094609274,0.7719175911243443,0.0,0.084662278923882,0.15612763830508475,0.5691639436881532,1,chiefdelphi is down
3.3500029362541857,6.869937031524718,0.4001642720736234,2.9631784884763444,0.21851300420679454,0.0,0.6318837419413761,0.0,0.0,0.6438739592814595,1.0,0.2718837419413761,0.08492471006284474,0.6195199854110067,1,woke up too early
4.45337359582282,5.295750095905886,0.14022296868693113,4.253207477618332,0.19704270978346855,0.19001535840483097,0.20409497845782182,0.12928061602267743,0.1308286219935332,0.8298545764292886,0.0,0.10409497845782184,0.012364162352006894,0.9348580821464405,0,claire s will you be videoing or streaming or podcasting tweeting or anything else can t make it unfortunately
1.0465697989212446,4.3515572286283195,0.661571908406057,9.78168719895511,0.8938856875195041,0.8892181413750322,0.871698010723498,0.6919789641053724,0.890292558137405,0.15383042117712578,4.0,0.11169801072349794,0.6710878252579042,0.16154826266710245,3,so here i am at a baby shower only person i know is the expectant mom sitting at a table by myself i hate event like this
1.6130158172647635,5.621719044375283,0.40121459476575394,5.48908539181749,0.6896291436033325,0.5398609495973106,1.0,0.9709857642097743,0.6038919366321036,0.4331086184662267,3.0,0.4,0.3868458623690888,0.4506048112060351,2,i ve been dealing with depression for pretty much a long a i can remember wa diagnosed with it a a child some day are better than others the same can be said about the month and even year to be honest i never thought i would make it to the age i am now and have never really given any thought to what i wanted out of life besides the basic thing like friend loved one and many even a romantic partner outside of that i am lost i don t have a dream job in mind really and i don t have any set goal i m getting old
1.7639292508633198,6.735090945805047,0.498221975870139,6.1100143336031465,0.34285120170304084,0.36451404392125153,0.7627565320822499,0.8237696691918469,0.3161445862023452,0.4052026602413128,2.0,0.16275653208224994,0.23708449545385274,0.4002547740633397,2,bombassdyk deathydescole ma m re est croyante lors de sa d pression on lui a rabach que c est cause de sa foi etc alors que la d pression est une maladie avec une composante biologique un d ficit de certains neurotransmetteurs c est fuir ce genre de personnes par exemple
1.0,4.940977477406346,0.7607188854183253,10.0,1.0,0.6954418229136533,0.8527803308395547,1.0,0.7812298525452227,0.14814079161476332,8.0,0.09278033083955473,0.6719180016744541,0.18614882740064775,3,i have too many problem on my plate work is a commitment responsibility are a commitment family is a commitment therapy is a commitment basic hygiene is a commitment taking care of myself is a commitment gaming is a commitment having friend is a commitment talking to people i care about is a commitment not falling asleep is a commitment caring is a commitment eating is a commitment taking my med is a commitment the list could go on forever i m not subscribed to earth yet living here is a commitment
4.98492619123062,7.320564150347288,0.09469806333590644,1.3295123830314606,0.07847067838641414,0.3194975126631956,0.3341043863450372,0.0,0.10832403675518272,0.8831559692884392,0.0,0.23410438634503722,0.20407279167542242,0.7889079258837359,0,neyawn yeah interview don t know even when it is
1.0,2.878209855399356,0.8540495420745717,10.0,0.7741656205104611,0.7483531448129584,0.9824365786918098,0.7629517777043378,0.9532717091004,0.2299900721821981,4.0,0.22243657869180977,0.8265868179468006,0.15760062260244861,3,i ve been sad for a couple of year now this is because of my height i am already 9 year old m but i am stuck at i feel like i am not a man because of this hence why i am extremely sad and developed body dysmorphia is this reason of mine just or am i overreacting
2.0327135723516165,5.8191840910499595,0.5478165663644331,5.168803372822366,0.6822617785449053,0.36229638432305866,0.9446560191605704,0.6688638140874861,0.5063999287666857,0.220022627760668,0.0,0.3446560191605704,0.3684097102409722,0.30599385930119927,2,twitter is the only social medium platform i don t feel uncomfortable talking about how mentally ill i am im tired if struggling anxiety depression
4.777969206019401,7.686906754651115,0.31952314607993104,1.0,0.033083059133547116,0.25822711715597413,0.3902697338891804,0.11062413849133959,0.15146838792765038,0.8202943843636492,0.0,0.2902697338891804,0.07584308067893483,0.9889025756547198,0,misstoriblack cool i have no tweet apps for my razr
4.622148095415133,8.085579085543532,0.0,1.0,0.25228830818439096,0.07393906458416666,0.0,0.38541389839692747,0.0,1.0,0.0,0.09999999999999998,0.0,0.8095175146474767,0,cuz like troybolton is the hottiemcsuperbob omfgz my nail bud cry
4.694961053619123,7.907989772528756,0.19888668622790984,2.203046682946178,0.0,0.19463582751622627,0.1418640872953902,0.3327684775473022,0.30205454515782737,0.8936098197193827,0.0,0.041864087295390234,0.0,1.0,0,tuesday is a raining day again
1.0205512283942118,3.880482124030046,0.46025936250395216,6.0873656291974125,0.27856439495815005,0.7835083909537912,0.629223689434126,0.7734826891611385,0.5111269200506211,0.17865596870141398,2.0,0.02922368943412601,0.3588443695236781,0.43216791364158097,2,it will be two year this november since my brother died from a fentanyl overdose this completely shook up the family dynamic i moved back home to be closer to them about a year before his death while i am happy i did get to spend his last birthday with him since he is gone and the family is all split up now i hate living here i used to make double doing the type of work that i do here where i last lived my job is actually financially draining me i am a caregiver aid for disabled kid and have been for over y
1.5114185084736076,4.590551959831504,0.7908963528575763,6.5130517937414485,0.6900659819405331,0.8143329726117208,0.8903568972147856,0.6745552682391899,0.7616842587671947,0.3433890148654066,1.0,0.1303568972147856,0.6034718534487433,0.10931799368388923,3,after a year of not getting the vaccine i have to get it because i m going to another city for a panoramic xray i have severe anxiety to the point that my heart is always racing and i can hear the loud beat and it interferes with my health exam one time the doctor got mad at me because she s not satisfied with my bp knowing that i wa anxious the entire time so she ordered me to drink xanor alprazolam before the vaccine however xanor is not available in my place even in the city the vaccine incharge won t ja
4.859643599544039,8.023844717000951,0.33245401189725327,1.0,0.014522936943825407,0.05868784176433828,0.26228098534336786,0.3794275243196651,0.08049196307048692,0.9155488984006104,0.0,0.16228098534336788,0.10944729419351848,0.9072515566149539,0,i wish i had someone to talk to i m so upset no one like me anyway
4.5437827467383824,6.571427706272641,0.3351876463757789,2.092740187218433,0.11309995206507617,0.399547465117429,0.30918874542032265,0.5588143101465814,0.1007559427015087,0.9995657516811363,0.0,0.20918874542032267,0.14420498129039488,0.9686620378875841,0,maxbarners i hope it all go well
3.739945886385148,7.085369900184024,0.3699903066806125,3.2535980154838806,0.2779875839393562,0.1406272905865329,0.5077006653239187,0.23764285281580236,0.12092985483741099,0.6515251972930711,2.0,0.14770066532391868,0.3051773868409503,0.7940504422203557,1,yaykimo it s sad it s the last season i wan na see when spencer call lauren
1.0,4.297972639316041,0.9448187074492597,5.996466446812864,0.9058968077485405,0.7586095467680366,0.6852443953139524,0.8419100893947135,0.9535482459559541,0.18568168247426137,9.0,0.07475560468604758,0.6613460825952834,0.13806567344267037,3,mizzzidc honestly i think this wa too much for u to treat your mom this way co of sneaker imagine the depression she would feel too that her own daughter took her to social medium co of sneaker what if she had come on sm for the pain she went thru when she had your pregnancy
1.2601915056933632,5.8342309353666035,0.4238800946309873,3.0180296353685923,0.5521620985703232,0.47785512719425555,1.0,0.2847727473282071,0.7875473312707768,0.4312997000150532,4.0,0.4,0.46982400869335095,0.48826796578192194,2,darknbold biolakazeem love and light from me too but i had to unfollow him on all his account so not to fall into depression too blaming mourinho not his fault it s the club that chose him over mourinho someone that should come out and humbly apologise to the club and fan before he leaf
4.773518686790027,8.179075543280476,0.0,2.0694333917558447,0.03747399551706258,0.17310265726230437,0.3193214389183415,0.14566517622565106,0.049670537901976744,0.9234668236068176,0.0,0.21932143891834155,0.0888838790413566,0.8466275396121055,0,tomatosalsa hope you aren t referring to me say hello to your new stalker lol
1.336060409416463,4.596248038077461,0.6194474362486416,8.29456859754423,0.7427230611586351,0.8014326244572595,0.9122658911342237,0.4257700366815152,0.8901683030810592,0.2844360693383692,2.0,0.15226589113422373,0.689451253619701,0.34797797181162216,3,it s tuesday evening and i haven t been able to fall asleep in a few day because i can not stop replaying a sequence of event at work from last week i talked it out with my coworkers and i know that i wa in the right there wa nothing i could have done to get a better result and it s ok everything s cool let s move forward with our life k i would love for it to be that easy but that squishy asshole between my ear ha a very different perspective on the matter so we can t move forward we haven t earned that ye
3.2165653921659536,6.594606605398211,0.31156543813422183,6.504445888722419,0.0,0.2982996526482603,0.2545412742712764,0.027721670270299842,0.10733162124219031,0.731354732230694,1.0,0.10545872572872361,0.21350574263739827,0.612804111505328,1,can t sleep again
3.0650414509233994,6.191853961193891,0.3134672749685315,4.024909599662154,0.3165756142977922,0.193856941674668,0.39636311632479315,0.3259958767733926,0.27751040981538716,0.6276886310992283,1.0,0.036363116324793165,0.37630293700855605,0.7136847662204985,1,alenakristina oooooh i love it sorry i can t help if you can t find it i probably wont be able to find it because well you know
4.730021386529285,7.2956820471171095,0.19172687613405834,1.0,0.0,0.18846877420003144,0.6382728781036513,0.11516870409025604,0.040317073734039865,0.8079679395704058,0.0,0.5382728781036513,0.0,0.9424804022319315,0,bkk ha protest maybe ho chi minn city
2.129247848771619,5.211503126852182,0.5867316804238955,5.595613447141848,0.8714188252546748,0.41029649945414765,0.8753668247404701,0.5509783826847083,0.4277328104047955,0.485373579110095,3.0,0.27536682474047014,0.577168321813534,0.4963065747210561,2,for the past couple of month i have been feeling really cold my throat and my esophagus down to the center of my chest ha started feeling icy like i just drank a really cold glass of water but that feeling stay all the time i am a yr old female and don t have a history of debilitating anxiety or any anxiety at all but i have just recently had a few fuck ups at work and maybe it s anxiety i feel like when i calm down i still have that cold feeling sometimes though so i m not sure if that s a common feeling w
2.126854962310059,4.159777541299948,0.4698931443835631,7.157839010590147,0.7350414476098132,0.9967782022663804,0.7146780797897218,0.7981181305657257,1.0,0.07684271040230789,2.0,0.045321920210278255,0.4285777290848802,0.23397939272786944,3,snapchat layla kuz
3.16136315523827,7.896995617819678,0.17126811976445244,5.775216454506634,0.18520094324429584,0.251754371789505,0.11125187350717108,0.41500205126615053,0.0,0.6749551259992269,3.0,0.2487481264928289,0.4530530955315847,0.8797263166483732,1,my nose is bleeding
1.0,3.84697182072244,0.9477680309860731,8.455305937123038,0.8969825497560237,0.823027345288071,0.6385225658223679,0.7625989517478735,0.8596924260089495,0.1892948336798293,5.0,0.12147743417763213,0.6334244290495371,0.08205896274645774,3,been depressed lately and it hurt like hell getting out of bad is a chore thought of non existence are a comfort silver lining i ve been completely disillusioned my ego ha been shattered i no longer pretend i m living a good life that i m happy that i m not lonely or that i am in any way special from now on it will be brutal honesty to myself and others which before i couldn t imagine i suck my life suck most people are much better than me in every way it is what it is i ll try to cope and do the best i can
5.0,6.627873189654695,0.09067432540907341,1.716104998811855,0.2002366475685587,0.08685628153737235,0.17952722494085765,0.5384822250240668,0.10452298641018685,1.0,0.0,0.07952722494085768,0.08478500870818095,0.9523905439035495,0,one triop down one to go
4.797843065619103,6.71217450248161,0.11299171785190983,1.257562003319169,0.0,0.0066474473705910725,0.31752298107437776,0.29267044420017835,0.08602396045079276,0.9402291538294502,0.0,0.21752298107437779,0.0,0.978013200684467,0,miss om aww i know i felt like that yesterday at work
2.3033500272475296,6.706470723761326,0.5833738748921268,6.228536166537619,0.4034702436614083,0.4611462934409285,0.9463411936234976,0.8982528093268487,0.5345618472999663,0.43080482108697665,4.0,0.3463411936234976,0.26231501629309073,0.5373048446811897,2,i didn t choose to be born i didn t choose to have these vital instinct it shouldn t fall onto me to overcome them the world that gave birth to me should fix it mistake i shouldn t be asked to fix it in it stead it s not my responsibility
2.2361576182422622,6.507366631309523,0.7002557377806414,4.778938355414647,0.6631179962369044,0.47784976805007356,0.48505529723329144,0.5664452461119989,0.40107511202565044,0.49196121676360116,2.0,0.11494470276670854,0.6813342828076041,0.33290496093637983,2,hey last year i went through a horrible horrible depression and it s wa because i wa going through a lot and i wa always doing thing for people i forgot about myself and this year i just want to focus on me but it s like people from my past are trying to come back into my life and i don t want nothing to do with them i m also trying my best to protect my energy so sometimes i get in a mood of i don t want to talk to anyone like i m perfectly fine just being alone and it s like human these day don t understa
1.0,3.7388327235258707,0.7644476219573166,8.072724502060561,0.9700964442248416,0.973272561550841,0.539528858131034,0.9037049259256846,0.9690901437147804,0.03387346801441468,3.0,0.220471141868966,0.585101689418913,0.26054707796045673,3,assuming you werent feeling better when you were taking them
1.5728318924861346,4.12924334762997,0.3357365744683104,5.612646532325101,0.5128206929476368,0.7535803252760541,0.9287539582784895,0.8382013868917252,0.4463164625461876,0.5094155043445102,3.0,0.3287539582784895,0.2698200650995168,0.3563448172042828,2,i haven t had a mental breakdown in a while because i m practicing to not let thing get to me a much a i did before now a day i ve been feeling sad not wanting to talk to people getting angry and cry i cried for about day now and i don t know how to get back to normal i m scared that i might go back in my black hole and that would be terrible because i don t think i can stop the thought if they yell loud enough i m scared because i might fall back and listen it s miserable in the black hole honestly i ve be
2.0449650197500597,6.288391010375064,0.3834182719352872,5.018461925353422,0.5307521054470595,0.5408669554057229,0.8855779081839138,0.7877218005621526,0.6033425743340216,0.5450850114514094,0.0,0.2855779081839138,0.420349850703739,0.47377444857640794,2,so i wa prescribed propranolol 0mg for really bad physical anxiety symptom i have something coming up later in the semester in term of presentation it s not just presentation it s like presentation in one day i know what a joy i wa definitely planning to take a dose that day however i m scared it will wear off a few hour later is it fine if i double the dos that day or should i not
2.003561046750361,7.077773728447744,0.24419044811106166,5.892544521669317,0.28570299235758323,0.28383417149752715,0.33979744439298615,0.4921706335075093,0.16158303043674446,0.5220827062702625,1.0,0.02020255560701384,0.278600302973542,0.6989513856070835,1,wonder if jon lost the net
2.831866972863977,5.616526924475167,0.4826331283624054,4.428586500003414,0.18353839735865715,0.16251390598650164,0.258563131348548,0.34989552647646927,0.31590993320515737,0.6440711207036897,2.0,0.10143686865145196,0.308140777643695,0.6816586150953361,1,our sweet little man just fell asleep while waiting up for daddy and big brother to get home poor baby he missed them so much today
4.687699633234571,8.017944727398742,0.14986983587074756,1.0,0.0,0.0,0.0,0.0,0.21683943765088276,0.9025567007295336,0.0,0.09999999999999998,0.07891680137862915,0.9710245898285313,0,sooo sick of the snow ughh
1.821193180078151,4.083203771476404,0.8100656934269271,8.318760056477352,0.664534005166286,0.6671530360788694,0.7991760065176077,0.780106194816318,0.7777065273750353,0.21353067298922193,4.0,0.039176006517607664,0.619752065135786,0.21701357104950128,3,hi im doing my master degree my grade are dropping the note my teacher are leaving are nasty thing like you are not creative you don t know how to write this wa not the case in first semester i got straight a and now in this exchange semester thing are just going to hell i lost my confidence i can t write im panicking that im not good engouh and the voice in my head keep telling me that im a stuipd failure the medicine are not stopping that and now i have this paper to sumbit and i just cant start writing b
4.042670387291444,7.504338189121064,0.1095795644684296,1.1580798212792798,0.14888181237185188,0.08324720062829571,0.44758020074399296,0.19199935089067477,0.015317394772050297,0.889269298395187,0.0,0.347580200743993,0.0,0.9832733130849445,0,http is gd r zf http is gd r zy and http is gd r zg test footage with my girlfriend in hd the dark one is underxposed
4.06927465312183,7.264483952672636,0.06284580824130065,2.7521379375643673,0.014173153608041195,0.20505124085803583,0.1766620654398427,0.1317578249333199,0.2485850329246061,0.8353043187558216,0.0,0.07666206543984272,0.196943004426056,0.8710650962101362,0,chimpytwit brilliant idea just bring a much a you think you ll spend amp i ll swap you bring a brolly
2.0706462455360084,6.4299747083218595,0.7044237556910229,8.1462478340022,0.3344579048326601,0.541786825205687,0.7617389828092327,0.8582438704215993,0.5460195415724284,0.47342662283500536,3.0,0.1617389828092327,0.44335027041797437,0.40953376097988803,2,i m worried that they re going to think that i wa lying and that i m going to get into some trouble for the past month i had like or refund because the amazon driver keep putting my package outside my gate when they re suppose to put it inside this led to my package getting stolen recently it happened again i couldn t find my package but it turn out my mom brought it in earlier and placed it somewhere and forgot tell me what do i do
4.367037439549944,7.006154474619343,0.02062810451310612,2.8397195470945658,0.028000585712711704,0.0068864834819778314,0.4365887980520543,0.48982810377046077,0.3797033390924477,0.9314135997508138,0.0,0.3365887980520543,0.0,0.8327681027076668,0,suck when you know you haven t done anything wrong but it feel like you have
5.0,6.974297171532477,0.0,1.7767064144033191,0.0,0.051586127782729224,0.6603085884574382,0.37707448145395206,0.28824774971303635,0.9211613085753015,0.0,0.5603085884574383,0.006359519564167762,0.9269918605059021,0,i havent slept a wink severe insomnia arghhhh why
4.434056264503899,6.908884415380562,0.32920961510795027,3.4087121856084126,0.02589293726594062,0.2512554295327967,0.04466633186184099,0.05975704511807667,0.0009900486447560058,0.8243429974612116,0.0,0.05533366813815899,0.19198604565725627,0.8373736620975147,0,sat at work not fair so not fair
5.0,7.1961263572807574,0.16410609499420398,1.4274315340957364,0.24086440666149483,0.28587545657726066,0.47368599429345815,0.39926823460490096,0.16888787620609308,0.8799548852088541,0.0,0.37368599429345817,0.09469509380108422,0.8652647975010034,0,im up i slept an hour last night death
3.826073467163809,8.283662769211137,0.2269399737587019,1.5389275206703237,0.2863407351204993,0.0844442990838575,0.0,0.4855141529564274,0.0,0.7577938686389564,0.0,0.09999999999999998,0.1342853805054324,0.9788908066657475,0,ugh still working on project just taking a small break
3.0802761202741715,6.6940693625943934,0.22327839630955643,2.7411249745582826,0.22323377319412785,0.40125775435244343,0.4869798401095451,0.2726607121114637,0.048585111819866855,0.6391622972584147,0.0,0.1269798401095451,0.29751396488452425,0.6156109195938548,1,o i wish the frog weren t becoming extinct http tinyurl com cxe w
2.8460456318221445,7.4614653610177895,0.44294186926224666,2.238791370301202,0.296427027884957,0.19563215006599005,0.49251207337837943,0.1578384017835871,0.25624388174878693,0.7444786381680972,2.0,0.13251207337837945,0.2175219042045013,0.8256399989976414,1,went to bed at pm and now wide awake at am i don t have to be to work until 0 this is going to be a long day
1.5280958332870047,5.842454385294578,0.3301738490785372,6.572289140405653,0.5951326021770498,0.4042182757106213,0.6028308657208864,0.7370698056629759,0.5687185142020246,0.44841204051621386,3.0,0.002830865720886422,0.4482614174703775,0.20374241992742326,2,absalomjuma kukufa na depression
4.900626888258344,7.216624899714619,0.0,1.0,0.05110377082842484,0.008997430460123801,0.8217673880815062,0.11234986960275785,0.1975437723929555,0.9208031783856214,0.0,0.7217673880815062,0.02099587537048337,1.0,0,gon na be a great day of the member of our team are off
1.314891470660565,3.0429314236642466,0.903801343306542,6.761848179659112,1.0,1.0,0.6776615326140047,0.7038185840675113,0.9820706462944971,0.2816726260857534,5.0,0.08233846738599526,0.722075651898467,0.14901396234792083,3,sometimes people become apathetic because of depression or trauma other time people turn to apathy after repeatedly being disenfranchised –
3.3428833527661275,8.546163493713463,0.15609009523239956,3.285683177372111,0.20695311358098506,0.29227198682709343,0.34247253504746383,0.0,0.10033425293661065,0.7018858167092077,1.0,0.017527464952536154,0.27073716085688937,0.667531583793817,1,didnt hear from my hunn today
3.8931122747878444,6.62780915227135,0.07410057867859389,1.0,0.19548852268659384,0.0,0.47998195517044645,0.1576398500060531,0.005692913267329125,0.7236272048611425,0.0,0.3799819551704465,0.0,0.8784231793633456,0,at work
4.802853983597705,7.623480480159101,0.0,1.0,0.0,0.10634541012605953,0.39651140111735256,0.3796259037695743,0.15273014897665194,0.887645415894544,0.0,0.2965114011173526,0.07646552923153609,0.904548486265937,0,ooo dr who is on in hd ok ok i m officially a sad techy geek
2.113697898706121,5.9119989304243505,0.535891864844685,3.3106588046597096,0.4880734052587984,0.49097766630703166,0.9254038926403452,0.8205453120480788,0.6947797219512296,0.4139159608922085,1.0,0.3254038926403452,0.33121180521446103,0.3831093769740463,2,i ve been pretty bloated the past few day happens a lot working on finding out the cause whenever i eat a meal my belly boost up and my heart rate sits at like 0 for around half an hour until thing start to deflate i m currently in the hospital for a completely unrelated surgical stay and it make my anxiety even worse because to the nurse it look worrying i think most of them have realized it s not an actual heart issue it happens so often and i ve had many ecg that were fine it doesn t help that having my 
5.0,7.855707056574171,0.15235667151231344,1.0,0.18571525176081446,0.05935855710771392,0.708790946347299,0.3956884970279082,0.06270963684397082,0.9497497955260088,0.0,0.608790946347299,0.0812745642854809,0.757720117233415,0,mew today is a prescribed opiate day me think grr
1.625416361704908,5.979225841936971,0.4618426379459245,4.5722123588286365,0.42352481563674016,0.5695007531930572,0.7823333419630342,0.6488271264187746,0.49371344788599647,0.34310194416601764,1.0,0.1823333419630342,0.582779340654358,0.4301052071627757,2,i m a girl on the autism spectrum about to leave my school graduation year but dammit my school a school meant to help autistic youth mind you ha been going down the drain over the past few year and it ha gotten extremely worried about how i m going to work in the future if i can even get a job at all
4.828425841362654,7.570108731484566,0.11418499193338552,1.7494594361335516,0.17038982135691938,0.2653922636408872,0.3287955930313433,0.24984366387412552,0.2645800188508788,0.9495885067946942,0.0,0.22879559303134334,0.11730912261326074,0.887513611115358,0,look like i ve missed out on yet another job someone please employ me haha
4.765055613337557,7.686240302972889,0.3869220625038766,1.9099631072397152,0.0,0.0,0.3322712844697356,0.0,0.06860598556344108,0.6849865291580294,0.0,0.2322712844697356,0.032049338540530624,0.9363521862310026,0,no cold water tap in our bathroom i miss my cold water
2.5107659906791056,5.146238504058072,0.3374629366378212,6.734809680999069,0.6688680955151457,0.44198916097229535,0.8404126903358117,0.45443212977314396,0.472911759612743,0.4217217895062299,1.0,0.2404126903358117,0.5858856587767411,0.36333537349762113,2,depression make no sense sometimes i have a great life family member who love me friend who care about me everything going for me in term of college relationship life etc and despite all of these thing i still find myself thinking about ending my life suicidal ideation is something that i have dealt with since i wa a young teenager but lately it ha become a half dozen to a dozen thought of taking my own life every day what i really don t understand is the fact that almost everyone else around me doesn t fee
1.258991394890299,4.816117008405359,0.6166238741918888,3.0088897029451247,0.450835474124039,0.35201813832692525,0.70168977623087,0.7280779253263995,0.4606690360833587,0.5242962811390757,2.0,0.10168977623087005,0.5232896599360415,0.33786384251281393,2,i m feeling so bad i can t function anymore and will probably be hospitalised but i got a message from a teacher saying i wa missing too many class and referring me to the school s psychologist what can i do
1.1804424871194084,5.0720367277448615,0.5484358519219715,6.522377638592585,0.6918279462706471,0.7825119763485775,0.8786134243786702,0.9332348555121781,0.8273539403176472,0.15558827523766666,3.0,0.11861342437867017,0.7663488063457692,0.2493193185705937,3,tanialt beth tastic widgetsworld spcialndsjungle teamsquarepeg so sen ipseacharity sendcrisis stevebroach eleanorjwright kimturner 0 gfreeman 0 renatabplus but in reality i get it i spent month in deep depression because of la move to remove our kid parent are exhausted and energy is pretty much depleted trying to get by on the minimum in financial support and tangible support fighting relentlessly for our own kid
2.9536615869574296,6.960970047637713,0.5465383689651256,5.443805009496985,0.5928096743450054,0.7392341881568382,0.8512381340009452,0.7649205952506679,0.7093864944449328,0.45067189453360385,2.0,0.2512381340009452,0.3229329160728928,0.3283138581161408,2,a known now i am m and identify a unlabeled and that s great i used to identify a bisexual but now identify a unlabeled since i feel more comfortable with it straight to the point is that i m scared of how my parent will think of me in the future and how i will tell them my sexuality reason are is that i have a gf and i want everyone around me to see that i m straight but they won t anymore and they will see me a gay because in the future my gf will most likely become trans and switch to being a guy i like 
2.2959499555832044,4.928637330642996,0.6097743376840011,3.6489157412537043,0.546940999704139,0.5392387387716263,0.6450260481651544,0.7206542909986122,0.5169768712775926,0.4581714329593482,2.0,0.04502604816515443,0.4091062779147863,0.36520532756407703,2,so basically for a long a i can remember i have been terrible in public situation when i have to present i shake and go red but the most difficult thing thats happens is that my throat feel like it closing up and i can not get any word out even if i keep trying this lately ha progressed into seemingly random situation i think it s because im more aware of it i could be talking to some of my friend in a group and suddenly start to choke and can t speak it s made all the more confusing a when i take beta bloc
3.499773023296692,5.6153633850912765,0.26174100398446776,3.7343956168146812,0.0,0.4440101000149079,0.39806463484364873,0.47323259609758617,0.09722056630781423,0.6391430752069571,2.0,0.03806463484364875,0.15953868845283514,0.5121116647153795,1,skynicmac shame
2.8253318743949203,6.237951413695654,0.11568229662590285,3.5376460487139103,0.35748123440225504,0.32575679173336375,0.3869464407590697,0.04197838896175318,0.0034139017081292328,0.7476095503774778,0.0,0.026946440759069712,0.18511683303676293,0.6577383578510086,1,why am i up so early i am bored and have had that trantula song stuck in my head for the past hour www stalkdaily com georg
2.6636675608775366,6.147151708111052,0.45550918694904186,7.785744702159311,0.5845482792651451,0.504346447951577,0.8206376998599545,0.6798511677222894,0.470926731271768,0.4070767131245173,2.0,0.22063769985995452,0.5924772180160249,0.3047273075539174,2,so long story short i recently started to become what i think is depressed thing is after the first few day of it being a bit tough i became to find it enjoyable to some extent amp x 00b to put it simply it ha let me achieve something i ve been trying to achieve for a very long time near zero emotion positive or negative but this time it isn t from repressing my emotion i also don t crave nearly a much social interaction a before and i give no shit meaning i wa able to get work done in class i usual hate si
3.927505855071151,6.515261656483826,0.03716733061553153,1.0,0.1220265280310153,0.002526758864460174,0.12646326797007443,0.23947396784862632,0.04106373902447601,0.7569220363255139,0.0,0.02646326797007445,0.13606374702967056,0.8765362466866875,0,frumph i d hug you too poor frumph
1.6372312747657325,5.5609378133097955,0.5168883923737043,3.8193624996725832,0.5094070180578985,0.756459532477141,1.0,0.7285751774784958,0.5152931527920407,0.48999275210289944,2.0,0.4,0.5177974759445336,0.3993953762606026,2,i ended my depression when i stopped procrastinating free ebook unlock your power via r freeebooks http t co v wwlg p
4.508623103856207,6.282478000503867,0.042113232273807935,1.173611105130354,0.10966416463011451,0.00444642785518537,0.0990312870367869,0.0,0.07915885757681987,0.8471937900616652,0.0,0.0009687129632130753,0.1235132358325629,0.8992668870714678,0,i miss my friend from elementary and middle school
3.703101306640918,5.174206882415744,0.27092353552732223,7.590711498222083,0.279135761231649,0.30084069135426966,0.3595614152491157,0.23667345616215835,0.22205909118482836,0.73059413401057,1.0,0.0004385847508842633,0.21848716502605003,0.7290202911602189,1,what a lousy day buh
3.797220630283098,8.986903515507453,0.15453425625567807,1.0,0.22188465266201646,0.17600819147989122,0.35374681668010244,0.11135802319129887,0.0,0.8575675036727245,0.0,0.25374681668010246,0.1302935893519638,1.0,0,ugh in sound class now out of here at kill me won t get home until 0ish
5.0,7.801707747197011,0.029980748081570086,1.5016105156381374,0.0,0.0710842580045655,0.6255510881046502,0.3446093922685141,0.026663117808146952,0.8419968995992134,0.0,0.5255510881046502,0.028902768809328905,0.8453158006183472,0,want to play resident evil but school and work getting in the way
2.08920443016639,6.773379029373251,0.5220013236253406,4.262215435859726,0.6870436185642823,0.42505099581102357,0.9554232010652103,0.8317508953035916,0.5390772187057418,0.6943885015811223,4.0,0.3554232010652103,0.44869220804828697,0.3853996505811967,2,can i talk to someone please
2.204738742059766,6.534619940942831,0.5395614017298183,5.0279070718116285,0.5894938488434296,0.5017364115120764,0.8182907381569159,0.7212918212615774,0.3768259606043432,0.4068350982449489,1.0,0.2182907381569159,0.4389188539289449,0.30497795016427043,2,once i hear niphkeys my depression disappears i will not tolerate any zino slander please
1.0,5.17915435512111,0.8034673706488981,8.020765819143046,1.0,0.6468261441501432,0.5829390297991447,0.6633679792816443,0.9861716796664073,0.14129705085447875,4.0,0.17706097020085532,0.7606632795554576,0.30401593356381656,3,i m so fucking anxious all the time it s killing me i felt great last august no panic attack for over a year and my social anxiety disappeared so i came off my med within week i wa back on them and haven t been right since the trazodone stopped working so i went on mirtazapine and gained stone in a many month so i came off that and went on agomelatine my anxiety wa increasing severely so my gp put me back on trazodone on the rd march but only after keeping me on agomelatine for week which is basically a pla
3.9873066394103374,7.811806874125596,0.37026887418834964,6.58618800519103,0.11626704290265147,0.4495426253439888,0.21123137123494512,0.26673551992042926,0.0,0.5689793728269911,2.0,0.14876862876505487,0.3970803469180158,0.6670190416485186,1,raymondroman oh no how did you manage to send something to the trash can and empty it without noticing i feel for ya
3.537641791311072,6.634463483756141,0.012625760909615591,2.937797273009632,0.2263807972797982,0.06916266636452655,0.17001498215529912,0.16862969363272667,0.013513019761972,0.9048507652744029,0.0,0.07001498215529914,0.08733728541216579,0.9757123715286471,0,dang won t be able to get to any workshop run by web direction
1.995229498187059,5.028379308176486,0.6800160518661923,6.494841602958868,0.356131410074636,0.45743119026425216,0.8045726483023773,0.6832581843765269,0.544531807907501,0.43397024370585946,1.0,0.2045726483023773,0.5041642472694642,0.3179089332045006,2,i wa picking up dinner and when i went to close the door i hit my head i m sure i m fine but now my anxiety went to 00 and i m thinking of internal bleeding and all this stuff and idk if my anxiety is causing this small headache i have now or not
4.041578962216071,8.223191590322353,0.22556602297096004,1.0,0.10977776435264483,0.0,0.3128394854074827,0.12991075082058967,0.08694590150527094,0.7256361365923817,0.0,0.2128394854074827,0.0829579315237772,0.9434097570117571,0,bah immune system finally gave in it did so well this year throat is feeling horrid now
4.945100210576312,7.93399387984265,0.0,1.7022581581802902,0.05657970243994554,0.09673917855332219,0.21696693006873458,0.4911515828858965,0.24161877541843668,0.7712938274000309,0.0,0.1169669300687346,0.0,0.9362427517581402,0,d trix my mom just had a root canal also i feel your pain buddy
3.4080708055831495,7.165713001520016,0.3896712073628558,3.872483473590227,0.24359576004314237,0.37358895137821024,0.40758821585891647,0.2526457160185045,0.1989811250154632,0.6635563698937172,2.0,0.04758821585891648,0.3381445664042621,0.6202929098668137,1,on the train sans guardian
3.2794279168129594,7.3200839398516315,0.16609695121772863,2.7017534406160837,0.46068398242932734,0.2563567016635464,0.3617077938870639,0.0,0.09260654647745954,0.71769048133401,0.0,0.0017077938870639353,0.25513565006416694,0.7241093620690104,1,fighting off the hungries
4.548966069626674,7.02042292769651,0.06400018956711831,1.402892972939136,0.10835666746945699,0.10900581046703813,0.3890943418357933,0.0,0.06039994414415523,0.9884400247737584,0.0,0.2890943418357933,0.16307410024444596,0.8399005546037153,0,yayfuckbuddies what i would and me horny too
1.5844359624646305,6.4990155828820955,0.6306569478589259,5.474122742219777,0.3239784871240604,0.5764896788953752,0.8480612975290749,0.7694892163213239,0.5296831183738889,0.41183346078817007,1.0,0.2480612975290749,0.4281975788720787,0.34702577865165596,2,similarly if you re stuck in the rut of depression addiction or obsession your brain will welcome the opportunity to restore some plasticity to it unhealthily rigid behavioural and cognitive model
2.475839642086795,4.993809414782389,0.28281140027154256,3.2608592710054354,0.36212881773790856,0.284936193529904,0.1480781826745879,0.095106196455162,0.1399779174705048,0.6891520083782472,0.0,0.2119218173254121,0.19499476592286538,0.7302716582674523,1,is at work thinking how much graveyard shift sux
3.2863272687724434,9.50947676088823,0.07401969119542268,1.0,0.0,0.0,0.30521530823232146,0.17377452300566462,0.2442620016669163,0.818541938265028,0.0,0.20521530823232148,0.045870670430229916,0.9345631560692972,0,downy weather where s the summer
1.98704264909219,6.0850901080743345,0.6863376628045927,5.4850852384169935,0.36714326265172514,0.6700750526604787,0.744560751122267,0.5197177529088708,0.42799139141183906,0.5732162454988048,4.0,0.14456075112226707,0.5949936957740484,0.45977772513952464,2,i wa doing nothing and suddenly she just say why did you even live useless maybe i m overreacting but this really hurt me she took care of me since i wa a kid because my mom wa working overseas i wish i wa never born damn this world fuck everything
4.2153073790876645,6.382078533176919,0.038611850606787464,1.0,0.10176114032404704,0.2778281543183855,0.38845079655451376,0.19571190294760146,0.11712483227759578,0.960069321254921,0.0,0.2884507965545138,0.2975718186150894,0.8622482962849981,0,th m m t l n n i d i
1.0332813841084374,3.2536277256793333,1.0,10.0,0.9233711530308636,0.6588916823728007,0.6114737478654558,0.7086870900629936,0.7788303899644845,0.37459088280451885,5.0,0.14852625213454418,0.5858437206922281,0.31189253018514873,3,dear who ever find this i m sorry so sorry i did try i know it wa never enough for anything but all i wanted wa to be okay i don t know how to be tho i m not enough and i will never be all i do is make trouble and upset people i m sorry i must of been a big burden on everyone i m deeply sorry for everything i ve done and now everything you have to do now i m gone i just don t know how to fix everything i m deep in this hole how am i meant to climb out when i ve never been taught too i m haunted by everythin
3.6464961578010193,5.963658134371014,0.18768454862651301,2.2721108512210235,0.2941932352592507,0.4819018936387113,0.19622293601254803,0.7707368656828755,0.21601831935557853,0.7759424385213869,1.0,0.16377706398745195,0.37315286317616037,0.5859953123581013,1,syekr is myki really horrible
4.3939305419908194,7.729319315311802,0.24789450782468878,1.0,0.2239476694288575,0.031567065012702664,0.5036136702758272,0.31733324812078423,0.15879554779821856,0.9626810271150654,0.0,0.4036136702758272,0.03149734865072005,0.9438374857933256,0,wednesday my b day don t know what do
2.586043018844805,6.082052674352821,0.503311718258264,1.0,0.6289713185772962,0.40471713709092005,0.7277759067973654,0.7905192728282213,0.6138703907474511,0.42232023179661826,2.0,0.1277759067973654,0.3516829909744845,0.3689641259679861,2,sorry for the depressing post i have some problem that are long term and i suffer every second of everyday i am so tired of the mental pain of suffering everyday my eye will never be the same again and i only use my right eye i don t want to have such a shameful death but i wa wondering if you people believe this can possibly be a good choice i am about to have exhausted all of my treatment option
2.179480015398517,3.7574142191095996,0.8324458170154645,6.891180919849049,1.0,1.0,0.4166386628190844,0.7923953120574163,0.8171279992145699,0.0967745272293383,5.0,0.3433613371809156,0.46747473244269755,0.29189864280188443,3,it s gotten so bad lately i am basically in a constant state of fear i can t get a break from it whatsoever just a constant state of being afraid impending doom and panic any helpful word and tip would be greatly appreciated it s so debilitating and disheartening
2.0968781765061113,6.0047323096782295,0.42278332317639034,6.118291073029861,0.5662317880836363,0.6912764376957439,0.7814739201697998,0.6245766694968574,0.33196316821317223,0.3411686531626315,3.0,0.1814739201697998,0.25741716905075657,0.40154621391211986,2,i can t take my ocd and thing i ve done like played virtual game and had a male friend i feel like a terrible girlfriend also i can t take living here with my parent at almost year old they re abusive mentally but they re right i m never gon na make it in life
2.5707728255132087,7.073946977429699,0.5897687920004282,5.29098511845005,0.5060734266782705,0.8458533919715601,1.0,0.688345395050752,0.5926835347543259,0.21828869630061595,0.0,0.4,0.28449366639686047,0.5223620285193171,2,the past three day ive experimented with milligram klonipin everyday it made me see life from a different view ive never been able to talk to people talk on the phone make eye contact talk to a girl and im in constant edge the klonopin ha helped durastucally today i applied for three job called place asking to hire and wa able to make confident eye contact can i be on klonipin long term it help so much i really believe i have the world worst anxiety my brain is on like turbo mode all day without it
3.704254137709169,5.019869618383816,0.325273318086683,2.737577922112547,0.39490027080861523,0.15124820260873345,0.2978260646933918,0.0597555809802352,0.10910541706483687,0.6673329263057346,1.0,0.0621739353066082,0.1552743079519022,0.6292827295335139,1,back at work have to go to zeist in a minute but want to stay here to do some work
4.480560796047529,7.669947253810575,0.20616266834123936,4.648220618367626,0.598660590745332,0.2404366051327223,0.18094064354438355,0.19973404648300605,0.011433477338397446,0.5929178317647984,0.0,0.17905935645561644,0.1739964602790678,0.6965169670367988,1,off to the dentist
1.8092025255679312,4.20233718525781,0.764123226457219,9.249669421448688,0.6555456914790077,0.7298345276518587,0.9685486716050697,0.6619442097629344,0.7699059289260419,0.41272396917686305,5.0,0.20854867160506974,0.5808519839527867,0.14751625745348496,3,i m not fat and dumb it s just how my life s been for a long time now and i don t see any change happening in the next few month or year idk
4.4751505900323325,7.655540499447832,0.12553260802555963,1.97075585224874,0.08890285185097475,0.03700986869938687,0.389704885741974,0.24593565829083114,0.0,0.8222713358769176,0.0,0.289704885741974,0.06711490730572311,0.9502927612829352,0,mrskutcher i wa just thinking that today how deprssing it all is make u appreciate life more
1.5779787921625488,5.1961600302328055,0.41733748338507753,4.8194302796613,0.6115390153995047,0.47789762760530874,1.0,0.8229655611380742,0.7137876207842851,0.5607783625000646,2.0,0.4,0.28236026747410725,0.4846305629598642,2,i m 9 male and autistic i have never had a relationship with anyone not even a date i had a few crush but i m too shy and socially awkward to act on them when girl try to flirt or hit on me i miss the sign because my brain doesn t work properly so i accidentaly reject them just to realize what i did a few hour later and get even sadder because i blew another chance i don t understand how i m supposed to find a romantic partner but i really want one i also don t think i would make a good partner my sex drive
4.282890793640777,7.580037794515584,0.2239107286358049,2.5161915114580466,0.05017368628680011,0.07265278018260823,0.3565377961368007,0.21866376506045293,0.25143004347546216,0.8878355406061378,0.0,0.2565377961368007,0.09252230818084337,0.9166956546233308,0,thinking the short and flip flop may have been a bad idea
4.779087158671658,9.862893291266413,0.10698806402858822,3.7269530059603326,0.0,0.0,0.49651409853773176,0.4357070403778218,0.14931510829602412,0.9453408751282376,0.0,0.3965140985377318,0.0,1.0,0,min till home time and counting i have a craving to visit the mac store but they will have closed by the time i get there
2.316424670491585,6.508614010094591,0.6991791890207214,8.139574495842556,0.41036892772849265,0.7131534691820032,0.8540989916370799,0.7584579310784292,0.5979753138916133,0.41079120916429157,0.0,0.25409899163707994,0.31309027983799276,0.44354442020053325,2,i keep having anxiety in the shower sometimes i can manage through but i had to shave and take a little extra time my usual anxious thought about a million way to die i swear i could have written the script to the movie and why i m terrified of the unkniwn waved over me and i pushed through the shower a fast a i could got out and instantly took a full pill of my clonazepam mg now i m sitting here about minute later still half anxious struggling to even right this a my brain is going into shut down mode i st
2.2559965639903035,6.643143481134451,0.47948933699796487,6.684666613668867,0.5534129548400264,0.4403679005373554,0.7372063203064917,0.9546122061384762,0.3770823377061079,0.44426964367689487,2.0,0.1372063203064917,0.5497042603408215,0.38931600277278305,2,my anxiety manifest itself in many way and this is one form of it i would stand in front of the mirror and just feel like guilty for not being better not contributing more not being more positive not being a better friend when in reality i do those thing anyone else relate to this feeling
5.0,7.940766477000691,0.17809685377091322,1.0,0.33657124259139926,0.0,0.6330928390499093,0.3880770462889175,0.06262007834461039,1.0,0.0,0.5330928390499093,0.20847171890901176,0.9161278771063979,0,nilelegania glad i wa able help you feel better i hate to see you sick love you
3.008134822682665,7.194510188725253,0.3331470022544901,4.5760391913319864,0.08917481603289637,0.41052193515059476,0.4648985642379126,0.2071016218011588,0.015373750234098676,0.6289481461421732,3.0,0.1048985642379126,0.13589851247599813,0.8997429464594849,1,stupid bus wa early i missed it stupid thing then i missed the bus after that finally got a bus then missed my second gutz
3.358846692758517,7.187897425940703,0.21834589176090066,4.328729926381031,0.0839804157217074,0.444576749295287,0.4712203805657034,0.08135758515807773,0.09557423883773285,0.9507887299424389,0.0,0.37122038056570344,0.2850337336716587,0.8368455287411828,0,it nemesis
1.9759807936121163,6.145564754218198,0.4949232621828876,7.884267891466,0.37267797432252214,0.864880929170502,0.7890439443532442,0.7872313877247678,0.44121154879581237,0.5697651890694546,7.0,0.18904394435324423,0.5670996362398478,0.5524776657259799,2,i have nearly 00 dollar saved a a student working hour a week i spend money on almost nothing but random food rent to parent car payment and gas i just feel like spending money because it feel like it d make me feel better but i still don t wan na do anything any video game i can buy hobby sure all i really want is good company but thats the one thing i can t really get lmao
5.0,8.639671455064683,0.07924444366725913,1.1635067483843382,0.0,0.0,0.43162133561701566,0.0,0.10939930495934462,0.7201739864961678,0.0,0.3316213356170157,0.12682744309448188,1.0,0,theonewithkatie please i need someone to go to it with me
1.9405162664750768,6.515856170782657,0.6090573329919653,5.479974632895784,0.4762229201789957,0.7858102268793082,0.8885211812806845,0.5605423708353761,0.5185787516533388,0.280352300708679,2.0,0.2885211812806845,0.4112548164314581,0.5635679854430803,2,i just can t take it i didn t even have serious trauma it wa my fault and still i can t get over it it s been three year i said i forgave him for forcing me to have sex so many time so many month so many thing i wa young i didn t know how sex should work i didn t even consider my voice mattered i m so sorry for my younger self i didn t help her and now everything is my fault i just will never be able to love someone again to have any sexual intimacy i miss who i wa romantic passionate innocent i m just star
1.17821581503448,4.610161759681293,0.7952381647263601,10.0,0.8065543537181415,0.9137378581059259,0.6966314129209263,0.7982500960798464,0.6332595637587931,0.32158531640825927,0.0,0.06336858707907367,0.7306282552192449,0.0,3,it bulle fika lokitaung utembee kwa mlima na ulale kwa laga depression itaisha
2.746253140680774,5.71553044620836,0.24227352302665567,1.099193432283021,0.22138730541491847,0.14710620724740733,0.7170980032158077,0.23071535908256366,0.14460989651110873,0.8017705700716613,2.0,0.35709800321580776,0.2354648961742476,0.7583164447742555,1,blagh class at tomorrow
3.455585870240924,6.905273891602876,0.3169878789096623,1.4273631991223419,0.3022891691508205,0.1406819624345804,0.24265946582164413,0.345969757568053,0.17409864547060003,0.7007284075519896,0.0,0.11734053417835585,0.08404812771418069,0.7840738573112719,1,just woke up tiresome time
1.9187561721747672,7.333712788362076,0.3636869565140437,4.880473787957931,0.4400503940255123,0.6175902519750401,0.7997523618124879,0.6062722002145762,0.6257192558158358,0.35197317094399716,1.0,0.1997523618124879,0.39847516530474686,0.5355222176023057,2,i m a 9 year old male currently in college doing engineering living with my parent i love my parent and they love me and you know the pandemic for the last year forced college to be online learning so i m at home studying with no job yes my parent pay for my education and everything i feel very depressed every day and i became this awful person that yell back at my parent and me sitting at home made me very lazy that if my mom tell me to do a chore then i become angry now is it that i don t have a job i fee
1.521484683588324,5.4353728928339855,0.9182813810695846,6.478890915055308,0.5768843076107586,0.7818422658094012,0.5611593099229378,0.7677185369301898,0.8934666331736587,0.3649143041611489,7.0,0.19884069007706218,0.6660696236795447,0.18958530639658233,3,no one will read this but there would be occasion i took benzodiazepine and alcohol together and had no memory for example mg ativan and a beer or beer and three ativan or beer and ativan i haven t done that in awhile issue is i am having extreme anxiety that i have ruined my brain chemical somehow like very bad and now i ve convinced myself i ve ruined my brain and i m going to be anxious forever
3.9813054376514048,7.569908423208318,0.07544216132635703,2.6409883119002617,0.05600267729471173,0.20092945943274748,0.2365825034632716,0.0,0.0,0.8195690873263628,0.0,0.1365825034632716,0.0,0.8806435432147743,0,davenavarro wa wondering where you d been you ve been so quiet these day miss the chatty dave
3.310531328434522,8.142154491487542,0.3870553480805308,1.9100520629809896,0.37947945911006076,0.23133956717644175,0.03494454254713014,0.4366373505596897,0.0,0.6626368307501813,0.0,0.32505545745286984,0.2730614656424969,0.8039045628052495,1,izzy artest miss you too it s been too long come back
3.183018295463575,7.298794707956846,0.3167204041718838,3.1709775046707382,0.17477672544310213,0.3008074437330798,0.4764412598402829,0.0,0.036539226751579904,0.663526494526446,0.0,0.11644125984028292,0.2317703695713821,0.5442028394634268,1,got ta repeat whole art folio cuz old one with a whole term work got wet
4.7701651522757755,6.107629708359953,0.1365855836342522,3.17218203302305,0.02243904454944294,0.0001234528558970993,0.18707039174817025,0.0,0.1461018058389169,1.0,0.0,0.08707039174817027,0.03247092526657824,0.9113557277574728,0,ahhh my webcam is messed up and won t turn on
3.029842322140648,7.810127687289953,0.2587951178116953,1.0,0.2003743151388928,0.4113947329977352,0.08484667633656123,0.4859017126206129,0.24375904835362208,0.7377870205790735,0.0,0.27515332366343875,0.41720108437082576,0.6490636190532342,1,theblondetheory between that and the italy earthquake it s been a very sad news day
5.0,5.99421944998377,0.07607663661459493,1.3815255745083523,0.07380222176883179,0.1175408069085298,0.3270499970012213,0.4727394802080055,0.3229349721057264,1.0,0.0,0.2270499970012213,0.03697396752765964,0.8524625697675436,0,nkdreamer did you see donnie s tweet stats almost 00 reply and no jrk
2.475699374310061,4.935312425354587,0.7201105272427926,6.572582998591351,0.8376888090421593,0.7435730182699913,1.0,0.8640414898035327,0.45042840164719794,0.4115962914375514,2.0,0.4,0.46493643535372775,0.26586530264273245,2,i can t decide i really want to but then again
1.8983144528386258,3.60120968903969,0.5055371819113633,1.5237689402862453,0.636130358261603,0.6683152484792534,0.9211189525290847,0.7128207640052497,0.5400325115281963,0.34641773666209474,3.0,0.32111895252908473,0.41103983222944657,0.44319530434840565,2,you ever see your depression dread and feel kinda racist
2.4932696714884828,6.775237785283037,0.25282796281604547,4.317622868634051,0.29255722666785866,0.37658173679632656,0.12471220715458894,0.14103252271770078,0.24955216860106558,0.7040294374280951,1.0,0.23528779284541104,0.532572414900491,0.8888614986099732,1,want to go out badly
4.588636288921098,8.991995344444867,0.21120042082830343,1.0,0.2716016353426457,0.11748309355177365,0.5306590218923152,0.11236273647200067,0.12049096093579129,1.0,0.0,0.4306590218923152,0.1175147640644155,0.865575145898801,0,theleaguesf not fun amp furious the new mantra for the bay breaker it wa getting rambunctious the city overreacted amp clamped down
3.1402676233573104,7.2619876814594155,0.3743989602167615,4.261598969978513,0.12094905594967595,0.20175099916969969,0.23821432603844306,0.43243687514852625,0.0,0.651785790355159,1.0,0.12178567396155693,0.10076053156062897,0.7430553454521948,1,falling asleep just heard about that tracy girl s body being found how sad my heart break for that family
4.185378434859315,6.501677765028255,0.13062803963532538,1.0,0.10571598214039793,0.16867308178083665,0.10598794643824885,0.3414261513762292,0.17511005626326118,0.9834690045169268,0.0,0.005987946438248876,0.0,0.913195228756816,0,la discoteca i just saw this im sorry
2.36563620483758,7.055635917506667,0.17007254597799942,2.764293743491669,0.0,0.16586010511809346,0.17313114842668462,0.10349569995852513,0.019847075062038103,0.7466531414868617,1.0,0.18686885157331537,0.3177270487243416,0.6739181782016912,1,i am in pain my back and side hurt not to mention cry is made of fail
3.0207448067688603,6.064422831981279,0.46230476440706525,7.240077117004186,0.6344742587439528,0.4240328442934167,0.5876422387377646,0.8048369000247969,0.44698183364313576,0.6792575469346229,7.0,0.012357761262235423,0.39717306676684255,0.49445701634728634,2,sometimes when my anxiety is bad i ll snap at people i always regret it immediately after and i hate that i do it doe anyone el here have this problem if so do you have any advice thanks
1.8124566214713718,7.125770081754089,0.41517177815908507,5.200740203066608,0.5111738058755411,0.5969339918485411,0.7092858982866811,0.6469257608528197,0.48961444729777426,0.38388869866434905,3.0,0.10928589828668112,0.5131585907605571,0.4649017008859827,2,in 0 0 my wife and i moved back to my small hometown due to price of living and being closer to family since then it ha been just the worst year of my life the pandemic started getting serious so we distanced ourselves from my family because everyone wa still going out and acting like we weren t in a plague we have small child one ha a very weak immune symptom we were basically ostracized and told how selfish we were to a point where i got very close to taking my own life thing got better but i m not a clos
4.231630662361238,6.254186715940431,0.10381962799697567,1.0,0.1409715307451782,0.1587051065935523,0.5996792183255825,0.20209701498193589,0.06722661546801664,0.8810751846640013,0.0,0.4996792183255825,0.2763971801041198,0.9290276539679386,0,i hate being awake going to school western civ presentation andn a really awesome lunch
4.8521454868063305,8.293639185905155,0.03669765450646745,1.0,0.0,0.09991633020466315,0.10379482624147801,0.3344238380600417,0.21052211102621346,0.7760214962887999,0.0,0.003794826241478033,0.0768920766332779,0.934522881129852,0,mckayla jb hey lol btw u know how to upload a picture i tried but it never show xo
4.211621946470289,7.080565168334191,0.0868474763519864,1.2193581601990702,0.22038878409313578,0.33919415053401614,0.34243917857626927,0.4072756946303037,0.1769284360840419,1.0,0.0,0.2424391785762693,0.09685074191558615,0.9777354553517725,0,dat some fast internet we ll probably be stuck with that 0 though http digg com d o kd
4.000857867313506,7.824811030295077,0.0,1.0,0.17145002311392935,0.019645308892449934,0.23968285643501527,0.11261633963487176,0.20015759832121494,0.8669443151420381,0.0,0.1396828564350153,0.0,0.8084755795572767,0,thecoolestout ehhh don t weather s gon na take a turn for the ugly tomorrow
4.023410088652303,5.254983986392078,0.37091775319200576,1.6711370904505374,0.07991662490322801,0.23445520339453674,0.5220672507013474,0.11008191441206927,0.1748211503398895,0.766759207855842,2.0,0.16206725070134742,0.350605728568366,0.7992074623013858,1,omg my mouth is in so much pain i just wan na sleep untill it time to take my brace off
2.1598808169419352,5.470955897255669,0.5406676844821083,3.525593079387157,0.3277265790409821,0.348605338343651,0.6581724292507687,0.698925637475391,0.48894135871588734,0.5089151012331717,1.0,0.05817242925076871,0.47866302818446255,0.3193053099473236,2,i want to go but i m afraid of what s there after idk religion i guess i feel pretty pathetic all the time but i m thinking like maybe in a few month sometime this year i just need clear answer on how and when the right time i guess soon i just need relief
4.805175420088026,6.147322796390055,0.0,1.0,0.0,0.07042021706547903,0.2530569492383145,0.0,0.14174775201240078,0.7369861904331303,0.0,0.15305694923831453,0.0,0.9594854992961734,0,stupid m amp m make my stomach hurt
1.1007782069960392,4.1228845667484375,0.8793763639921265,8.323817937118095,0.6412030196710027,0.7307433856975433,0.9218992612389473,1.0,0.8557116682526603,0.2764594656234359,10.0,0.16189926123894727,0.4538425171764356,0.30312306621455776,3,also i can t even look nobody in the eye because of it wtf do i do it s ruining the relationship i have with my family and parent it s just pissing me tf off i went to get a haircut today but walked tf out because i wa too anxious and my anxiety wa high so when i walked in i sat all the way in the back so my barber and other people wouldn t see me because of my dumbass anxiety but how else wa i gon na get a cut if he couldn t see me right so like i said i just walked tf out with my head down n cried when i 
4.176899348686,6.431635354620023,0.2791370724732828,1.871136469064656,0.13131034617638843,0.026652918013413227,0.42269865787290256,0.0,0.1113144775879642,0.7360325530227598,0.0,0.3226986578729026,0.17619585557123874,0.8798421455914464,0,jdarter oh haha dude i dont really look at em unless someone say hey i added you sorry i m so terrible at that i need a pop up
1.2937832473630333,5.440251584347452,0.7022004939746505,6.587896623433857,0.9590923156497319,0.900225763715408,0.5217964899961632,0.9493778924218637,0.9338912810686881,0.3113603990196483,4.0,0.23820351000383677,0.6705014854167404,0.013580012093866445,3,i f have a lot of personal challenge including depression anxiety ptsd and idiopathic hypersomnia always tired no solution i have been dating my boyfriend m for almost year now and even though he ha no personal experience with mental illness he doe his best to be understanding and helpful when i m falling apart however lately i ve been feeling very insecure in our relationship because i feel like i don t do even half a much for him a he doe for me he doe a majority of the cooking cleaning and laundry especi
4.5655026588235,6.684499277619427,0.007867320718179013,1.0,0.22071776442112498,0.1299226055946424,0.28706847378127714,0.4505828824445227,0.04153899324885847,0.9332641525082184,0.0,0.18706847378127717,0.12346381932813486,0.8812191309743029,0,tiahn good coz you don t have to be there bad coz you don t get paid
1.2274822233703389,4.465323384855599,0.8456497987082536,10.0,0.7038306763201168,0.648468025274467,0.9764519473957666,0.992086499818799,0.7452602228033447,0.18931002909559838,3.0,0.21645194739576656,0.5506019829025495,0.10088689614089258,3,i ve been feeling anxious and stressed out lately which usually cause me to have chest and pain in the middle of my back now i looked up my symptom on google i know i know big mistake and apparently my symptom mostly align with a condition called stable angina this condition can lead to unstable angina which can be fatal i ve gotten at least ekg done in the past month or so and they have all been normal but i m still scared that maybe my body just can t handle stress and is slowly shutting down i don t know
2.202881714507892,4.468001693284867,0.5879944953402305,4.925362945203655,0.4537116178944182,0.3824870098761031,0.8822569430902631,0.7456179291061514,0.36454062767822826,0.4923206117496036,3.0,0.28225694309026317,0.5450050762043678,0.3935475185568214,2,weird feeling hi all i m on my th day is buspirone and i m doing really well though when i go to bed it s tough to sleep with this medicine when i fall asleep i m okay but trying too it make me feel like i jolt internally or like when you go over a hill or a rollercoaster and your belly drop and it doe it a lot until i fall asleep i don t know how else to explain it and my doctor this morning didn t seem to concerned i hope it stop soon wondering if anyone can relate
1.0,2.9606801324457583,0.9284292147620792,7.269228139535216,0.8702809040463393,0.6845185674942997,0.748118128462414,0.8936426214773838,0.9539915169262477,0.22291089855384186,2.0,0.01188187153758602,0.5732438917620807,0.11358053995079091,3,i just cant stop thinking about my ex i loved her now that she doesnt want me in her life at all anymore i dont know how to cope and what to do im helpess i really dont see a future for myself
1.5837867323385852,3.9068535199581476,0.6128028392365513,10.0,0.6676213141706574,0.9027989569248541,1.0,0.7467882983221346,0.8515842162911291,0.039075639377428695,4.0,0.24,0.6690503246551823,0.29944978791108956,3,hey everyone im currently taking wellbutrin and buspirone buspar for depression and anxiety they re both atypical med because i am afraid of the side effect of ssri like loss of libido just so happens that both the med im on currently are supposed to help with libido counteract negative sexual side effect of ssri the thing is i do have a high libido but my anxiety is off the chart and im still pretty depressed psychiatrist want to put me on lexapro along with sticking with my current med i know it would ver
2.9836276956680616,6.13732657207564,0.19007578784563467,2.317007302360552,0.18374767158670127,0.2682607626644114,0.22353481243186213,0.226288690920101,0.032210042539967024,0.7317219474272171,0.0,0.13646518756813786,0.3299418539446838,0.8069704767840952,1,looking at it i seem to be getting a completely different config finding shared hosting hard not having control
1.199551797783186,5.203226579779448,0.4356962533704666,8.142526907038244,0.5943120103258301,0.5147063144550222,0.7648273171920075,0.43307994056267235,0.6463167403753526,0.48871409570551955,5.0,0.1648273171920075,0.4378680993914236,0.44825558444313596,2,depression nap gt gt gt
4.430497569807799,6.251577467232213,0.0,4.4413356184569075,0.255635225199282,0.1034075719943637,0.3126312664603289,0.0,0.1618750767974686,0.8443192878435741,0.0,0.21263126646032893,0.0934095611418705,0.8232904152595273,0,susanstn opps still unable to dm you at the moment maybe twitter bug after the maintenance
3.6653285606947614,5.9078240621085545,0.05863535318561321,1.1850179639107024,0.1780003497892378,0.23195043958984654,0.33623080708298975,0.060586776814783694,0.12545214226222842,0.7911809956426419,0.0,0.23623080708298977,0.005073591370114261,0.853787092137589,0,getsmart u watching loser i wan na cry for sean
1.4576924495852481,7.053990471208081,0.6320435679620996,3.872811782141351,0.45880311176221666,0.6440612810303648,0.9353512270269198,0.683685366374383,0.5221658679022885,0.5379323171099609,1.0,0.3353512270269198,0.44631071416287205,0.500418026779625,2,i just can t seem to relax throughout the day every time i think about sitting down and reading watching a tv show meditating putting a face mask on etc i ve got 000 thing on my mind random stuff anxious thought thing i have to get done etcetc so i never get to truly relax i panic just thinking about reading cause it ll be calm and there s nothing to distract me from my thought until i m able to focus on the book which can take a while the only time i m able to actively relax is when i m tired after i ve wo
1.4918639411207257,4.131093839219432,0.7159973300178873,10.0,0.8344312197037994,0.8987213508627679,0.6123751240728382,0.7037154635824324,0.9712030629753505,0.23618180158981805,4.0,0.14762487592716178,0.6981584874278808,0.40276622377870286,3,no matter what i do and how much i try i feel like noone will ever really care but thats fine i dont want to be alive anymore anyways i keep saying im doing better but im not im sorry i just dont want anyone to worry i just want to be normal i never asked for any of this i never fucking asked to be born into a shithole family i never asked for a potential personality disorder i never fucking asked to be alive this long ive tried so many time ive done so much stupid shit im just ruining my life and ruining e
3.9050560407264236,6.465142120696827,0.16830785590640623,1.9961343636022526,0.5013213891543056,0.37571323281971303,0.27167792074044345,0.20612478964632308,0.31780078109603604,0.759499339175658,0.0,0.08832207925955654,0.35032859869908883,0.7056659226995489,1,jonathanrknight good knight hun looking forward to ur tweet again hate that i keep missing out on the fun cuz of the time difference
2.1317493595330355,5.298573202198418,0.6723818911990043,6.555791484809011,0.5439107787232688,0.48201633769458085,0.595108844018355,0.8189443008733607,0.5741196835575753,0.4635047751888964,1.0,0.004891155981645023,0.5484265222109549,0.35383875158011463,2,it wa in hope someone would come over she ghosted 0 minute after telling me she wa on her way to hang out it s been maybe hour i wa going to shrug it off but it only added to my low mood the last couple day i don t even know why i keep my hope up anymore
4.314585244038752,6.499178577651428,0.0,1.3046306655086544,0.0,0.18886211267453934,0.14012965096392357,0.16627184670188197,0.1098213661873337,1.0,0.0,0.0401296509639236,0.02392404071931361,0.8293374244241792,0,still up trying to finish a mix
2.145710347880812,6.410564282876132,0.48245805149529997,3.4788446278599388,0.38196516394859836,0.5914599359317394,0.6807740840476868,0.8626728266415884,0.628388879472097,0.3358488776782267,3.0,0.08077408404768682,0.41264664826860437,0.3133349384800791,2,i have been on prozac wellbutrin for a few month and other depression medication for over a year now i wa told from the beginning i need to go to therapy but wa just too exhausted to pick up the phone and try to find one i ve slowly started getting my energy and motivation back and gave my first session scheduled this month i want to hear other people s experience did you start with medication or therapy first i have heard people say start with therapy but in my case i would have never even made an appointm
4.721447661239856,8.145211917806694,0.3452133042663314,1.0,0.11381564925071029,0.06280138587407505,0.5509142354934987,0.0,0.3068725294301947,0.8412167275615162,0.0,0.45091423549349874,0.20299843617842747,0.9979380189811284,0,wondering where the sunshine went
3.1112502267934543,7.485876894477918,0.3734341617114745,1.0,0.3604697728598677,0.28788047918088167,0.33229835795651663,0.00145005186505065,0.1741545266796464,0.642253053725449,2.0,0.027701642043483354,0.11255768691433027,0.6363365112010547,1,pmarnandus re daily gossip well the twitter gossip are mostly from e online which i can not access
5.0,7.63092146953333,0.08653853386735129,1.0,0.13692367654339285,0.0,0.0,0.18647685622599974,0.16768038857652973,0.998462020990461,0.0,0.09999999999999998,0.13510129929419332,0.9790182482463261,0,shresthayash ouch i can just imagine a toothpic in the eye or something
2.5911591204366866,5.377304577651102,0.46005733906563506,6.298972788160002,0.3437285450239984,0.5626098273681386,0.5410908184736818,0.6411340517919515,0.658147775279165,0.4708908813645294,5.0,0.05890918152631819,0.5065492760600698,0.3578450696327092,2,hello i m having some trouble understanding my life rn i had a event that i would consider traumatic last year and i don t feel like i haven t been the same since i developed dissociation and depersonalization for a month i had trouble feeling like i and everything around me wa real i have self diagnosed depression and even then i could talk to my friend and have deep relationship with people now i don t feel talking to anyone and i have a hard time reaching out to my friend i have trouble concentrating and
1.0,3.9808331245357844,0.5819489865533172,8.98047413706788,0.6313925654661785,0.8130241875021051,0.7163304106877775,0.8931885211157068,0.796990855640193,0.3318323244292497,3.0,0.043669589312222534,0.6716348818962139,0.42505951490105987,3,m i have been dealing with depression anxiety panic attack for 0 year and also have adhd i kind of suck at everything i am failing my rd university almost have no social life have no girlfriend for year no job no goal and no achievement i have been trying to get my life together for year i quit alcohol and cannabis completely i am working out regularly forcing myself to socialize and learn new skill and trying to date failing miserably i am only successful at quitting drug which i can relapse anytime i suff
4.124029781735613,7.43453031769043,0.1105850671327068,1.0,0.11604943000842755,0.06407063094382136,0.0655481045274976,0.08192191562500742,0.003976645387488972,1.0,0.0,0.03445189547250238,0.0,0.9870697078034334,0,boycotting work on facebook s fashion war
1.8110363254785167,4.736156172611683,0.5404437002265706,4.887558949295025,0.6654815931107936,0.638164986052182,0.792362973304858,0.7436630011003996,0.3943976407438342,0.3971643395929044,4.0,0.19236297330485808,0.5460826430564963,0.39124577202021116,2,i get so nervous every time my spouse leaf me he is in the military which happens often and it just spiral me i am so scared of losing him and it make no sense but i feel like we are safer together what can i do to assure myself nothing will happen and if i am just over obsessing over this for no reason
2.4867887896906766,3.440979324078184,0.8837682436985712,5.488483668437136,0.7565959366251991,0.6793770318660721,0.9123450186454193,0.91798394475072,0.9441540254303101,0.27560398486158044,4.0,0.15234501864541927,0.7140977334390465,0.18564497996247972,3,now i don t want this to turn into either a political debate or an echo chamber of fear but doe anyone else find it really hard to think about the future between covid climate change the far right and war i ve been feeling increasingly doomed since 0 and it s made it very difficult to live my life what is the point of setting goal or doing anything but spending time with your loved one when it seems like there might not be a tomorrow
1.586932821876974,6.166102431940278,0.576922559894835,8.980956280778551,0.5034871015857673,0.5869604150613583,0.9048966184917111,0.5951792904544593,0.5260791317236859,0.4129889033458559,0.0,0.3048966184917111,0.5110962175645626,0.34924827306117007,2,my depression ha been at it worst this year after suffering some significant loss i m going to college in the fall and i want to look forward to it but i cant i chose a state school so i wouldnt have debt and figured i d find a way to pay for it easily all my plan fell through and i only have a couple thousand in scholarship nowhere near enough to cover it i missed so many deadline and screwed up so much because i have no one to help me in my life no reliable adult or friend one of my best friend wa awarded
5.0,8.28651862849916,0.0,1.0,0.0,0.08676987020061971,0.3494076484370495,0.06343650236942344,0.1393781230236279,1.0,0.0,0.24940764843704955,0.0,0.898720448912396,0,citizensheep
1.6912344473528915,7.0754234702598655,0.7926752874055769,5.9715668698175435,0.8551026715948706,0.7082213125221498,0.9211192851957448,0.5749978996790571,0.7656768104779934,0.11509064927776286,5.0,0.1611192851957448,0.7529315025301848,0.3047296047838855,3,nobody will probably see this anyways nobody saw my last one i just wanted to vent my current thought so i can at least alleviate some form of pain that s going on internally at the moment ever since my ex left i ve had nobody to talk to i have no bond with anyone no friend or anything all i fricken do now is lay in bed all day go to work when it s time come back and go to sleep i don t live anymore then again what is living anyways if you have nobody to experience it with i just live a lonely existence and
4.666162080109849,7.922161236962165,0.15777467749370294,1.0,0.038152366265366985,0.22098883417555593,0.3007800984459575,0.43514036762510133,0.18506725353367273,1.0,0.0,0.2007800984459575,0.08277612644224416,1.0,0,i wa woken up by my mom now i cant get to sleep
4.656598299377665,6.485076114322047,0.053386663305958953,1.0746307500974412,0.0,0.09734881163183905,0.26773062544408,0.3826357674369073,0.1863587288899657,0.9017287200938247,0.0,0.16773062544408002,0.06874563116715117,0.9329086718992238,0,doing my tax not in the best mood because of this
1.1863561179956164,6.443294329087086,0.5448945582911834,5.710624796491424,0.90660529443194,0.6887262459124862,0.9647460113193385,0.6331270273400496,0.6425087806818927,0.5410164045750344,2.0,0.3647460113193385,0.2659855376798669,0.36737637906838305,2,depression amp anxiety changed me 0 tried to take my own life 0 9 with therapy and time i turned it all around passing my trade test stabilizing myself becoming a dad and supporting my family now so clear that i don t take shit from anyone and they all hate me for it
3.746273724654737,7.47401506454772,0.027792696373024964,1.9773947111917654,0.0,0.0,0.08038945376985882,0.4278420364318157,0.07525170279117505,0.9424100789600399,0.0,0.019610546230141163,0.23105389077225538,0.9723353141256833,0,blooming great change of weather now i have a cold just my luck don t seem to be having much luck lately life suck at the mo
1.0,3.7127306061121113,0.8110670824088559,10.0,0.8897924501883615,0.9591943204598576,0.6753531210220476,0.7032742723981114,0.7787852047634513,0.09711715712717495,4.0,0.08464687897795242,0.6551801304174899,0.020459318326098874,3,perruchee peteblacklab her dog had a phantom pregnancy and after her depression my auntie decided to breed her and only sell puppy to people she knew so the mumma dog will still see them http t co jvhtisc sf
3.000185797873848,5.010778036415649,0.11958638951666001,2.6671131680957076,0.40603436975913626,0.2693380141997821,0.5229200773508949,0.0,0.042661640833064965,0.625778957689576,1.0,0.16292007735089487,0.34079106452339947,0.5527466409043971,1,yayitsfoogie aww well i thought it wa a fun website anyway don t be lonely
3.097949187393088,7.6400629638456055,0.22161731605482618,2.0553985836552155,0.4083404387682654,0.3034440177150616,0.20612922161388997,0.3995136099181357,0.07827162167146905,0.718350473503665,1.0,0.15387077838611002,0.3195807886165157,0.7057338314360472,1,miss rach already
4.705121444096185,8.038938685523005,0.08114811243863565,1.0,0.2674950374870496,0.0,0.41941687720594256,0.3654026589867008,0.33852932109539147,0.9124176908462184,0.0,0.3194168772059426,0.1821986922169927,0.9125247569397551,0,sitting in work
4.353768671041334,7.805699874758802,0.047486766600630836,1.0964114093888608,0.0,0.19053767985000547,0.5152688644233905,0.21816647003637604,0.0,0.9929005451280788,0.0,0.4152688644233905,0.15429269662711076,1.0,0,need cuddling now
4.215926553987708,6.602416109631619,0.27072789503370387,1.8475368125074354,0.16835050326984427,0.13958687443663154,0.3353475969519755,0.2574062727858197,0.0,0.8676588876723076,0.0,0.23534759695197555,0.018097203992433482,1.0,0,it s going to be a long year for a s fan
5.0,8.50654659515492,0.09083782132815846,1.0,0.19531742068800567,0.0,0.5041965978698006,0.20517577119686503,0.10892797772550916,0.9613012270201139,0.0,0.40419659786980067,0.0,1.0,0,i m up way to late to be working for a client 0 am fb
1.0,4.902814462622633,0.8771697150569059,8.986254671777143,0.7989732011370241,0.8423371943762018,0.653579731386063,0.6479759739915464,0.7119281339618301,0.047599397582297975,5.0,0.10642026861393705,0.5600013159692381,0.24781318770863503,3,it s something i feel multiple time a day i get even more anxious when i don t get reply or when someone leaf and drive some place else i always have to check my parent cctv camera they gave me access to it i can t help but think something bad might happen i ve been like this since i wa a child my first memory of this fear wa when i wa around or year old and my grandparent drove to a place i considered far i wa so worried i had to ask my mom if they ll be safe do you experience the same thing how s it like 
2.4366871139067308,7.132982036189093,0.431354229505527,6.009907151330751,0.4175055979736747,0.7270242707921276,1.0,0.6166477518244307,0.42915790358236205,0.4135209095095073,2.0,0.4,0.3841182900047781,0.5171073825347589,2,i went to the psychiatrist and he recommended drop of clonazepam mg every day before i go to college the place my anxiety is the worst im really afraid because i never took any medicine any advice
5.0,6.07967302545721,0.12476040728404957,2.2007800049821435,0.0,0.1102385434656949,0.42299290579704174,0.2516154665152755,0.0,1.0,0.0,0.32299290579704176,0.0954047503558942,0.9215596524861075,0,aaaaaaaaaah still cold outside at least it s sunny for now that is
1.6373235423775037,4.814887298131447,0.7852801773777041,8.178851891721452,0.6636664303444791,1.0,1.0,0.7490087472584115,0.8207771325820664,0.18377453353869744,9.0,0.24,0.5895814294357767,0.44563870161427976,3,when the depression start feeling like ruining all your friendship
1.9443965628485618,4.700902449941625,0.5114418553105352,4.42750707500075,0.6597404418852169,0.4555354148951483,0.5349922241282332,0.7312518683197066,0.37046605134599153,0.412701135386052,3.0,0.06500777587176676,0.3562229368134391,0.3405862621395794,2,i m a year old guy and i ve been struggling with this problem for quite some time year every time my girlfriend who i trust more than anyone in this world go to a party without me and she get high or drunk i have strong anxiety attack just thinking about it is making me shaking in fear and i can t understand why i like to get drunk and high too i find it funny to spend a night messing around i don t think it s that bad or that make you a bad person but when my emotion my inner fear kick in i completely lose
2.8629554078006216,5.233946021972313,0.4482338972226645,5.911879451549658,0.6718887609042173,0.3691215952561899,0.6493897480476206,0.6681982294711666,0.5073275853630635,0.5595891024805969,1.0,0.04938974804762064,0.35537880602974825,0.490139421939695,2,i am a freshman in high school young i get it but still have felt like shit for year this night wa terrible worse then the others and i don t even know why i decided that i wa gon na end it all i went to the cabinet and grabbed 0 pill and swallowed them all knowing what the outcome should have been i went to bed right away in hope that i wouldn t have to feel the pain but then something weird happened i heard my alarm clock go off in the morning meaning i wa still alive how i don t know but i should have be
1.249574849731979,5.939412745269426,0.49858157755342525,6.438130327129491,0.6345634915100847,0.4963516183719062,0.9362010932959629,0.7174975531720748,0.6222509410423835,0.29180567203847824,2.0,0.3362010932959629,0.3949802535765933,0.5384670764831444,2,being border restricted victim day by day we getting engulfed in frustration depression suicidal attempt and much more that we can t express in word depression fmwangyisaveindianstudents takeusbacktochina 00
2.7243038435202536,4.340340917927487,0.5704493546352393,5.59914037563585,0.5464862461948343,0.4464572289234072,0.6634789716922862,0.836609267990579,0.3579459735719204,0.3771392227532847,6.0,0.06347897169228622,0.5301123062180302,0.5358004227039149,2,hello i have this issue that s been happening more and more frequently a of late starting off back in the office i wa extremely anxious but i found that when i got there i usually always got excited and talkative for about an hour after which i start crashing it feel a like i start sinking into emptiness i get self conscious my selfless esteem crumbles and i start feeling depressed this happens regularly and follows me back home i don t know what to do or how i can mitigate this any advice would be greatly 
1.7967974348592626,6.5094892136807685,0.5755881390407788,5.628530409922482,0.44640527637340294,0.4028396840778306,0.9188491569686184,0.7191806904905076,0.40762984323718426,0.4974082592130692,2.0,0.3188491569686184,0.4237223429499753,0.4456378830661688,2,i had one not to long ago im kinda feeling down rn but it all good these thing just make me stronger
2.9790809249275156,7.909101311969465,0.26761912150331835,1.0,0.3217781991922426,0.22684267993189908,0.4447180621642638,0.25463120309674125,0.10447962776951174,0.6446153381729164,0.0,0.08471806216426381,0.2583764054459116,0.8683166951704209,1,finally fellow ninja logging into the forum if you ve done so recently can you redo again a it woz a bit broken before
3.659952009351663,5.698006785235804,0.44154461842050147,2.8230675177616398,0.28278392508420547,0.1472810421532644,0.47314039665625457,0.4921429619513048,0.2155522570418668,0.7799752488887671,2.0,0.11314039665625458,0.3274774677175737,0.5140128224577735,1,i don t want to walk home in this snow who want to pick me up
1.250005357816199,3.420625030133154,0.9581389686231819,8.878096187207785,0.8292776753763298,0.7733068920060402,0.6521996490606131,0.8163545062135756,0.6720211180631797,0.1642510974091127,7.0,0.10780035093938689,0.7785825477504834,0.33238028237372474,3,so a couple month ago i finally had the courage to tell my girlfriend i wa cutting myself we ve since broken up but that doesn t matter too much she expressed her sympathy but then abruptly got up to go to the bathroom i wa concerned but she told me not to follow because this wa at school and i wouldn t be allowed so i trusted that her bladder just had terrible timing so i waited after a couple minute go by i start to get worried and that s when the teacher tell me that she found her cry in the bathroom and
1.8546375606763499,4.8286417921420615,0.5910466490233977,3.5597484622166853,0.6154336954076617,0.4906934477632107,0.759191327408137,0.6859655320875353,0.6317333155796613,0.4326835712913125,4.0,0.15919132740813702,0.5005345592460522,0.3668281158605743,2,good morning i have crippling depression http t co wpedw lez
2.4652560341372984,5.162974372436675,0.7018983624266986,5.659504821757683,0.5442937941259162,0.7574912721633519,0.6477739337141705,0.8508974099995326,0.48963511798290216,0.457509409799642,0.0,0.04777393371417049,0.5599650296105159,0.36798303082705813,2,i m done with life i can t cope year wa enough anyway will 00mg of amitriptyline 00mg of lyrica and 00mg of tramadol kill me if you re reading this i hope you re doing well
2.8104742909977607,7.123128730937079,0.3267867152016849,2.8326278317280074,0.5118778130225057,0.21096421600152032,0.05894868022560912,0.018182264367928108,0.1535715821626406,0.7403196474846436,1.0,0.30105131977439087,0.16765883731906575,0.6799119418336735,1,snow in april this suck
2.685403126622373,5.652444565105824,0.26727287582332215,3.427606537751091,0.07770566178130522,0.2776500190942165,0.2952846256093161,0.005289137157320767,0.0048842335617761135,0.7162478010568436,1.0,0.06471537439068387,0.28462706022281004,0.5654839426533138,1,kaitlinmonroe aw that sound so fun i m so bummed that i missed it did you get to meet anyone
5.0,8.009451934901886,0.24147217073997154,2.7033830477210197,0.0,0.2219972412076186,0.3831245744184751,0.32604595486031196,0.07001669297122672,0.9038800911982455,0.0,0.2831245744184751,0.0,0.8195703377802198,0,is stressing out because my blackberry keep flashing a red alert status for no reason it faking me out and i hate it
1.9559213278764005,5.132497325741362,0.7883471353576279,7.477865035131033,0.38216455228274854,0.5451152840135199,0.7795871762075721,0.5832684668853385,0.605494694806649,0.24587810883452332,2.0,0.17958717620757214,0.385341833122257,0.24864581311764686,2,what brand have worked for you guy and what brand should i avoid and what s your preferred method to take it gummy vape something different how ha it helped with your anxiety
3.2795099822965073,6.408738314249719,0.3013232963703221,4.506407564759856,0.22745907349655323,0.23555436484771147,0.400409489312194,0.2092003595208933,0.16344207022924556,0.6241435174672473,1.0,0.040409489312194014,0.2110570309191817,0.6344827735759608,1,morning all gave the cat his tablet this morning what a mission that is he know what we re up to now and prepares for battle
1.313372340813804,5.419822360186013,0.6393380514135301,1.713608630020138,0.45650113156361205,0.5110968635097263,0.5062194461412921,0.6660980174257249,0.5313076453801784,0.5071209375970486,1.0,0.09378055385870787,0.4239322834037104,0.37540895561677845,2,i used to joke that he doesn t remember what my name is but it s not funny anymore it actually kind of hurt we ve been together for year and he never call me by my name or even a pet name ever if he need me to come he doesn t shout from the other room babe jill love etc please come here he come to me and just say i need you to come for a sec i ve expressed my hurt several time he just say he feel way too awkward using name on people directly and us an excuse that his parent never use their name between them
1.877191071358701,6.870658528479994,0.6991661830357955,7.947380034145285,0.8742698428316764,0.500706313930914,0.7768836169485616,1.0,0.5485268540562189,0.4264708075670849,5.0,0.17688361694856158,0.2728136296037218,0.39429823268677283,2,today all good is dead i feel a little funny
1.5339777918961508,5.321830994102322,0.6731190619871366,6.177774520341045,0.500314714596303,0.4619048147224717,0.7156035776265881,0.7645731474442548,0.47400087732556045,0.45854079726104496,2.0,0.11560357762658813,0.47260623931885204,0.5089853059749845,2,my whole life i ve dealt with the trifecta of depression anxiety and ocd i wa always functional with all disorder clocking in at maybe a 0 depression always felt like more of a chemical thing it wa never situationally based anxiety amp ocd were usually health related hypochondria i guess anyways i never knew episode existed i always just hovered at the same baseline then in 0 i had a severe panic attack after smoking some potent weed it really shook me and it sent me into what i guess would be my first epis
3.655208705773931,7.542975765794298,0.3604111897087477,3.1141666082332518,0.36773857831454326,0.25179875867097906,0.215169057055991,0.3580787576300824,0.10609032649571143,0.6914185001887732,1.0,0.144830942944009,0.11861165410166696,0.5641579868215755,1,at work and tired doing report fun no not really
3.083025965450985,6.986534212015243,0.3720970471231531,4.157353223161619,0.4898336912754099,0.25042631905468316,0.05565458163344533,0.09740597738147652,0.2912082635394394,0.7712945340061834,0.0,0.30434541836655465,0.2829384656173181,0.6998278363578798,1,tried to download tweetdeck but it wont download
1.1539649554999953,5.088148525805751,1.0,10.0,0.7238018032407081,0.6453674382550842,0.80057359165382,0.5012404119908296,0.7447606255787771,0.28562435156995997,4.0,0.04057359165382002,0.7292622846878123,0.12540013999436223,3,theekween depression
1.5710942647697752,4.556240741337546,0.7646281415032361,9.933844334786297,1.0,0.6422951348721193,0.7426246850600537,0.38766261502566784,0.9501934412308397,0.4047978032847675,7.0,0.017375314939946263,0.7273165897126328,0.1923591415052938,3,i have a serious question are anxitey med worth it i have paralysing anxitey sometimes i ll get better then i ll get worse it s pretty rough the people i ve asked half say it s not worth it it can make you worse and others say they are good i m so confuseeeeed
1.1330769692758313,3.9261638425091676,0.861467723680986,7.809603524883584,0.7398723534722176,0.6797649882397241,0.8418041291702787,0.6225345665257421,0.8750878553068555,0.2705647575960407,7.0,0.08180412917027868,0.7066587109846795,0.04109524570646261,3,i ve struggled with suicidal tendency and thought since i wa i m now the thought and action have only worsened with age i can t stop thinking about how the world would be so much better off without me my friend my family my work my partner in every aspect i m contributing nothing and burdening everyone i want so badly to achieve more amp stop being such a burden on everyone but lately it s been seeming damn near impossible to achieve anything worth a damn because i also have an open case against me amp wont
3.1454784643276468,6.131531650332281,0.1546096303228664,2.8216381094399114,0.47659905813889925,0.42021957425165124,0.7619322878111261,0.09604262636793395,0.25146711468444694,0.7689842964635915,0.0,0.4019322878111261,0.3785600800390131,0.6457377652924601,1,gosh it is raining in summer cause of the global warming
1.7212692555829952,4.446812381678619,0.6031644394984232,8.57180542591939,0.9348151049965512,0.6544865517386208,0.9216655430228679,0.5299531974351631,0.7676217376718669,0.1221171750520897,4.0,0.16166554302286784,0.47715566653045605,0.2950476626522334,3,i don t think i m being irrational i know that nobody will ever want to be with me romantically im getting more depressed by the day and i already notice my few friend distancing themselves i can t blame them i m sure i m not fun to be around there s very few people with whom i feel like i can share how i m really feeling but doing so just push them away i need my life to be different not to be stuck in this worthless body i need optimism but there s none left in me i don t think i ll ever be able to kill m
1.9613849245143253,5.836927128615521,0.5640447031731092,6.013511208454808,0.5464718796364882,0.3396283682288993,1.0,0.5543082487554754,0.41290106900348544,0.39299596642551166,4.0,0.4,0.2988663528609755,0.6791314632752158,2,i always feel like i dont matter
1.941456790415972,5.692217205483284,0.5204215942443384,1.4330763359303598,0.5359029898631641,0.6801929581859844,0.7505166943329684,0.6377505522132327,0.5546757586903298,0.4941850321943349,2.0,0.15051669433296844,0.4441431132781834,0.4223614295036075,2,paperbag alcohol also work well on well being and depression i hear oh wait we weren t doing that
3.7700107827310694,5.375018355440858,0.3168438130639396,5.7167169293278945,0.2610820555186829,0.09295831806085073,0.3525405551687189,0.2915266052491639,0.018467457612878976,0.7585920115932063,0.0,0.007459444831281081,0.2056263157486853,0.6902779808031793,1,wow the shout box ha kicked me out and i can t get back in i guess this mean good night
1.4281564292045632,5.586422027538391,0.46725085320703114,4.6365459956212804,0.687316582231758,0.6908654622127899,0.6675407846051546,0.7526775404587212,0.38240808218659944,0.4219500578372545,1.0,0.06754078460515467,0.3884997098809389,0.2762065529273274,2,slept for about two hour woke up with my mind racing again couldn t eat dinner due to stomach pain from anxiety just want to quit work and start somewhere new again but it s not possible and will probably end up with the same issue i just wish i could restart everyday and fix every mistake of what i say and do can t keep living this way but i don t see how i can change the cycle i feel like i bring everyone around me down why am i like this i just want to turn my brain off
1.405414983458141,3.3229872133703147,0.7058791536482949,9.733530857429745,0.7202644135614706,0.9063048185365995,0.7095461676706039,0.41367783953450066,0.883060273007925,0.2390671215535436,2.0,0.05045383232939615,0.7376895943052665,0.24799227880742605,3,i married my fianc from another nationality and moved to his country south korea i ve been here for almost three month and thing have been rough my husband work all day at least 0 hour a day and when he ha free time all we do is fight he s even violent sometimes i am an online teacher and he keep my money he doesn t allow me to get a real job until i learn korean but i am struggling with it i spent all my saving to move in here so literally i have no money we live with his parent and they are nice but at th
1.7406191477958757,3.5932346688213608,0.84844510982188,5.658656293420526,0.7978645142532669,0.8169104962322103,1.0,0.4962170531372751,0.8749525367627238,0.1276116776165197,6.0,0.24,0.7210887398043937,0.26739841400088804,3,hide depression
4.608371683650213,8.184729572208441,0.14759487920143713,3.0266051906298643,0.0,0.017433092851244614,0.37104626700994287,0.19891193332895835,0.15276919757541335,0.8693185466372918,0.0,0.2710462670099429,0.0,0.8284634485559654,0,is tired of flowchart ken
1.9943538518250294,4.361908938640054,0.5010785619007543,6.465297468275493,0.495463416540163,0.5639889891766726,0.8223404225588149,0.7215975667726713,0.3183670130662192,0.49645750154758206,2.0,0.22234042255881492,0.36859153235932757,0.579209276733917,2,hi i m just wondering if anyone is having the same issue and tip to cope i ve been in night club twice over the past couple of month both after i ve had a few drink with friend on both occasion i ve had to leave early because i get anxious about the number of people around resulting in a panic attack i never used to be like this before covid and i m generally ok in crowd sober anyone got any tip to cope
4.35968563515182,7.994165061451427,0.0,1.0,0.0,0.2051104572009712,0.39401584669187667,0.0,0.025499839856613735,0.9088827661535194,0.0,0.2940158466918767,0.08032374415102435,0.8705814240623633,0,it is really cold
2.425966967691334,3.7263014211518843,0.4439176099560328,6.88598277211136,0.44004352331181734,0.664725706625783,0.6285544632285502,0.946882086466244,0.2340414551422832,0.44534715762564187,3.0,0.028554463228550264,0.474426206518652,0.5201288865569234,2,hey i posted a question here a while ago but no one answered i don t know if maybe my question got private it or something i don t think it broke any rule it s just that i m afraid death will leave you conciouss until you decompose or get cremated or that you ll suffocate due to not breathing do we know that being dead mean you re definitely unconscious
1.6436366513426761,4.936267223326046,0.8161162796048076,6.355402333483058,0.897604352506958,0.8393471351639867,0.9109254394024814,0.5481522946330238,0.7936894491147621,0.11384531265327578,1.0,0.15092543940248138,0.657437754503817,0.24298684122623387,3,you can be rich asf and still suffer from depression
1.5587832885610409,4.194651784860419,0.909254757167801,8.375038881137556,0.6533152320430847,0.9822699590759367,0.6802682712255861,0.7591517180900389,0.8194657653215505,0.25574564689828605,2.0,0.07973172877441392,0.7276778793867023,0.21433743861648077,3,i have no one i m alone that s why abuser target me no one care about me if i had someone that wouldn t happen
1.3173505403426171,6.016237226399258,0.6334638140546491,6.28376141746928,0.8861840804691208,0.6710398318846347,0.8013170547262828,0.6827832142890476,0.8423009192012496,0.07189650605525755,5.0,0.041317054726282776,0.6600817459956202,0.11574908143350476,3,it happens a lot when i dissociate at least i have been all day and everything seems like it s moving at the speed of light my whole body feel dizzy and shaky too because i slept hour the main cause of me dissociating today and sometimes it ll randomly feel like everything is going super slow and it feel like i m like stuck in quick sand or something trying to move forward and do stuff but something keep pulling me back
1.2559680009398413,6.996396390376379,0.634064019100098,5.983627899088034,0.5309308351878789,0.5495336858744786,0.8044283868394484,0.6185208427492281,0.5872231352644823,0.3192283116610544,3.0,0.20442838683944842,0.506930081120406,0.3597895618404879,2,i ve come to the conclusion that i m always going to have to face racism and sexism constantly and that s an awful realisation it honestly make me want to die because why should i live in a world that s full of people who want to hurt me when i don t deserve it i have to work in order to live and unless i suddenly become wealthy and never have to take shit from racist manager then i m done my family life is awful i wa sa d by my sister boyfriend two summer ago and my family s response wa abysmal i went stra
4.8147428444238844,7.047282138068686,0.13756426111217618,2.814955785453149,0.0,0.12412045840547278,0.18577645312837748,0.2353475648717079,0.03259583817704313,0.9192237468228666,0.0,0.0857764531283775,0.07640252727138838,0.8533184926528811,0,freddiesdouble glad i m not at work but fed up of being in pain permanent earache for almost a yr is not fun
2.1890773973367526,4.968836625743501,0.4166377870916417,6.021830311014673,0.7570750731188783,0.4564457381099711,0.531783912102874,0.8597465537892915,0.42361446165595035,0.3251063040344395,2.0,0.06821608789712597,0.6009504159810846,0.4739486540018274,2,well i ve made it in to college i may have little makeup on and comfy clothes and drank alcohol to fall asleep last night but at least i m out of bed i don t want this depression anymore
3.9752737617373755,7.722802728825278,0.19603539667278042,1.0,0.3025319732530277,0.2851574515512968,0.5400984795316794,0.24703382660043272,0.14611807372058486,0.9276878894924512,0.0,0.44009847953167947,0.06138327181869328,0.958864222270073,0,paradisej cool i will their are all kind of complaint about this laptop online about overheating but no recall
3.5642442323711547,5.501103640892287,0.3772177677342155,3.155095436105473,0.3858505937847087,0.2667643674711656,0.4566152739770091,0.18055478010751322,0.20221427460703456,0.8072843462368966,0.0,0.09661527397700909,0.03209837796677001,0.7997681007677807,1,just did km on the tready and want to die i m not built for running
4.195284640503516,7.853339594030961,0.11775221565398944,2.1459576209711724,0.20106318924726108,0.03908488346845083,0.14083706489133885,0.5694737224001902,0.08858369997102819,0.9729788105114676,0.0,0.04083706489133887,0.0,0.8974710216440875,0,it not enough to say that imiss u
1.0,4.639100788315438,0.5670035360005878,8.674150392857632,0.3761944535333332,0.6575113583930233,0.8724269241679354,0.9436788544221296,0.3759681341207916,0.3310519260188979,2.0,0.27242692416793546,0.32234214185264487,0.5292188856535178,2,m f we are currently dating for like month i mean we had sex timesim sure that i do love her a lot and she doe to but i don t want to get in a relationship now cuz i have trust issue it not about her i swear to god but i mean i dont want to think of her in a bad way i dont want to think that she is sleeping with a random dude at this moment i think she is cheating on me for no reason d even though we are not in a relationship and we didn t talk about it actually i am just jealous or have trust issue and i d
1.8043477373291539,6.295285609965319,0.2640410935153435,6.074072232410519,0.6443599582634825,0.5966555690093661,0.705472442910464,0.5796153200295984,0.6125045634553655,0.4457029067000799,1.0,0.10547244291046398,0.36962525080066505,0.457629889242714,2,depression and anxiety is a bitch i envy those people who don t have it
2.308527858044278,7.151191446811972,0.7250761163698201,5.836902851204209,0.44266690959646193,0.6061778598628349,0.8324956455714685,1.0,0.5436789831816342,0.48777127029601425,4.0,0.2324956455714685,0.4945200096153178,0.4551863049094503,2,school work talent cultural knowledge relationship health physical appearance there s always someone better than me and no matter how hard i try the result are mediocre nothin outstanding i shouldn t have existed everything i ve done amount to nothing
2.6749498767001954,7.48539460073214,0.6278649065473298,5.678735769243696,0.6176191783334372,0.3814913831836363,0.6882257600905126,0.5313314782898835,0.511125444216938,0.4014508921063016,4.0,0.08822576009051264,0.5518627017384401,0.5850536270315982,2,i feel so trapped been through a divorce that s completely breaking me financially i have no friend and i work too much to make them i wa dating a lady fell hard for her and i can t move past her or get over her since we work directly with each other my job is a fairly uncommon one so i don t have much opportunity for another one that s pay a well i m completely stuck and i just want to be done with all of life s bullshit that s all i ever get handed is bullshit
1.4721536607855992,7.8615031046845,0.2778561716717328,4.721073367382297,0.326749036660568,0.6575108669002996,0.8914003676433073,0.7432674603541168,0.507999349559113,0.5586045077268497,3.0,0.29140036764330735,0.541977396426122,0.34478651902125984,2,i literally feel empty and hollow i feel like i m slowly just losing touch of what it mean to be alive i had people to talk with for awhile and it wa great it made me smile knowing i wasn t lonely anymore but look like that disappeared from me the one i talk to just stopped no concern no care just treated a a stranger that really broke my heart i feel so sad and unmotivated about anything anymore it such bad timing because i figured what i wanted to do in life and this come to weigh me down i literally feel
2.6534342617838114,5.90524170168065,0.10867456673855125,1.903820023943258,0.6482415665851172,0.3392795533238492,0.6084161206727232,0.0,0.17746022444872206,0.7419612899845578,3.0,0.24841612067272323,0.19632602038895178,0.7234094530272273,1,fanofbsb ever sorry you missed it
1.9826520392753537,2.2167366870941683,0.4785967944327896,7.096684771745656,0.7682509845724226,0.5158134779344326,0.8156614895134149,1.0,0.6177942673131246,0.6014454141405609,2.0,0.2156614895134149,0.36488186282759766,0.4815289355903381,2,simple holding gun to head purposely overdosing and ending up in the hospital more complex standing in the kitchen holding a knife searching the house for anti nausea pill to keep down the rest of the pill writing contact info on a sticky note to keep on your person so the cop can identify the body when doe one cross that line what defines a crisis
4.673992437109096,5.847848084327616,0.045637305654051434,1.0,0.015094963353425347,0.2680769678694189,0.543353219198212,0.0,0.02574250704714258,0.6935257135749459,0.0,0.443353219198212,0.04104259798618533,0.8562596229258639,0,in bed i suddenly feel i wish ma wa here w me goodnight twitterfam
2.462616144164654,5.641551764121065,0.5507358097240058,7.844577847738382,0.44582859592537105,0.4218531326798486,0.8248866883127575,0.7589488700270121,0.5457324158461035,0.48017238027385833,1.0,0.2248866883127575,0.5268508527799075,0.6365091233729726,2,could a man with depression own and operate an air fryer didn t think so
4.134224622719313,7.39713987390298,0.0495144159461251,1.0058955280165363,0.05525853878441388,0.08691860325667838,0.0,0.561115427021581,0.33948867047465614,0.9277450485845752,0.0,0.09999999999999998,0.07462263668761118,0.8340794044018479,0,duskyazure least u got lie in i ve bn up way long mr woke up at am this morning amp dragd me out of slumberlnd the same time
2.7988612270777256,6.3833467853865375,0.45432130505937784,4.962686658632254,0.4914145492657134,0.5663307315542957,0.8416805600179824,0.9420014112905257,0.45420073612221695,0.40107949492821343,1.0,0.24168056001798244,0.4486797065590395,0.4506674519712991,2,adhd autism and depression are a real nasty combo
3.287007389314444,5.817157105324861,0.11087877879039032,3.9157456608332457,0.2529843374293472,0.2298586921062163,0.23456711271940212,0.28154387761359917,0.13676718585524522,0.6335325243547214,1.0,0.12543288728059787,0.2872950187931067,0.607897282449893,1,i dont want to go to school tomorrow for an exam after having one and a half week off
1.8251999202165576,3.7080527864508763,0.43969603703110943,6.167372202551519,0.4457756295176659,0.5680422865082037,0.8306129560325519,0.711260297021162,0.5961286496011798,0.410875771984491,4.0,0.23061295603255194,0.49004328411761583,0.38323822640877836,2,it turned into a fear of leaving the house or even driving a mile away from fear of having a panic attack it just getting terrible and it just so much to take like month ago i wa living in a big city walking mile to and from work by myself on a busy street no problem now im terrified of even driving a couple mile to a gas station without fear of a terrifying panic attack
3.1460856363725327,5.9163842005807,0.21666348171220495,3.1058049313379392,0.372102723704306,0.2345268679809785,0.5763568399584211,0.03793582086112904,0.0,0.47899755855399334,0.0,0.21635683995842114,0.1008893213839204,0.5584445948298788,1,while i do enjoy my job very much it always nicest outside when i m indoors
1.7166032121986154,5.460626113698939,0.43557371822323926,4.2378406327703635,0.2773958097733156,0.5812365578835748,0.5974993484896843,0.6863771955939656,0.7175573184569076,0.5365225820250624,6.0,0.0025006515103156435,0.4975058596704447,0.6431314217646816,2,it s been year since i ve any kind of intimate relationship i ve tried over and over and over to get a girl of any kind and it always end the same they leave me on read or open within two day and honestly i m just a huge loser and i m ready to crash my car and die so if anyone would like to know why i did it there it is i m a fucking failure
4.281159994771485,6.481628368371306,0.20348142671995825,1.0,0.02837827890949554,0.2490111201491859,0.41509229691219274,0.3084143366484149,0.0,1.0,0.0,0.31509229691219276,0.12872847816043348,0.9561214798890262,0,ugh i can t sleep because i m not feeling so great
2.6624309845167113,4.923199268545691,0.5016442084655672,4.996369442547808,0.3598391345435269,0.5350164049388009,0.8266556958690373,0.6324001155207561,0.5371618691281793,0.46541173307027767,6.0,0.22665569586903733,0.4012897791406614,0.2432926498217144,2,this always fucking happens i don t want to be sad i m a happy person this happens to me a few time a year and it s unbearable i don t want to die but this really hurt randomly and i hate it i promise i m not a sad person
2.9654468110377725,6.664542415161763,0.1700390009442623,1.2011551472254407,0.1709524509356598,0.21306490931111538,0.6381366549608027,0.317275094920002,0.15616239765798506,0.4575461400937949,1.0,0.27813665496080275,0.26865679219212596,0.6463902236696822,1,just came back from college assignment really pile up like shit so dead tired
3.8268999893132065,7.81021509767306,0.23695068426499696,1.0,0.13694157974827603,0.09658150074547969,0.12918358558518436,0.38343085762145407,0.054203320011388056,1.0,0.0,0.029183585585184385,0.31625232179608775,1.0,0,nmcgivney yeah ploughed around there last night but nothing happening
2.5010915844683006,7.847831100755715,0.18138302989545624,4.169264289753151,0.2233280785103044,0.4525386195541118,0.6012643529065624,0.0,0.21313927798393467,0.5509090944771545,2.0,0.24126435290656245,0.1663655820186084,0.5843813456472245,1,i ate so many cooky that i think i m hallucinating
1.0,4.088523330224199,0.565674988613112,6.817312549756631,0.8384988795692698,0.7432771534673833,0.8019548626469714,0.8009504421549035,0.834893638429411,0.34270961252120974,3.0,0.04195486264697135,0.5703764878633788,0.2289516846893626,3,hi everyone my life s pretty difficult now i hate it i feel like i can t do nothing about it i ve been unemployed for about month i quit my job because it wa a hell hole literally a hell hole they treated me like shit it wa toxic i got physically and mentally sick but i kept pushing until the point were i physically couldn t get up in the morning so i quit i ve been battling health issue and depression ever since i quit my family and friend are shaming me and trying to force me to look for a job i m just no
1.234516816428703,3.8370582402718103,0.5513948945000022,6.012715788932585,0.5440919096129533,0.7036909368154639,0.799532936602793,1.0,0.4961041882891664,0.4132968426669441,1.0,0.19953293660279303,0.31452419218121375,0.35948671220753614,2,i havent left my house in week i quit my job i spend a good of my day cry i dont know what s happening to me my skin took a complete 0 this year and destroyed any little self confidence i had left ha anyone else felt like this before all i can think about is my skin it taking up my life not only is it unbearable to look at it s painful and itchy and i can not afford a dermatologist looking at myself in the mirror always result in a full blown panic attack i end up hyperventilating on the floor i have cried 
2.9956397009362368,7.068550126605014,0.12156074868475625,4.627640689175307,0.12673263459501846,0.25605187785224137,0.25570212820135463,0.4451583083963596,0.024477792099125192,0.795857015196923,4.0,0.10429787179864536,0.32793092774124116,0.9479685198192939,1,i miss the glass house but thankfully pretty much every moment of it ha been uploaded onto youtube
1.5842933601126297,5.0516591821336485,0.7687020379771087,6.984244639436804,0.7428402766356603,0.8514060505122821,0.7213672127346757,1.0,0.8494603620286965,0.18228898715910932,7.0,0.038632787265324264,0.6154243249085233,0.3098056938621007,3,been a stressful few week dealing with my college that overcharged me and now won t help me with getting the money back bank lost the check i asked the college if they could cancel the check and refund the money to my bank account but the lady who answered the phone at the college blamed me for not knowing what a check is and said that s my problem hence i had to keep calling the bank again and again w no answer to rectify the situation when they did pick up the bank blamed me for not notifying them that th
1.8647778869861866,6.570941287927003,0.5814686538842044,5.428785961834779,0.37648172791930223,0.5466199465279803,0.8226972814157628,0.6126777903519445,0.5398028217524213,0.41403475977201454,1.0,0.22269728141576284,0.29809069128160126,0.4902133067513461,2,sorry if this is the wrong place but i couldnt think where else to ask lol this is a uk based question i got prescribed med during a phone appointment the other day when they said they would send the prescription in the post i thought they might mean the medication itself and wa kind of surprised but now i think they just meant i d get sent the prescription form in an envelope bc that s what s arrived but they didn t say anything about what to do with it or where to take it i ve only ever been handed a pres
2.2892380275122126,6.432793028011734,0.5771510261923531,5.190891273811698,0.36683266467187725,0.38386361863935214,0.8835898810383255,0.6303086731381804,0.573769162400978,0.49972834871849536,7.0,0.2835898810383255,0.3702096583770095,0.4348936149457448,2,just being so nervous around every person and my move and action i just have no idea it came back so strong i m so sad it s everyday is a battle if i have to leave the house idk how i ever got this maybe i always have
1.9637030258858326,4.94268269789219,0.32211757390811907,4.2741188662176866,0.5584244420817385,0.5783219543684438,0.7908642159826829,0.6670160728743285,0.4316719637499519,0.3559539898343431,5.0,0.19086421598268288,0.4249677399218602,0.491055063430208,2,in this meta analysis their finding indicate that at a long follow up interval both positive effect such a a mild improvement in anxiety and depression and negative effect such a a decrease of long term memory verbal fluency and executive function are observed
2.582473274318875,5.375646281206572,0.6262612841080717,3.41708645152263,0.46650293872990417,0.7647939815478622,0.8214768990282507,0.665803648241294,0.2522184147156243,0.42025874031024396,2.0,0.22147689902825074,0.47619716878716756,0.38015406728085066,2,i ve had thought of not wanting to exist for a while but i ve been very much in denial to myself and when spoken to by others about my desire to stop existing i know i also make joke on occasion and yet when i vent it s like i m annoying the people around me or pushing them away because they don t want to hear about my problem they want me to be a happy strong pillar for them who always listens when they need not the other way around i spoilered this a nsfw because it s for one triggering and for two i d li
2.4351785257105947,4.67107611396777,0.5796632719015847,4.657695761464577,0.5053612973703117,0.5853855666882418,1.0,0.4985603862377931,0.561513958986069,0.3994843454658834,2.0,0.4,0.5311337622497266,0.37007119596454535,2,i have been trying to drop in on a ramp every time i do it in the last second i lean back and fall i can simulate it in my head but my fear or anxiety prevents me i literally went skydiving last week but i can not get myself to do a simple trick i ve fallen plenty of time so what s the worst thing that can happen it s weird how fear is relative i go skydiving one week and the next week i get nervous while driving or when talking to a girl one ha more fatal consequence while the other one just make me nervou
1.0464344770053766,5.026202899376038,0.8664765174800161,4.862277877160856,0.8263552370673017,0.7200108006529778,0.6508169374727235,0.7540423478709598,0.8169644634029462,0.19607143445708222,7.0,0.1091830625272765,0.7297071175636616,0.012187026163863801,3,new podcast alert surreyscorchers guard cayraf9 join the mvp cast to reveal his retirement plan and how he dealt with depression by learning to speak up http t co s t9b dvs
4.016816877551902,6.094758346718719,0.31048605763260306,2.988886626987166,0.2928514631980764,0.1135982171370175,0.2842491751942243,0.05385899986330969,0.10899285008848549,0.910446403344416,0.0,0.18424917519422435,0.047698399621521094,0.9287884100807149,0,found a nice lake side park with a small beach but no grill oh well i ll have to keep looking another time
2.92660770771891,8.119861044073478,0.49153061235768675,1.0,0.35980289113079644,0.4065300853611432,0.3623514420038404,0.10320556088097935,0.11377766514720117,0.5379601473731148,0.0,0.0023514420038404094,0.0,0.7190910967925583,1,spring break is here at last but no one is here to celebrate
4.597663104141656,8.690292842077346,0.16549275530406488,1.0,0.014872809777808874,0.10131789680111061,0.10503805614216497,0.0,0.0,0.8071962298528222,0.0,0.005038056142164987,0.17903790829926142,0.9017442578108782,0,stephenkruiser i am so sorry to hear that take care
1.9632467935232072,6.540276039102615,0.6359662390942117,7.393582103168406,0.5192468851068226,0.5562748350923744,0.8141592576768862,0.7611282323728411,0.5704200289426418,0.5401062852037726,5.0,0.21415925767688626,0.29344397104280817,0.4748466555406705,2,aahmddr gradyymk perso c est ce que j ai fais il m ont meme pa un irm apres examen il ont d clar que j avais rien j ai donc t contrainte de prendre une pillule qui m a fait tomber en d pression et an apr s avoir chang de pillule pour une plus soft avec un cycle de j
5.0,8.616995182540649,0.10134198866066643,1.0,0.08999992829075223,0.2657973294606109,0.06958407209335474,0.5227931214898787,0.24446860087029942,0.8822401568456754,0.0,0.03041592790664524,0.013188187716862088,0.8053548434123574,0,moony 9 i think i will be even more in denial after i watch
3.4549391004318704,7.084885358980288,0.31997626854480055,4.203704444393755,0.26708470036377896,0.24797508992479741,0.19758113478155442,0.17650690278957024,0.0934509121379225,0.6167737325884333,0.0,0.16241886521844556,0.3652229353379812,0.6852735410716084,1,why oh why wa the red sox game rained out i wa so looking forward to opening day
3.437008148704479,5.468556868038803,0.306404833181266,1.5452407423869583,0.3202789933668346,0.20923520837066462,0.25357304774732065,0.2166580130782541,0.08967149966089724,0.6719597570138017,3.0,0.10642695225267934,0.06851884362402824,0.5650371262761493,1,is still waiting for a dispatch and just got up about an hour ago after sleeping hour guess i ll go back to bed
5.0,6.922283985652542,0.07001133178691786,1.5835948643987132,0.11172621639786859,0.0,0.03574293189430988,0.1692971299194583,0.1588654746377577,0.9027181745647122,0.0,0.0642570681056901,0.0,0.9089324185820155,0,running nose spinning head not a good combination for a meeting
1.913479918693005,4.8773053012038465,0.6875010309686085,4.631257762337743,0.5477014000835402,0.5392393085229701,0.6960537896277367,0.7688707042688886,0.5879457681995744,0.5194894542887539,1.0,0.0960537896277367,0.5042624578645486,0.44903530749977294,2,theekween it help with heart break trauma anxiety depression and pain of losing a loved one thelmasherbs
5.0,7.636529929645616,0.0,1.0,0.40618355847554766,0.15874030198274885,0.13758685200681203,0.06755705409051235,0.18868037107289395,1.0,0.0,0.037586852006812055,0.2720618891889296,0.8569952928137696,0,can t believe cutner is dead on house sad day in santa rosa ca http loopt u orpl a
4.308679518044476,7.181362223569845,0.11861528663690077,1.0,0.49135372137257105,0.0,0.11532628643478432,0.3883411398273087,0.21572504167901052,0.8089073188971925,0.0,0.015326286434784342,0.1943455309085541,1.0,0,trying to extend reading the watchman by not reading it at all i dont want it to end
3.017074168515247,6.210934327216697,0.2618491092150613,5.538880488974084,0.286710768920709,0.4564026165051978,0.13818938716094625,0.0,0.052025383563559235,0.6837524684625849,3.0,0.22181061283905373,0.2848235873253699,0.6497496783747514,1,stupid arranged marriage i ll convert so you can marry me love you
2.9251584390336296,7.013572021132304,0.21021090545147217,4.1453853347246055,0.3448694443721732,0.4594804134558933,0.4899579676220842,0.0,0.10920685635923298,0.8893080721288127,1.0,0.12995796762208423,0.19940541917698018,0.664594640749268,1,dweeman why aren t you a happy camper
3.4421887750713367,8.74736662535761,0.35641826641297647,3.9035185234576724,0.22722953722934075,0.21318040445753056,0.38633886758416025,0.20214176875394801,0.2520356379480264,0.5577488496373244,2.0,0.026338867584160264,0.2572850251193102,0.6642291317173297,1,i totally have like four girl option and none of them seem viable
3.4141896555388516,6.161922883943418,0.17071598390972156,3.7514194468396154,0.426030523512689,0.1621225081121821,0.01422241776451405,0.0,0.12156822878432022,0.6262969418698574,0.0,0.34577758223548594,0.38204319137419807,0.5667956830607317,1,marge inovera i tried tweetdeck once and i hated it with a passion or it hated me i m not sure
1.8979914215677152,7.781145405160991,0.46274578564782703,5.593491418076027,0.559567043930259,0.6269304167503427,0.6541816674941475,0.8170244725054592,0.6114583998806405,0.5095481266487428,2.0,0.054181667494147545,0.415470262930555,0.4361090696379114,2,it s so strange waking up everyday with this sense that you want thing to go back to the way they were like your brain ha it own lil trumpster lying to you telling you your childhood wa better before or you were happy before you started this job etc the truth is it s always sucked though lol there are brief moment now where you feel like thing are okay but it s more of a lack of feeling i ve always thought i wa broken because this ha been my constant state since i wa so small i thought i d grow out of it or
2.9773924028308483,6.150129570213136,0.41945446020843086,5.060420976499046,0.6688362906898495,0.2202956111664666,0.3794862570692517,0.0,0.010001734193512996,0.7647536255319222,0.0,0.019486257069251722,0.1992795337364032,0.7650902466762299,1,living not downtown sure isn t much fun
3.4428123860079225,6.658750148755775,0.11357294183201344,2.701751062943446,0.4340221840499777,0.4101022925787101,0.5080385997986997,0.08918696428690952,0.1370049572334998,0.86611277789711,2.0,0.1480385997986997,0.33307491075926365,0.7516446459589377,1,if you have a computer which isn t doing much or a cpu core not doing much if you re technical get in touch i need processing power
4.566489109213608,7.291049960408055,0.2538324173186849,3.3581016375440287,0.19267798929880664,0.1510761765459686,0.1867348447402764,0.3119699867224634,0.0,0.9473657419355291,0.0,0.08673484474027643,0.0317333901310267,0.8981989124633508,0,ughh can t find my red sox hat got ta wear this creepy nick pirro version
2.295769750180544,7.038125712792803,0.6793869978632648,6.61250224082759,0.7229378015252242,0.5817900444937125,0.7301065973155625,0.7745767845867627,0.5372789806840779,0.4976984714085571,1.0,0.1301065973155625,0.39156704031359446,0.5242138459564943,2,my spouse say they are a highly sensitive person based on some reading that they have done they re also a mental health professional so they may not be jumping to conclusion too soon but i have some concern they have a lot of mood swing low self esteem and self confidence when they re not working they re almost always doom scrolling on instagram they have no interest in outdoor activity and they re also easily affected by the issue of client they see a a part of their job i see all this and tell them that t
1.9981217167821967,5.213184898078417,0.4788473350279792,7.232504609463286,0.3714881923205885,0.6286190792599397,0.890094475620943,0.8355392560469371,0.5749914588282313,0.5547040912855249,0.0,0.29009447562094304,0.48042827730487403,0.5099809539978565,2,i have got work related anxiety and having a tough time to understand if i should leave this job project and join another company or project why this decision is to be made i am kinda the wiz kid in the project who know everything and everyone is kind of dependent on me which put me in a spot where i can fail alot i am trying to decide what is the right thing to do i am in therapy a well i get triggered whenever i think about work and now it ha become something that happens whenever i think of some big deci
1.9207003610000462,5.392408443561598,0.5101705103400301,6.047796914814227,0.30048878876897145,0.5256858470023876,0.841762171737805,0.5870195804036393,0.455538827140453,0.4135362711549431,6.0,0.241762171737805,0.4688727425035725,0.4316043780125516,2,i have no one to tell this so i want to throw it here maybe i will delete it my mind kill me but i just wanted to let some guy see what i struggle with my entire life i wa a disgrace i am not able to run like others to shitty reflex an ugly body a weak brain had a terrible social life that my entire life i dreamed about being noticed by the people smiling finding some people that can bear my voice what flow from my mouth but thats the long story i wanted to move out of my country to europe but i failed agai
3.7127387497264444,10.636389945267263,0.02644224182680492,4.30234384133244,0.15561985829842373,0.21581730992138426,0.25527402866911786,0.03870044432169964,0.05055330204467781,0.934099989774144,0.0,0.15527402866911788,0.0,1.0,0,megan equal murder
4.344976574830076,8.700700694369289,0.11675162457562532,1.0,0.19907408116292943,0.0,0.0,0.0,0.0,1.0,0.0,0.09999999999999998,0.02233676627048109,0.9226340684548657,0,jonathanrknight you sure did do some tweet and i missed them glad to see you re enjoying urself always nice to hear from you x
1.38690540038737,4.94342521384033,0.8673245846622222,4.238729227241916,0.7048503897863889,0.8478820152230184,0.8058116124047635,0.6918445299734668,0.6529556221652656,0.1788414731871544,9.0,0.0458116124047635,0.5200530022204793,0.06644447953743296,3,this is just a bad pain day but it s really hard not to sink into a deep depression again over how these day are just going to be part of my life for the foreseeable future because there s no cure for pot and the treatment is mainly eat more salty food
1.340983145039091,6.194114791760313,0.6063165710679268,6.220789083099416,0.6442777925486638,0.6225974302271307,0.576069515694335,0.3298655585715451,0.6221880992743952,0.4179871047503652,2.0,0.023930484305665023,0.2976170970162758,0.5621876279739335,2,after over year of dealing with daily anxiety i feel like i need to heed my doc advice and get on medication i know a lot of people will say that it s not but i feel like a loser and a weak person for not having enough strength to overcome my anxiety alone i look in the mirror every day and hate myself for not being able to get past this for sickening year i ve been trying to deal with this on my own every night i go to sleep exhausted saying the next day will be different sometimes i have better day most d
1.4556200289408747,3.2369994280947347,0.7778846266837848,6.243178749769462,0.7492861364631029,0.5929094175351906,0.8422888750721805,0.6160409879495189,0.802998690389398,0.2492075246436905,3.0,0.08228887507218052,0.47881012900187847,0.22126301409065596,3,i ve lost year of my life to the pandemic i became a slob i forgot how to care for basic hygiene and everything i own is tight and uncomfortable i have no job or any motivation to find one i waste away everyday but during all of the last two year i had supportive friend and i think i finally overdid it yesterday a friend of mine who i m closest to called me lazy she know about my depression my bad reaction to medication which made me stop taking them and how i m treated a a sub human at home and yet she cal
3.2269839329230705,5.898252142404833,0.22312152526073004,2.0258090986771133,0.21632576654732108,0.19901206126413232,0.28829556452926397,0.0,0.1242029037755596,0.759608524150913,0.0,0.07170443547073602,0.20874961376813386,0.6230629478211264,1,justgelo it sad knowing how they found her body what a crazy world we live in no child deserves that ya know
